User_ID,Age,Gender,Height_cm,Initial_Weight_kg,Initial_BMI,BMI_Category_x,Body_Fat_Category,Body_Fat_Percentage_x,Goal,Workout_Frequency,Average_Duration_Minutes,level,Badminton,Football,Basketball,Volleyball,Swim,Week,Weight_kg,BMI,Body_Fat_Percentage_y,Daily_Calories,Daily_Water_ml,Target_Protein_g,Target_Carbs_g,Target_Fat_g,Limit_Sugar_g,Target_Fiber_g,Limit_Cholesterol_mg,Target_Calcium_mg,Meal_Frequency,BMI_Category_y
1,45,Male,169,122,42.72,Obese,5.0,49.3,Weight Loss,4,90,Intermediate,1,1,0,0,0,0,122.0,42.72,49.3,2687,5170,268,201,89,67,37,300,1000,5,Obese
1,45,Male,169,122,42.72,Obese,5.0,49.3,Weight Loss,4,90,Intermediate,1,1,0,0,0,1,120.85,42.31,48.7,2687,5170,268,201,89,67,37,300,1000,5,Obese
1,45,Male,169,122,42.72,Obese,5.0,49.3,Weight Loss,4,90,Intermediate,1,1,0,0,0,2,120.16,42.07,48.2,2687,5170,268,201,89,67,37,300,1000,5,Obese
1,45,Male,169,122,42.72,Obese,5.0,49.3,Weight Loss,4,90,Intermediate,1,1,0,0,0,3,119.08,41.69,47.6,2687,5170,268,201,89,67,37,300,1000,5,Obese
1,45,Male,169,122,42.72,Obese,5.0,49.3,Weight Loss,4,90,Intermediate,1,1,0,0,0,4,117.79,41.24,47.2,2621,5022,262,196,87,65,36,300,1000,5,Obese
1,45,Male,169,122,42.72,Obese,5.0,49.3,Weight Loss,4,90,Intermediate,1,1,0,0,0,5,117.25,41.05,46.8,2621,5022,262,196,87,65,36,300,1000,5,Obese
1,45,Male,169,122,42.72,Obese,5.0,49.3,Weight Loss,4,90,Intermediate,1,1,0,0,0,6,116.49,40.78,46.5,2621,5022,262,196,87,65,36,300,1000,5,Obese
1,45,Male,169,122,42.72,Obese,5.0,49.3,Weight Loss,4,90,Intermediate,1,1,0,0,0,7,115.5,40.44,45.7,2621,5022,262,196,87,65,36,300,1000,5,Obese
1,45,Male,169,122,42.72,Obese,5.0,49.3,Weight Loss,4,90,Intermediate,1,1,0,0,0,8,114.74,40.17,44.9,2574,4916,257,193,85,64,36,300,1000,5,Obese
1,45,Male,169,122,42.72,Obese,5.0,49.3,Weight Loss,4,90,Intermediate,1,1,0,0,0,9,113.8,39.85,44.2,2574,4916,257,193,85,64,36,300,1000,5,Obese
1,45,Male,169,122,42.72,Obese,5.0,49.3,Weight Loss,4,90,Intermediate,1,1,0,0,0,10,112.39,39.35,43.4,2574,4916,257,193,85,64,36,300,1000,5,Obese
1,45,Male,169,122,42.72,Obese,5.0,49.3,Weight Loss,4,90,Intermediate,1,1,0,0,0,11,111.73,39.12,42.6,2574,4916,257,193,85,64,36,300,1000,5,Obese
1,45,Male,169,122,42.72,Obese,5.0,49.3,Weight Loss,4,90,Intermediate,1,1,0,0,0,12,110.84,38.81,41.9,2514,4779,251,188,83,62,35,300,1000,5,Obese
2,31,Male,177,81,25.85,Overweight,3.0,22.1,Muscle Gain,4,45,Intermediate,1,0,0,0,0,0,81.0,25.85,22.1,3037,3285,227,379,67,75,42,300,1000,5,Overweight
2,31,Male,177,81,25.85,Overweight,3.0,22.1,Muscle Gain,4,45,Intermediate,1,0,0,0,0,1,81.13,25.9,21.9,3037,3285,227,379,67,75,42,300,1000,5,Overweight
2,31,Male,177,81,25.85,Overweight,3.0,22.1,Muscle Gain,4,45,Intermediate,1,0,0,0,0,2,81.39,25.98,22.0,3037,3285,227,379,67,75,42,300,1000,5,Overweight
2,31,Male,177,81,25.85,Overweight,3.0,22.1,Muscle Gain,4,45,Intermediate,1,0,0,0,0,3,81.61,26.05,21.9,3037,3285,227,379,67,75,42,300,1000,5,Overweight
2,31,Male,177,81,25.85,Overweight,3.0,22.1,Muscle Gain,4,45,Intermediate,1,0,0,0,0,4,81.65,26.06,21.6,3047,3307,228,380,67,76,42,300,1000,5,Overweight
2,31,Male,177,81,25.85,Overweight,3.0,22.1,Muscle Gain,4,45,Intermediate,1,0,0,0,0,5,81.82,26.12,21.4,3047,3307,228,380,67,76,42,300,1000,5,Overweight
2,31,Male,177,81,25.85,Overweight,3.0,22.1,Muscle Gain,4,45,Intermediate,1,0,0,0,0,6,81.93,26.15,21.3,3047,3307,228,380,67,76,42,300,1000,5,Overweight
2,31,Male,177,81,25.85,Overweight,3.0,22.1,Muscle Gain,4,45,Intermediate,1,0,0,0,0,7,82.13,26.22,21.4,3047,3307,228,380,67,76,42,300,1000,5,Overweight
2,31,Male,177,81,25.85,Overweight,3.0,22.1,Muscle Gain,4,45,Intermediate,1,0,0,0,0,8,82.25,26.25,21.2,3057,3328,229,382,67,76,42,300,1000,5,Overweight
2,31,Male,177,81,25.85,Overweight,3.0,22.1,Muscle Gain,4,45,Intermediate,1,0,0,0,0,9,82.4,26.3,21.0,3057,3328,229,382,67,76,42,300,1000,5,Overweight
2,31,Male,177,81,25.85,Overweight,3.0,22.1,Muscle Gain,4,45,Intermediate,1,0,0,0,0,10,82.5,26.33,20.9,3057,3328,229,382,67,76,42,300,1000,5,Overweight
2,31,Male,177,81,25.85,Overweight,3.0,22.1,Muscle Gain,4,45,Intermediate,1,0,0,0,0,11,82.64,26.38,20.7,3057,3328,229,382,67,76,42,300,1000,5,Overweight
2,31,Male,177,81,25.85,Overweight,3.0,22.1,Muscle Gain,4,45,Intermediate,1,0,0,0,0,12,82.89,26.46,20.6,3066,3351,229,383,68,76,42,300,1000,5,Overweight
3,24,Female,157,80,32.46,Obese,5.0,38.7,Weight Loss,4,90,Intermediate,1,0,1,0,1,0,80.0,32.46,38.7,1825,3700,182,136,60,45,25,300,1000,4,Obese
3,24,Female,157,80,32.46,Obese,5.0,38.7,Weight Loss,4,90,Intermediate,1,0,1,0,1,1,79.22,32.14,38.4,1825,3700,182,136,60,45,25,300,1000,4,Obese
3,24,Female,157,80,32.46,Obese,5.0,38.7,Weight Loss,4,90,Intermediate,1,0,1,0,1,2,79.21,32.14,37.9,1825,3700,182,136,60,45,25,300,1000,4,Obese
3,24,Female,157,80,32.46,Obese,5.0,38.7,Weight Loss,4,90,Intermediate,1,0,1,0,1,3,78.14,31.7,37.3,1825,3700,182,136,60,45,25,300,1000,4,Obese
3,24,Female,157,80,32.46,Obese,5.0,38.7,Weight Loss,4,90,Intermediate,1,0,1,0,1,4,77.25,31.34,36.9,1782,3603,178,133,59,44,24,300,1000,4,Obese
3,24,Female,157,80,32.46,Obese,5.0,38.7,Weight Loss,4,90,Intermediate,1,0,1,0,1,5,76.55,31.06,36.4,1782,3603,178,133,59,44,24,300,1000,4,Obese
3,24,Female,157,80,32.46,Obese,5.0,38.7,Weight Loss,4,90,Intermediate,1,0,1,0,1,6,76.06,30.86,35.7,1782,3603,178,133,59,44,24,300,1000,4,Obese
3,24,Female,157,80,32.46,Obese,5.0,38.7,Weight Loss,4,90,Intermediate,1,0,1,0,1,7,75.88,30.79,35.2,1782,3603,178,133,59,44,24,300,1000,4,Obese
3,24,Female,157,80,32.46,Obese,5.0,38.7,Weight Loss,4,90,Intermediate,1,0,1,0,1,8,75.33,30.56,34.7,1752,3536,175,131,58,43,24,300,1000,4,Obese
3,24,Female,157,80,32.46,Obese,5.0,38.7,Weight Loss,4,90,Intermediate,1,0,1,0,1,9,75.13,30.48,34.3,1752,3536,175,131,58,43,24,300,1000,4,Obese
3,24,Female,157,80,32.46,Obese,5.0,38.7,Weight Loss,4,90,Intermediate,1,0,1,0,1,10,74.4,30.18,33.6,1752,3536,175,131,58,43,24,300,1000,4,Obese
3,24,Female,157,80,32.46,Obese,5.0,38.7,Weight Loss,4,90,Intermediate,1,0,1,0,1,11,73.85,29.96,33.0,1752,3536,175,131,58,43,24,300,1000,4,Overweight
3,24,Female,157,80,32.46,Obese,5.0,38.7,Weight Loss,4,90,Intermediate,1,0,1,0,1,12,73.38,29.77,32.3,1722,3468,172,129,57,43,24,300,1000,4,Overweight
4,37,Male,190,45,12.47,Underweight,1.0,5.2,Muscle Gain,2,90,Beginner,1,1,0,0,0,0,45.0,12.47,5.2,2304,2475,172,288,51,57,32,300,1000,5,Underweight
4,37,Male,190,45,12.47,Underweight,1.0,5.2,Muscle Gain,2,90,Beginner,1,1,0,0,0,1,45.07,12.49,5.0,2304,2475,172,288,51,57,32,300,1000,5,Underweight
4,37,Male,190,45,12.47,Underweight,1.0,5.2,Muscle Gain,2,90,Beginner,1,1,0,0,0,2,45.14,12.5,5.0,2304,2475,172,288,51,57,32,300,1000,5,Underweight
4,37,Male,190,45,12.47,Underweight,1.0,5.2,Muscle Gain,2,90,Beginner,1,1,0,0,0,3,45.34,12.56,5.0,2304,2475,172,288,51,57,32,300,1000,5,Underweight
4,37,Male,190,45,12.47,Underweight,1.0,5.2,Muscle Gain,2,90,Beginner,1,1,0,0,0,4,45.47,12.59,5.0,2310,2491,173,288,51,57,32,300,1000,5,Underweight
4,37,Male,190,45,12.47,Underweight,1.0,5.2,Muscle Gain,2,90,Beginner,1,1,0,0,0,5,45.58,12.63,5.1,2310,2491,173,288,51,57,32,300,1000,5,Underweight
4,37,Male,190,45,12.47,Underweight,1.0,5.2,Muscle Gain,2,90,Beginner,1,1,0,0,0,6,45.83,12.7,5.0,2310,2491,173,288,51,57,32,300,1000,5,Underweight
4,37,Male,190,45,12.47,Underweight,1.0,5.2,Muscle Gain,2,90,Beginner,1,1,0,0,0,7,45.97,12.73,5.0,2310,2491,173,288,51,57,32,300,1000,5,Underweight
4,37,Male,190,45,12.47,Underweight,1.0,5.2,Muscle Gain,2,90,Beginner,1,1,0,0,0,8,46.15,12.78,5.0,2319,2515,173,289,51,57,32,300,1000,5,Underweight
4,37,Male,190,45,12.47,Underweight,1.0,5.2,Muscle Gain,2,90,Beginner,1,1,0,0,0,9,46.37,12.85,5.0,2319,2515,173,289,51,57,32,300,1000,5,Underweight
4,37,Male,190,45,12.47,Underweight,1.0,5.2,Muscle Gain,2,90,Beginner,1,1,0,0,0,10,46.55,12.89,5.0,2319,2515,173,289,51,57,32,300,1000,5,Underweight
4,37,Male,190,45,12.47,Underweight,1.0,5.2,Muscle Gain,2,90,Beginner,1,1,0,0,0,11,46.67,12.93,5.1,2319,2515,173,289,51,57,32,300,1000,5,Underweight
4,37,Male,190,45,12.47,Underweight,1.0,5.2,Muscle Gain,2,90,Beginner,1,1,0,0,0,12,46.87,12.98,5.0,2329,2540,174,291,51,58,32,300,1000,5,Underweight
5,35,Male,188,91,25.75,Overweight,3.0,22.2,Maintain,4,45,Intermediate,1,0,0,0,1,0,91.0,25.75,22.2,2968,3635,222,296,98,74,41,300,1000,5,Overweight
5,35,Male,188,91,25.75,Overweight,3.0,22.2,Maintain,4,45,Intermediate,1,0,0,0,1,1,91.01,25.75,22.1,2968,3635,222,296,98,74,41,300,1000,5,Overweight
5,35,Male,188,91,25.75,Overweight,3.0,22.2,Maintain,4,45,Intermediate,1,0,0,0,1,2,91.09,25.77,22.1,2968,3635,222,296,98,74,41,300,1000,5,Overweight
5,35,Male,188,91,25.75,Overweight,3.0,22.2,Maintain,4,45,Intermediate,1,0,0,0,1,3,90.63,25.64,22.0,2968,3635,222,296,98,74,41,300,1000,5,Overweight
5,35,Male,188,91,25.75,Overweight,3.0,22.2,Maintain,4,45,Intermediate,1,0,0,0,1,4,90.13,25.5,22.2,2954,3604,221,295,98,73,41,300,1000,5,Overweight
5,35,Male,188,91,25.75,Overweight,3.0,22.2,Maintain,4,45,Intermediate,1,0,0,0,1,5,90.6,25.63,22.1,2954,3604,221,295,98,73,41,300,1000,5,Overweight
5,35,Male,188,91,25.75,Overweight,3.0,22.2,Maintain,4,45,Intermediate,1,0,0,0,1,6,90.83,25.7,22.0,2954,3604,221,295,98,73,41,300,1000,5,Overweight
5,35,Male,188,91,25.75,Overweight,3.0,22.2,Maintain,4,45,Intermediate,1,0,0,0,1,7,91.0,25.75,22.2,2954,3604,221,295,98,73,41,300,1000,5,Overweight
5,35,Male,188,91,25.75,Overweight,3.0,22.2,Maintain,4,45,Intermediate,1,0,0,0,1,8,91.44,25.87,22.1,2975,3650,223,297,99,74,41,300,1000,5,Overweight
5,35,Male,188,91,25.75,Overweight,3.0,22.2,Maintain,4,45,Intermediate,1,0,0,0,1,9,91.73,25.95,22.0,2975,3650,223,297,99,74,41,300,1000,5,Overweight
5,35,Male,188,91,25.75,Overweight,3.0,22.2,Maintain,4,45,Intermediate,1,0,0,0,1,10,92.22,26.09,21.8,2975,3650,223,297,99,74,41,300,1000,5,Overweight
5,35,Male,188,91,25.75,Overweight,3.0,22.2,Maintain,4,45,Intermediate,1,0,0,0,1,11,92.32,26.12,21.9,2975,3650,223,297,99,74,41,300,1000,5,Overweight
5,35,Male,188,91,25.75,Overweight,3.0,22.2,Maintain,4,45,Intermediate,1,0,0,0,1,12,92.51,26.17,21.8,2991,3687,224,299,99,74,41,300,1000,5,Overweight
6,39,Female,150,65,28.89,Overweight,5.0,37.6,Weight Loss,5,90,Advanced,1,0,0,0,0,0,65.0,28.89,37.6,1408,3175,140,105,46,35,19,300,1000,3,Overweight
6,39,Female,150,65,28.89,Overweight,5.0,37.6,Weight Loss,5,90,Advanced,1,0,0,0,0,1,64.05,28.47,37.1,1408,3175,140,105,46,35,19,300,1000,3,Overweight
6,39,Female,150,65,28.89,Overweight,5.0,37.6,Weight Loss,5,90,Advanced,1,0,0,0,0,2,63.47,28.21,36.6,1408,3175,140,105,46,35,19,300,1000,3,Overweight
6,39,Female,150,65,28.89,Overweight,5.0,37.6,Weight Loss,5,90,Advanced,1,0,0,0,0,3,62.68,27.86,35.9,1408,3175,140,105,46,35,19,300,1000,3,Overweight
6,39,Female,150,65,28.89,Overweight,5.0,37.6,Weight Loss,5,90,Advanced,1,0,0,0,0,4,62.49,27.77,35.5,1369,3087,136,102,45,34,19,300,1000,3,Overweight
6,39,Female,150,65,28.89,Overweight,5.0,37.6,Weight Loss,5,90,Advanced,1,0,0,0,0,5,62.04,27.58,34.8,1369,3087,136,102,45,34,19,300,1000,3,Overweight
6,39,Female,150,65,28.89,Overweight,5.0,37.6,Weight Loss,5,90,Advanced,1,0,0,0,0,6,61.89,27.51,34.3,1369,3087,136,102,45,34,19,300,1000,3,Overweight
6,39,Female,150,65,28.89,Overweight,5.0,37.6,Weight Loss,5,90,Advanced,1,0,0,0,0,7,61.26,27.23,33.5,1369,3087,136,102,45,34,19,300,1000,3,Overweight
6,39,Female,150,65,28.89,Overweight,5.0,37.6,Weight Loss,5,90,Advanced,1,0,0,0,0,8,61.18,27.19,32.7,1349,3041,134,101,44,33,18,300,1000,3,Overweight
6,39,Female,150,65,28.89,Overweight,5.0,37.6,Weight Loss,5,90,Advanced,1,0,0,0,0,9,61.17,27.19,32.4,1349,3041,134,101,44,33,18,300,1000,3,Overweight
6,39,Female,150,65,28.89,Overweight,5.0,37.6,Weight Loss,5,90,Advanced,1,0,0,0,0,10,60.29,26.79,31.6,1349,3041,134,101,44,33,18,300,1000,3,Overweight
6,39,Female,150,65,28.89,Overweight,5.0,37.6,Weight Loss,5,90,Advanced,1,0,0,0,0,11,59.7,26.54,30.8,1349,3041,134,101,44,33,18,300,1000,3,Overweight
6,39,Female,150,65,28.89,Overweight,5.0,37.6,Weight Loss,5,90,Advanced,1,0,0,0,0,12,58.74,26.11,30.4,1311,2955,131,98,43,32,18,300,1000,3,Overweight
7,27,Female,152,103,44.58,Obese,5.0,57.2,Weight Loss,2,30,Beginner,1,0,0,0,0,0,103.0,44.58,57.2,1815,3905,181,136,60,45,25,300,1000,4,Obese
7,27,Female,152,103,44.58,Obese,5.0,57.2,Weight Loss,2,30,Beginner,1,0,0,0,0,1,101.87,44.09,56.7,1815,3905,181,136,60,45,25,300,1000,4,Obese
7,27,Female,152,103,44.58,Obese,5.0,57.2,Weight Loss,2,30,Beginner,1,0,0,0,0,2,101.63,43.99,56.2,1815,3905,181,136,60,45,25,300,1000,4,Obese
7,27,Female,152,103,44.58,Obese,5.0,57.2,Weight Loss,2,30,Beginner,1,0,0,0,0,3,101.19,43.8,55.5,1815,3905,181,136,60,45,25,300,1000,4,Obese
7,27,Female,152,103,44.58,Obese,5.0,57.2,Weight Loss,2,30,Beginner,1,0,0,0,0,4,100.1,43.33,55.0,1775,3803,177,133,59,44,24,300,1000,4,Obese
7,27,Female,152,103,44.58,Obese,5.0,57.2,Weight Loss,2,30,Beginner,1,0,0,0,0,5,99.5,43.07,54.6,1775,3803,177,133,59,44,24,300,1000,4,Obese
7,27,Female,152,103,44.58,Obese,5.0,57.2,Weight Loss,2,30,Beginner,1,0,0,0,0,6,98.33,42.56,53.9,1775,3803,177,133,59,44,24,300,1000,4,Obese
7,27,Female,152,103,44.58,Obese,5.0,57.2,Weight Loss,2,30,Beginner,1,0,0,0,0,7,97.87,42.36,53.2,1775,3803,177,133,59,44,24,300,1000,4,Obese
7,27,Female,152,103,44.58,Obese,5.0,57.2,Weight Loss,2,30,Beginner,1,0,0,0,0,8,96.99,41.98,52.8,1732,3694,173,129,57,43,24,300,1000,4,Obese
7,27,Female,152,103,44.58,Obese,5.0,57.2,Weight Loss,2,30,Beginner,1,0,0,0,0,9,96.18,41.63,52.4,1732,3694,173,129,57,43,24,300,1000,4,Obese
7,27,Female,152,103,44.58,Obese,5.0,57.2,Weight Loss,2,30,Beginner,1,0,0,0,0,10,95.67,41.41,51.8,1732,3694,173,129,57,43,24,300,1000,4,Obese
7,27,Female,152,103,44.58,Obese,5.0,57.2,Weight Loss,2,30,Beginner,1,0,0,0,0,11,94.92,41.08,51.3,1732,3694,173,129,57,43,24,300,1000,4,Obese
7,27,Female,152,103,44.58,Obese,5.0,57.2,Weight Loss,2,30,Beginner,1,0,0,0,0,12,94.44,40.88,50.9,1697,3605,169,127,56,42,23,300,1000,4,Obese
8,27,Male,162,98,37.34,Obese,5.0,36.9,Weight Loss,3,90,Beginner,0,0,0,1,0,0,98.0,37.34,36.9,2060,4330,206,154,68,51,28,300,1000,4,Obese
8,27,Male,162,98,37.34,Obese,5.0,36.9,Weight Loss,3,90,Beginner,0,0,0,1,0,1,96.79,36.88,36.2,2060,4330,206,154,68,51,28,300,1000,4,Obese
8,27,Male,162,98,37.34,Obese,5.0,36.9,Weight Loss,3,90,Beginner,0,0,0,1,0,2,96.04,36.59,35.6,2060,4330,206,154,68,51,28,300,1000,4,Obese
8,27,Male,162,98,37.34,Obese,5.0,36.9,Weight Loss,3,90,Beginner,0,0,0,1,0,3,94.79,36.12,34.8,2060,4330,206,154,68,51,28,300,1000,4,Obese
8,27,Male,162,98,37.34,Obese,5.0,36.9,Weight Loss,3,90,Beginner,0,0,0,1,0,4,94.33,35.94,34.1,2010,4201,201,150,67,50,28,300,1000,4,Obese
8,27,Male,162,98,37.34,Obese,5.0,36.9,Weight Loss,3,90,Beginner,0,0,0,1,0,5,93.31,35.56,33.7,2010,4201,201,150,67,50,28,300,1000,4,Obese
8,27,Male,162,98,37.34,Obese,5.0,36.9,Weight Loss,3,90,Beginner,0,0,0,1,0,6,92.22,35.14,33.1,2010,4201,201,150,67,50,28,300,1000,4,Obese
8,27,Male,162,98,37.34,Obese,5.0,36.9,Weight Loss,3,90,Beginner,0,0,0,1,0,7,91.31,34.79,32.6,2010,4201,201,150,67,50,28,300,1000,4,Obese
8,27,Male,162,98,37.34,Obese,5.0,36.9,Weight Loss,3,90,Beginner,0,0,0,1,0,8,90.65,34.54,32.2,1959,4072,195,146,65,48,27,300,1000,4,Obese
8,27,Male,162,98,37.34,Obese,5.0,36.9,Weight Loss,3,90,Beginner,0,0,0,1,0,9,89.68,34.17,31.8,1959,4072,195,146,65,48,27,300,1000,4,Obese
8,27,Male,162,98,37.34,Obese,5.0,36.9,Weight Loss,3,90,Beginner,0,0,0,1,0,10,89.24,34.0,31.1,1959,4072,195,146,65,48,27,300,1000,4,Obese
8,27,Male,162,98,37.34,Obese,5.0,36.9,Weight Loss,3,90,Beginner,0,0,0,1,0,11,89.25,34.01,30.4,1959,4072,195,146,65,48,27,300,1000,4,Obese
8,27,Male,162,98,37.34,Obese,5.0,36.9,Weight Loss,3,90,Beginner,0,0,0,1,0,12,88.84,33.85,30.0,1934,4009,193,145,64,48,27,300,1000,4,Obese
9,40,Female,177,95,30.32,Obese,5.0,41.1,Weight Loss,5,45,Beginner,1,0,1,0,0,0,95.0,30.32,41.1,2127,3775,212,159,70,53,29,300,1000,4,Obese
9,40,Female,177,95,30.32,Obese,5.0,41.1,Weight Loss,5,45,Beginner,1,0,1,0,0,1,94.29,30.1,40.7,2127,3775,212,159,70,53,29,300,1000,4,Obese
9,40,Female,177,95,30.32,Obese,5.0,41.1,Weight Loss,5,45,Beginner,1,0,1,0,0,2,93.65,29.89,40.2,2127,3775,212,159,70,53,29,300,1000,4,Overweight
9,40,Female,177,95,30.32,Obese,5.0,41.1,Weight Loss,5,45,Beginner,1,0,1,0,0,3,92.92,29.66,39.6,2127,3775,212,159,70,53,29,300,1000,4,Overweight
9,40,Female,177,95,30.32,Obese,5.0,41.1,Weight Loss,5,45,Beginner,1,0,1,0,0,4,92.54,29.54,38.9,2089,3688,208,156,69,52,29,300,1000,4,Overweight
9,40,Female,177,95,30.32,Obese,5.0,41.1,Weight Loss,5,45,Beginner,1,0,1,0,0,5,91.83,29.31,38.5,2089,3688,208,156,69,52,29,300,1000,4,Overweight
9,40,Female,177,95,30.32,Obese,5.0,41.1,Weight Loss,5,45,Beginner,1,0,1,0,0,6,91.4,29.17,37.7,2089,3688,208,156,69,52,29,300,1000,4,Overweight
9,40,Female,177,95,30.32,Obese,5.0,41.1,Weight Loss,5,45,Beginner,1,0,1,0,0,7,90.11,28.76,37.4,2089,3688,208,156,69,52,29,300,1000,4,Overweight
9,40,Female,177,95,30.32,Obese,5.0,41.1,Weight Loss,5,45,Beginner,1,0,1,0,0,8,89.0,28.41,36.7,2034,3565,203,152,67,50,28,300,1000,4,Overweight
9,40,Female,177,95,30.32,Obese,5.0,41.1,Weight Loss,5,45,Beginner,1,0,1,0,0,9,87.97,28.08,36.3,2034,3565,203,152,67,50,28,300,1000,4,Overweight
9,40,Female,177,95,30.32,Obese,5.0,41.1,Weight Loss,5,45,Beginner,1,0,1,0,0,10,87.11,27.81,36.0,2034,3565,203,152,67,50,28,300,1000,4,Overweight
9,40,Female,177,95,30.32,Obese,5.0,41.1,Weight Loss,5,45,Beginner,1,0,1,0,0,11,86.73,27.68,35.4,2034,3565,203,152,67,50,28,300,1000,4,Overweight
9,40,Female,177,95,30.32,Obese,5.0,41.1,Weight Loss,5,45,Beginner,1,0,1,0,0,12,86.1,27.48,34.9,1989,3463,198,149,66,49,27,300,1000,4,Overweight
10,40,Male,198,98,25.0,Overweight,3.0,19.4,Maintain,2,90,Intermediate,1,0,0,0,1,0,98.0,25.0,19.4,2780,4330,208,278,92,69,38,300,1000,5,Overweight
10,40,Male,198,98,25.0,Overweight,3.0,19.4,Maintain,2,90,Intermediate,1,0,0,0,1,1,98.18,25.04,19.4,2780,4330,208,278,92,69,38,300,1000,5,Overweight
10,40,Male,198,98,25.0,Overweight,3.0,19.4,Maintain,2,90,Intermediate,1,0,0,0,1,2,98.11,25.03,19.3,2780,4330,208,278,92,69,38,300,1000,5,Overweight
10,40,Male,198,98,25.0,Overweight,3.0,19.4,Maintain,2,90,Intermediate,1,0,0,0,1,3,98.38,25.09,19.2,2780,4330,208,278,92,69,38,300,1000,5,Overweight
10,40,Male,198,98,25.0,Overweight,3.0,19.4,Maintain,2,90,Intermediate,1,0,0,0,1,4,98.57,25.14,19.1,2788,4350,209,278,92,69,39,300,1000,5,Overweight
10,40,Male,198,98,25.0,Overweight,3.0,19.4,Maintain,2,90,Intermediate,1,0,0,0,1,5,98.7,25.18,19.2,2788,4350,209,278,92,69,39,300,1000,5,Overweight
10,40,Male,198,98,25.0,Overweight,3.0,19.4,Maintain,2,90,Intermediate,1,0,0,0,1,6,98.42,25.1,19.0,2788,4350,209,278,92,69,39,300,1000,5,Overweight
10,40,Male,198,98,25.0,Overweight,3.0,19.4,Maintain,2,90,Intermediate,1,0,0,0,1,7,98.05,25.01,19.1,2788,4350,209,278,92,69,39,300,1000,5,Overweight
10,40,Male,198,98,25.0,Overweight,3.0,19.4,Maintain,2,90,Intermediate,1,0,0,0,1,8,98.4,25.1,18.9,2786,4343,208,278,92,69,39,300,1000,5,Overweight
10,40,Male,198,98,25.0,Overweight,3.0,19.4,Maintain,2,90,Intermediate,1,0,0,0,1,9,98.63,25.16,18.8,2786,4343,208,278,92,69,39,300,1000,5,Overweight
10,40,Male,198,98,25.0,Overweight,3.0,19.4,Maintain,2,90,Intermediate,1,0,0,0,1,10,98.61,25.15,19.0,2786,4343,208,278,92,69,39,300,1000,5,Overweight
10,40,Male,198,98,25.0,Overweight,3.0,19.4,Maintain,2,90,Intermediate,1,0,0,0,1,11,98.44,25.11,19.0,2786,4343,208,278,92,69,39,300,1000,5,Overweight
10,40,Male,198,98,25.0,Overweight,3.0,19.4,Maintain,2,90,Intermediate,1,0,0,0,1,12,97.96,24.99,18.8,2780,4328,208,278,92,69,38,300,1000,5,Normal
11,19,Female,174,109,36.0,Obese,5.0,43.1,Weight Loss,5,90,Intermediate,1,0,1,0,0,0,109.0,36.0,43.1,2478,4715,247,185,82,61,34,300,1000,5,Obese
11,19,Female,174,109,36.0,Obese,5.0,43.1,Weight Loss,5,90,Intermediate,1,0,1,0,0,1,107.84,35.62,42.6,2478,4715,247,185,82,61,34,300,1000,5,Obese
11,19,Female,174,109,36.0,Obese,5.0,43.1,Weight Loss,5,90,Intermediate,1,0,1,0,0,2,107.12,35.38,41.9,2478,4715,247,185,82,61,34,300,1000,5,Obese
11,19,Female,174,109,36.0,Obese,5.0,43.1,Weight Loss,5,90,Intermediate,1,0,1,0,0,3,106.59,35.21,41.6,2478,4715,247,185,82,61,34,300,1000,5,Obese
11,19,Female,174,109,36.0,Obese,5.0,43.1,Weight Loss,5,90,Intermediate,1,0,1,0,0,4,106.42,35.15,41.1,2438,4624,243,182,81,60,34,300,1000,5,Obese
11,19,Female,174,109,36.0,Obese,5.0,43.1,Weight Loss,5,90,Intermediate,1,0,1,0,0,5,105.59,34.88,40.3,2438,4624,243,182,81,60,34,300,1000,5,Obese
11,19,Female,174,109,36.0,Obese,5.0,43.1,Weight Loss,5,90,Intermediate,1,0,1,0,0,6,105.11,34.72,39.7,2438,4624,243,182,81,60,34,300,1000,5,Obese
11,19,Female,174,109,36.0,Obese,5.0,43.1,Weight Loss,5,90,Intermediate,1,0,1,0,0,7,104.01,34.36,39.0,2438,4624,243,182,81,60,34,300,1000,5,Obese
11,19,Female,174,109,36.0,Obese,5.0,43.1,Weight Loss,5,90,Intermediate,1,0,1,0,0,8,102.92,33.99,38.4,2384,4502,238,178,79,59,33,300,1000,5,Obese
11,19,Female,174,109,36.0,Obese,5.0,43.1,Weight Loss,5,90,Intermediate,1,0,1,0,0,9,102.44,33.84,38.0,2384,4502,238,178,79,59,33,300,1000,5,Obese
11,19,Female,174,109,36.0,Obese,5.0,43.1,Weight Loss,5,90,Intermediate,1,0,1,0,0,10,101.76,33.61,37.7,2384,4502,238,178,79,59,33,300,1000,5,Obese
11,19,Female,174,109,36.0,Obese,5.0,43.1,Weight Loss,5,90,Intermediate,1,0,1,0,0,11,100.6,33.23,37.0,2384,4502,238,178,79,59,33,300,1000,5,Obese
11,19,Female,174,109,36.0,Obese,5.0,43.1,Weight Loss,5,90,Intermediate,1,0,1,0,0,12,100.15,33.08,36.5,2341,4405,234,175,78,58,32,300,1000,5,Obese
12,38,Male,182,72,21.74,Normal,2.0,14.4,Muscle Gain,3,90,Intermediate,1,1,0,1,1,0,72.0,21.74,14.4,2599,3420,194,324,57,64,36,300,1000,5,Normal
12,38,Male,182,72,21.74,Normal,2.0,14.4,Muscle Gain,3,90,Intermediate,1,1,0,1,1,1,72.05,21.75,14.4,2599,3420,194,324,57,64,36,300,1000,5,Normal
12,38,Male,182,72,21.74,Normal,2.0,14.4,Muscle Gain,3,90,Intermediate,1,1,0,1,1,2,72.19,21.8,14.3,2599,3420,194,324,57,64,36,300,1000,5,Normal
12,38,Male,182,72,21.74,Normal,2.0,14.4,Muscle Gain,3,90,Intermediate,1,1,0,1,1,3,72.24,21.81,14.1,2599,3420,194,324,57,64,36,300,1000,5,Normal
12,38,Male,182,72,21.74,Normal,2.0,14.4,Muscle Gain,3,90,Intermediate,1,1,0,1,1,4,72.49,21.88,14.0,2606,3437,195,325,57,65,36,300,1000,5,Normal
12,38,Male,182,72,21.74,Normal,2.0,14.4,Muscle Gain,3,90,Intermediate,1,1,0,1,1,5,72.57,21.91,14.0,2606,3437,195,325,57,65,36,300,1000,5,Normal
12,38,Male,182,72,21.74,Normal,2.0,14.4,Muscle Gain,3,90,Intermediate,1,1,0,1,1,6,72.65,21.93,13.7,2606,3437,195,325,57,65,36,300,1000,5,Normal
12,38,Male,182,72,21.74,Normal,2.0,14.4,Muscle Gain,3,90,Intermediate,1,1,0,1,1,7,72.78,21.97,13.5,2606,3437,195,325,57,65,36,300,1000,5,Normal
12,38,Male,182,72,21.74,Normal,2.0,14.4,Muscle Gain,3,90,Intermediate,1,1,0,1,1,8,72.87,22.0,13.5,2611,3450,195,326,58,65,36,300,1000,5,Normal
12,38,Male,182,72,21.74,Normal,2.0,14.4,Muscle Gain,3,90,Intermediate,1,1,0,1,1,9,73.06,22.06,13.5,2611,3450,195,326,58,65,36,300,1000,5,Normal
12,38,Male,182,72,21.74,Normal,2.0,14.4,Muscle Gain,3,90,Intermediate,1,1,0,1,1,10,73.17,22.09,13.3,2611,3450,195,326,58,65,36,300,1000,5,Normal
12,38,Male,182,72,21.74,Normal,2.0,14.4,Muscle Gain,3,90,Intermediate,1,1,0,1,1,11,73.29,22.13,13.1,2611,3450,195,326,58,65,36,300,1000,5,Normal
12,38,Male,182,72,21.74,Normal,2.0,14.4,Muscle Gain,3,90,Intermediate,1,1,0,1,1,12,73.35,22.14,12.8,2618,3467,196,327,58,65,36,300,1000,5,Normal
13,18,Female,187,92,26.31,Overweight,5.0,32.0,Maintain,3,60,Intermediate,1,0,1,1,1,0,92.0,26.31,32.0,2526,3820,189,252,84,63,35,300,1000,5,Overweight
13,18,Female,187,92,26.31,Overweight,5.0,32.0,Maintain,3,60,Intermediate,1,0,1,1,1,1,91.68,26.22,32.2,2526,3820,189,252,84,63,35,300,1000,5,Overweight
13,18,Female,187,92,26.31,Overweight,5.0,32.0,Maintain,3,60,Intermediate,1,0,1,1,1,2,91.62,26.2,32.2,2526,3820,189,252,84,63,35,300,1000,5,Overweight
13,18,Female,187,92,26.31,Overweight,5.0,32.0,Maintain,3,60,Intermediate,1,0,1,1,1,3,91.99,26.31,32.4,2526,3820,189,252,84,63,35,300,1000,5,Overweight
13,18,Female,187,92,26.31,Overweight,5.0,32.0,Maintain,3,60,Intermediate,1,0,1,1,1,4,92.08,26.33,32.5,2527,3822,189,252,84,63,35,300,1000,5,Overweight
13,18,Female,187,92,26.31,Overweight,5.0,32.0,Maintain,3,60,Intermediate,1,0,1,1,1,5,91.9,26.28,32.5,2527,3822,189,252,84,63,35,300,1000,5,Overweight
13,18,Female,187,92,26.31,Overweight,5.0,32.0,Maintain,3,60,Intermediate,1,0,1,1,1,6,91.81,26.25,32.5,2527,3822,189,252,84,63,35,300,1000,5,Overweight
13,18,Female,187,92,26.31,Overweight,5.0,32.0,Maintain,3,60,Intermediate,1,0,1,1,1,7,91.99,26.31,32.4,2527,3822,189,252,84,63,35,300,1000,5,Overweight
13,18,Female,187,92,26.31,Overweight,5.0,32.0,Maintain,3,60,Intermediate,1,0,1,1,1,8,91.62,26.2,32.5,2521,3806,189,252,84,63,35,300,1000,5,Overweight
13,18,Female,187,92,26.31,Overweight,5.0,32.0,Maintain,3,60,Intermediate,1,0,1,1,1,9,91.25,26.09,32.5,2521,3806,189,252,84,63,35,300,1000,5,Overweight
13,18,Female,187,92,26.31,Overweight,5.0,32.0,Maintain,3,60,Intermediate,1,0,1,1,1,10,91.44,26.15,32.6,2521,3806,189,252,84,63,35,300,1000,5,Overweight
13,18,Female,187,92,26.31,Overweight,5.0,32.0,Maintain,3,60,Intermediate,1,0,1,1,1,11,91.7,26.22,32.8,2521,3806,189,252,84,63,35,300,1000,5,Overweight
13,18,Female,187,92,26.31,Overweight,5.0,32.0,Maintain,3,60,Intermediate,1,0,1,1,1,12,91.7,26.22,32.9,2522,3809,189,252,84,63,35,300,1000,5,Overweight
14,40,Male,155,61,25.39,Overweight,3.0,21.0,Muscle Gain,5,45,Advanced,0,1,0,0,0,0,61.0,25.39,21.0,2444,2585,183,305,54,61,34,300,1000,5,Overweight
14,40,Male,155,61,25.39,Overweight,3.0,21.0,Muscle Gain,5,45,Advanced,0,1,0,0,0,1,61.0,25.39,20.7,2444,2585,183,305,54,61,34,300,1000,5,Overweight
14,40,Male,155,61,25.39,Overweight,3.0,21.0,Muscle Gain,5,45,Advanced,0,1,0,0,0,2,61.03,25.4,20.7,2444,2585,183,305,54,61,34,300,1000,5,Overweight
14,40,Male,155,61,25.39,Overweight,3.0,21.0,Muscle Gain,5,45,Advanced,0,1,0,0,0,3,61.04,25.41,20.4,2444,2585,183,305,54,61,34,300,1000,5,Overweight
14,40,Male,155,61,25.39,Overweight,3.0,21.0,Muscle Gain,5,45,Advanced,0,1,0,0,0,4,61.03,25.4,20.3,2445,2586,183,305,54,61,34,300,1000,5,Overweight
14,40,Male,155,61,25.39,Overweight,3.0,21.0,Muscle Gain,5,45,Advanced,0,1,0,0,0,5,61.1,25.43,20.0,2445,2586,183,305,54,61,34,300,1000,5,Overweight
14,40,Male,155,61,25.39,Overweight,3.0,21.0,Muscle Gain,5,45,Advanced,0,1,0,0,0,6,61.06,25.41,20.0,2445,2586,183,305,54,61,34,300,1000,5,Overweight
14,40,Male,155,61,25.39,Overweight,3.0,21.0,Muscle Gain,5,45,Advanced,0,1,0,0,0,7,61.06,25.42,19.9,2445,2586,183,305,54,61,34,300,1000,5,Overweight
14,40,Male,155,61,25.39,Overweight,3.0,21.0,Muscle Gain,5,45,Advanced,0,1,0,0,0,8,61.04,25.41,19.8,2445,2586,183,305,54,61,34,300,1000,5,Overweight
14,40,Male,155,61,25.39,Overweight,3.0,21.0,Muscle Gain,5,45,Advanced,0,1,0,0,0,9,61.05,25.41,19.6,2445,2586,183,305,54,61,34,300,1000,5,Overweight
14,40,Male,155,61,25.39,Overweight,3.0,21.0,Muscle Gain,5,45,Advanced,0,1,0,0,0,10,61.19,25.47,19.7,2445,2586,183,305,54,61,34,300,1000,5,Overweight
14,40,Male,155,61,25.39,Overweight,3.0,21.0,Muscle Gain,5,45,Advanced,0,1,0,0,0,11,61.29,25.51,19.5,2445,2586,183,305,54,61,34,300,1000,5,Overweight
14,40,Male,155,61,25.39,Overweight,3.0,21.0,Muscle Gain,5,45,Advanced,0,1,0,0,0,12,61.35,25.53,19.3,2450,2597,183,306,54,61,34,300,1000,5,Overweight
15,46,Male,193,60,16.11,Underweight,2.0,12.8,Muscle Gain,3,30,Intermediate,1,1,0,0,0,0,60.0,16.11,12.8,2474,2400,185,309,54,61,34,300,1000,5,Underweight
15,46,Male,193,60,16.11,Underweight,2.0,12.8,Muscle Gain,3,30,Intermediate,1,1,0,0,0,1,60.14,16.14,12.6,2474,2400,185,309,54,61,34,300,1000,5,Underweight
15,46,Male,193,60,16.11,Underweight,2.0,12.8,Muscle Gain,3,30,Intermediate,1,1,0,0,0,2,60.19,16.16,12.5,2474,2400,185,309,54,61,34,300,1000,5,Underweight
15,46,Male,193,60,16.11,Underweight,2.0,12.8,Muscle Gain,3,30,Intermediate,1,1,0,0,0,3,60.32,16.19,12.5,2474,2400,185,309,54,61,34,300,1000,5,Underweight
15,46,Male,193,60,16.11,Underweight,2.0,12.8,Muscle Gain,3,30,Intermediate,1,1,0,0,0,4,60.45,16.23,12.3,2480,2415,186,310,55,62,34,300,1000,5,Underweight
15,46,Male,193,60,16.11,Underweight,2.0,12.8,Muscle Gain,3,30,Intermediate,1,1,0,0,0,5,60.57,16.26,12.2,2480,2415,186,310,55,62,34,300,1000,5,Underweight
15,46,Male,193,60,16.11,Underweight,2.0,12.8,Muscle Gain,3,30,Intermediate,1,1,0,0,0,6,60.67,16.29,11.9,2480,2415,186,310,55,62,34,300,1000,5,Underweight
15,46,Male,193,60,16.11,Underweight,2.0,12.8,Muscle Gain,3,30,Intermediate,1,1,0,0,0,7,60.88,16.34,11.8,2480,2415,186,310,55,62,34,300,1000,5,Underweight
15,46,Male,193,60,16.11,Underweight,2.0,12.8,Muscle Gain,3,30,Intermediate,1,1,0,0,0,8,60.93,16.36,11.7,2486,2432,186,310,55,62,34,300,1000,5,Underweight
15,46,Male,193,60,16.11,Underweight,2.0,12.8,Muscle Gain,3,30,Intermediate,1,1,0,0,0,9,61.04,16.39,11.8,2486,2432,186,310,55,62,34,300,1000,5,Underweight
15,46,Male,193,60,16.11,Underweight,2.0,12.8,Muscle Gain,3,30,Intermediate,1,1,0,0,0,10,61.12,16.41,11.6,2486,2432,186,310,55,62,34,300,1000,5,Underweight
15,46,Male,193,60,16.11,Underweight,2.0,12.8,Muscle Gain,3,30,Intermediate,1,1,0,0,0,11,61.28,16.45,11.5,2486,2432,186,310,55,62,34,300,1000,5,Underweight
15,46,Male,193,60,16.11,Underweight,2.0,12.8,Muscle Gain,3,30,Intermediate,1,1,0,0,0,12,61.42,16.49,11.4,2493,2449,186,311,55,62,34,300,1000,5,Underweight
16,18,Male,194,109,28.96,Overweight,4.0,24.0,Weight Loss,4,45,Intermediate,1,0,0,1,0,0,109.0,28.96,24.0,2937,4265,293,220,97,73,41,300,1000,5,Overweight
16,18,Male,194,109,28.96,Overweight,4.0,24.0,Weight Loss,4,45,Intermediate,1,0,0,1,0,1,107.66,28.61,23.6,2937,4265,293,220,97,73,41,300,1000,5,Overweight
16,18,Male,194,109,28.96,Overweight,4.0,24.0,Weight Loss,4,45,Intermediate,1,0,0,1,0,2,106.77,28.37,23.3,2937,4265,293,220,97,73,41,300,1000,5,Overweight
16,18,Male,194,109,28.96,Overweight,4.0,24.0,Weight Loss,4,45,Intermediate,1,0,0,1,0,3,106.13,28.2,22.8,2937,4265,293,220,97,73,41,300,1000,5,Overweight
16,18,Male,194,109,28.96,Overweight,4.0,24.0,Weight Loss,4,45,Intermediate,1,0,0,1,0,4,105.19,27.95,22.2,2878,4131,287,215,95,71,40,300,1000,5,Overweight
16,18,Male,194,109,28.96,Overweight,4.0,24.0,Weight Loss,4,45,Intermediate,1,0,0,1,0,5,104.49,27.76,21.4,2878,4131,287,215,95,71,40,300,1000,5,Overweight
16,18,Male,194,109,28.96,Overweight,4.0,24.0,Weight Loss,4,45,Intermediate,1,0,0,1,0,6,103.29,27.45,20.7,2878,4131,287,215,95,71,40,300,1000,5,Overweight
16,18,Male,194,109,28.96,Overweight,4.0,24.0,Weight Loss,4,45,Intermediate,1,0,0,1,0,7,102.59,27.26,20.3,2878,4131,287,215,95,71,40,300,1000,5,Overweight
16,18,Male,194,109,28.96,Overweight,4.0,24.0,Weight Loss,4,45,Intermediate,1,0,0,1,0,8,101.62,27.0,19.9,2822,4006,282,211,94,70,39,300,1000,5,Overweight
16,18,Male,194,109,28.96,Overweight,4.0,24.0,Weight Loss,4,45,Intermediate,1,0,0,1,0,9,100.42,26.68,19.4,2822,4006,282,211,94,70,39,300,1000,5,Overweight
16,18,Male,194,109,28.96,Overweight,4.0,24.0,Weight Loss,4,45,Intermediate,1,0,0,1,0,10,99.36,26.4,18.7,2822,4006,282,211,94,70,39,300,1000,5,Overweight
16,18,Male,194,109,28.96,Overweight,4.0,24.0,Weight Loss,4,45,Intermediate,1,0,0,1,0,11,98.44,26.16,18.1,2822,4006,282,211,94,70,39,300,1000,5,Overweight
16,18,Male,194,109,28.96,Overweight,4.0,24.0,Weight Loss,4,45,Intermediate,1,0,0,1,0,12,97.24,25.84,17.8,2754,3853,275,206,91,68,38,300,1000,5,Overweight
17,37,Female,181,109,33.27,Obese,5.0,45.0,Weight Loss,3,30,Advanced,0,0,1,0,1,0,109.0,33.27,45.0,2078,4115,207,155,69,51,29,300,1000,4,Obese
17,37,Female,181,109,33.27,Obese,5.0,45.0,Weight Loss,3,30,Advanced,0,0,1,0,1,1,108.13,33.01,44.6,2078,4115,207,155,69,51,29,300,1000,4,Obese
17,37,Female,181,109,33.27,Obese,5.0,45.0,Weight Loss,3,30,Advanced,0,0,1,0,1,2,107.52,32.82,44.1,2078,4115,207,155,69,51,29,300,1000,4,Obese
17,37,Female,181,109,33.27,Obese,5.0,45.0,Weight Loss,3,30,Advanced,0,0,1,0,1,3,106.82,32.61,43.5,2078,4115,207,155,69,51,29,300,1000,4,Obese
17,37,Female,181,109,33.27,Obese,5.0,45.0,Weight Loss,3,30,Advanced,0,0,1,0,1,4,105.41,32.18,43.1,2029,3989,202,152,67,50,28,300,1000,4,Obese
17,37,Female,181,109,33.27,Obese,5.0,45.0,Weight Loss,3,30,Advanced,0,0,1,0,1,5,104.05,31.76,42.7,2029,3989,202,152,67,50,28,300,1000,4,Obese
17,37,Female,181,109,33.27,Obese,5.0,45.0,Weight Loss,3,30,Advanced,0,0,1,0,1,6,103.41,31.57,42.1,2029,3989,202,152,67,50,28,300,1000,4,Obese
17,37,Female,181,109,33.27,Obese,5.0,45.0,Weight Loss,3,30,Advanced,0,0,1,0,1,7,103.03,31.45,41.7,2029,3989,202,152,67,50,28,300,1000,4,Obese
17,37,Female,181,109,33.27,Obese,5.0,45.0,Weight Loss,3,30,Advanced,0,0,1,0,1,8,102.58,31.31,41.3,1990,3890,199,149,66,49,27,300,1000,4,Obese
17,37,Female,181,109,33.27,Obese,5.0,45.0,Weight Loss,3,30,Advanced,0,0,1,0,1,9,102.54,31.3,40.6,1990,3890,199,149,66,49,27,300,1000,4,Obese
17,37,Female,181,109,33.27,Obese,5.0,45.0,Weight Loss,3,30,Advanced,0,0,1,0,1,10,101.39,30.95,39.8,1990,3890,199,149,66,49,27,300,1000,4,Obese
17,37,Female,181,109,33.27,Obese,5.0,45.0,Weight Loss,3,30,Advanced,0,0,1,0,1,11,100.8,30.77,39.2,1990,3890,199,149,66,49,27,300,1000,4,Obese
17,37,Female,181,109,33.27,Obese,5.0,45.0,Weight Loss,3,30,Advanced,0,0,1,0,1,12,100.37,30.64,38.9,1959,3812,195,146,65,48,27,300,1000,4,Obese
18,49,Male,194,43,11.43,Underweight,1.0,7.3,Muscle Gain,4,60,Intermediate,1,1,0,0,1,0,43.0,11.43,7.3,2473,2105,185,309,54,61,34,300,1000,5,Underweight
18,49,Male,194,43,11.43,Underweight,1.0,7.3,Muscle Gain,4,60,Intermediate,1,1,0,0,1,1,43.02,11.43,7.2,2473,2105,185,309,54,61,34,300,1000,5,Underweight
18,49,Male,194,43,11.43,Underweight,1.0,7.3,Muscle Gain,4,60,Intermediate,1,1,0,0,1,2,43.13,11.46,7.2,2473,2105,185,309,54,61,34,300,1000,5,Underweight
18,49,Male,194,43,11.43,Underweight,1.0,7.3,Muscle Gain,4,60,Intermediate,1,1,0,0,1,3,43.19,11.48,7.2,2473,2105,185,309,54,61,34,300,1000,5,Underweight
18,49,Male,194,43,11.43,Underweight,1.0,7.3,Muscle Gain,4,60,Intermediate,1,1,0,0,1,4,43.34,11.52,7.2,2479,2116,185,309,55,61,34,300,1000,5,Underweight
18,49,Male,194,43,11.43,Underweight,1.0,7.3,Muscle Gain,4,60,Intermediate,1,1,0,0,1,5,43.45,11.55,7.0,2479,2116,185,309,55,61,34,300,1000,5,Underweight
18,49,Male,194,43,11.43,Underweight,1.0,7.3,Muscle Gain,4,60,Intermediate,1,1,0,0,1,6,43.57,11.58,7.0,2479,2116,185,309,55,61,34,300,1000,5,Underweight
18,49,Male,194,43,11.43,Underweight,1.0,7.3,Muscle Gain,4,60,Intermediate,1,1,0,0,1,7,43.66,11.6,6.9,2479,2116,185,309,55,61,34,300,1000,5,Underweight
18,49,Male,194,43,11.43,Underweight,1.0,7.3,Muscle Gain,4,60,Intermediate,1,1,0,0,1,8,43.63,11.59,6.9,2483,2127,186,310,55,62,34,300,1000,5,Underweight
18,49,Male,194,43,11.43,Underweight,1.0,7.3,Muscle Gain,4,60,Intermediate,1,1,0,0,1,9,43.73,11.62,6.6,2483,2127,186,310,55,62,34,300,1000,5,Underweight
18,49,Male,194,43,11.43,Underweight,1.0,7.3,Muscle Gain,4,60,Intermediate,1,1,0,0,1,10,43.74,11.62,6.5,2483,2127,186,310,55,62,34,300,1000,5,Underweight
18,49,Male,194,43,11.43,Underweight,1.0,7.3,Muscle Gain,4,60,Intermediate,1,1,0,0,1,11,43.74,11.62,6.3,2483,2127,186,310,55,62,34,300,1000,5,Underweight
18,49,Male,194,43,11.43,Underweight,1.0,7.3,Muscle Gain,4,60,Intermediate,1,1,0,0,1,12,43.72,11.62,6.2,2485,2130,186,310,55,62,34,300,1000,5,Underweight
19,28,Male,196,114,29.68,Overweight,4.0,28.4,Weight Loss,2,45,Beginner,1,1,1,0,1,0,114.0,29.68,28.4,2566,4440,256,192,85,64,35,300,1000,5,Overweight
19,28,Male,196,114,29.68,Overweight,4.0,28.4,Weight Loss,2,45,Beginner,1,1,1,0,1,1,113.12,29.45,27.8,2566,4440,256,192,85,64,35,300,1000,5,Overweight
19,28,Male,196,114,29.68,Overweight,4.0,28.4,Weight Loss,2,45,Beginner,1,1,1,0,1,2,111.73,29.08,27.2,2566,4440,256,192,85,64,35,300,1000,5,Overweight
19,28,Male,196,114,29.68,Overweight,4.0,28.4,Weight Loss,2,45,Beginner,1,1,1,0,1,3,110.7,28.82,26.7,2566,4440,256,192,85,64,35,300,1000,5,Overweight
19,28,Male,196,114,29.68,Overweight,4.0,28.4,Weight Loss,2,45,Beginner,1,1,1,0,1,4,110.22,28.69,26.2,2514,4307,251,188,83,62,35,300,1000,5,Overweight
19,28,Male,196,114,29.68,Overweight,4.0,28.4,Weight Loss,2,45,Beginner,1,1,1,0,1,5,108.68,28.29,25.5,2514,4307,251,188,83,62,35,300,1000,5,Overweight
19,28,Male,196,114,29.68,Overweight,4.0,28.4,Weight Loss,2,45,Beginner,1,1,1,0,1,6,107.8,28.06,24.9,2514,4307,251,188,83,62,35,300,1000,5,Overweight
19,28,Male,196,114,29.68,Overweight,4.0,28.4,Weight Loss,2,45,Beginner,1,1,1,0,1,7,106.46,27.71,24.6,2514,4307,251,188,83,62,35,300,1000,5,Overweight
19,28,Male,196,114,29.68,Overweight,4.0,28.4,Weight Loss,2,45,Beginner,1,1,1,0,1,8,105.28,27.4,23.8,2446,4134,244,183,81,61,34,300,1000,5,Overweight
19,28,Male,196,114,29.68,Overweight,4.0,28.4,Weight Loss,2,45,Beginner,1,1,1,0,1,9,104.29,27.15,23.1,2446,4134,244,183,81,61,34,300,1000,5,Overweight
19,28,Male,196,114,29.68,Overweight,4.0,28.4,Weight Loss,2,45,Beginner,1,1,1,0,1,10,103.24,26.87,22.5,2446,4134,244,183,81,61,34,300,1000,5,Overweight
19,28,Male,196,114,29.68,Overweight,4.0,28.4,Weight Loss,2,45,Beginner,1,1,1,0,1,11,102.4,26.66,22.2,2446,4134,244,183,81,61,34,300,1000,5,Overweight
19,28,Male,196,114,29.68,Overweight,4.0,28.4,Weight Loss,2,45,Beginner,1,1,1,0,1,12,101.7,26.47,21.6,2397,4009,239,179,79,59,33,300,1000,5,Overweight
20,38,Female,170,101,34.95,Obese,5.0,47.9,Weight Loss,3,90,Intermediate,0,0,0,0,0,0,101.0,34.95,47.9,1867,4435,186,140,62,46,26,300,1000,4,Obese
20,38,Female,170,101,34.95,Obese,5.0,47.9,Weight Loss,3,90,Intermediate,0,0,0,0,0,1,99.96,34.59,47.4,1867,4435,186,140,62,46,26,300,1000,4,Obese
20,38,Female,170,101,34.95,Obese,5.0,47.9,Weight Loss,3,90,Intermediate,0,0,0,0,0,2,99.05,34.27,46.9,1867,4435,186,140,62,46,26,300,1000,4,Obese
20,38,Female,170,101,34.95,Obese,5.0,47.9,Weight Loss,3,90,Intermediate,0,0,0,0,0,3,97.87,33.87,46.2,1867,4435,186,140,62,46,26,300,1000,4,Obese
20,38,Female,170,101,34.95,Obese,5.0,47.9,Weight Loss,3,90,Intermediate,0,0,0,0,0,4,96.9,33.53,45.9,1810,4291,181,135,60,45,25,300,1000,4,Obese
20,38,Female,170,101,34.95,Obese,5.0,47.9,Weight Loss,3,90,Intermediate,0,0,0,0,0,5,96.35,33.34,45.3,1810,4291,181,135,60,45,25,300,1000,4,Obese
20,38,Female,170,101,34.95,Obese,5.0,47.9,Weight Loss,3,90,Intermediate,0,0,0,0,0,6,95.42,33.02,44.5,1810,4291,181,135,60,45,25,300,1000,4,Obese
20,38,Female,170,101,34.95,Obese,5.0,47.9,Weight Loss,3,90,Intermediate,0,0,0,0,0,7,95.15,32.92,44.1,1810,4291,181,135,60,45,25,300,1000,4,Obese
20,38,Female,170,101,34.95,Obese,5.0,47.9,Weight Loss,3,90,Intermediate,0,0,0,0,0,8,94.39,32.66,43.7,1776,4203,177,133,59,44,24,300,1000,4,Obese
20,38,Female,170,101,34.95,Obese,5.0,47.9,Weight Loss,3,90,Intermediate,0,0,0,0,0,9,93.66,32.41,43.1,1776,4203,177,133,59,44,24,300,1000,4,Obese
20,38,Female,170,101,34.95,Obese,5.0,47.9,Weight Loss,3,90,Intermediate,0,0,0,0,0,10,93.32,32.29,42.4,1776,4203,177,133,59,44,24,300,1000,4,Obese
20,38,Female,170,101,34.95,Obese,5.0,47.9,Weight Loss,3,90,Intermediate,0,0,0,0,0,11,92.78,32.1,41.7,1776,4203,177,133,59,44,24,300,1000,4,Obese
20,38,Female,170,101,34.95,Obese,5.0,47.9,Weight Loss,3,90,Intermediate,0,0,0,0,0,12,92.04,31.85,41.4,1743,4121,174,130,58,43,24,300,1000,4,Obese
21,41,Female,165,101,37.1,Obese,5.0,48.6,Weight Loss,5,60,Advanced,1,0,0,0,0,0,101.0,37.1,48.6,2096,4135,209,157,69,52,29,300,1000,4,Obese
21,41,Female,165,101,37.1,Obese,5.0,48.6,Weight Loss,5,60,Advanced,1,0,0,0,0,1,100.7,36.99,48.0,2096,4135,209,157,69,52,29,300,1000,4,Obese
21,41,Female,165,101,37.1,Obese,5.0,48.6,Weight Loss,5,60,Advanced,1,0,0,0,0,2,99.75,36.64,47.5,2096,4135,209,157,69,52,29,300,1000,4,Obese
21,41,Female,165,101,37.1,Obese,5.0,48.6,Weight Loss,5,60,Advanced,1,0,0,0,0,3,99.14,36.42,47.1,2096,4135,209,157,69,52,29,300,1000,4,Obese
21,41,Female,165,101,37.1,Obese,5.0,48.6,Weight Loss,5,60,Advanced,1,0,0,0,0,4,98.81,36.29,46.4,2062,4058,206,154,68,51,28,300,1000,4,Obese
21,41,Female,165,101,37.1,Obese,5.0,48.6,Weight Loss,5,60,Advanced,1,0,0,0,0,5,98.16,36.05,45.8,2062,4058,206,154,68,51,28,300,1000,4,Obese
21,41,Female,165,101,37.1,Obese,5.0,48.6,Weight Loss,5,60,Advanced,1,0,0,0,0,6,97.91,35.96,45.0,2062,4058,206,154,68,51,28,300,1000,4,Obese
21,41,Female,165,101,37.1,Obese,5.0,48.6,Weight Loss,5,60,Advanced,1,0,0,0,0,7,96.98,35.62,44.3,2062,4058,206,154,68,51,28,300,1000,4,Obese
21,41,Female,165,101,37.1,Obese,5.0,48.6,Weight Loss,5,60,Advanced,1,0,0,0,0,8,96.87,35.58,43.9,2032,3990,203,152,67,50,28,300,1000,4,Obese
21,41,Female,165,101,37.1,Obese,5.0,48.6,Weight Loss,5,60,Advanced,1,0,0,0,0,9,96.44,35.42,43.2,2032,3990,203,152,67,50,28,300,1000,4,Obese
21,41,Female,165,101,37.1,Obese,5.0,48.6,Weight Loss,5,60,Advanced,1,0,0,0,0,10,95.95,35.25,42.7,2032,3990,203,152,67,50,28,300,1000,4,Obese
21,41,Female,165,101,37.1,Obese,5.0,48.6,Weight Loss,5,60,Advanced,1,0,0,0,0,11,95.13,34.94,42.2,2032,3990,203,152,67,50,28,300,1000,4,Obese
21,41,Female,165,101,37.1,Obese,5.0,48.6,Weight Loss,5,60,Advanced,1,0,0,0,0,12,94.04,34.54,41.6,1988,3891,198,149,66,49,27,300,1000,4,Obese
22,43,Male,170,63,21.8,Normal,3.0,18.2,Muscle Gain,3,90,Intermediate,1,1,1,0,1,0,63.0,21.8,18.2,2338,3105,175,292,51,58,32,300,1000,5,Normal
22,43,Male,170,63,21.8,Normal,3.0,18.2,Muscle Gain,3,90,Intermediate,1,1,1,0,1,1,63.13,21.85,18.0,2338,3105,175,292,51,58,32,300,1000,5,Normal
22,43,Male,170,63,21.8,Normal,3.0,18.2,Muscle Gain,3,90,Intermediate,1,1,1,0,1,2,63.18,21.86,17.8,2338,3105,175,292,51,58,32,300,1000,5,Normal
22,43,Male,170,63,21.8,Normal,3.0,18.2,Muscle Gain,3,90,Intermediate,1,1,1,0,1,3,63.33,21.91,17.6,2338,3105,175,292,51,58,32,300,1000,5,Normal
22,43,Male,170,63,21.8,Normal,3.0,18.2,Muscle Gain,3,90,Intermediate,1,1,1,0,1,4,63.48,21.96,17.6,2344,3121,175,293,52,58,32,300,1000,5,Normal
22,43,Male,170,63,21.8,Normal,3.0,18.2,Muscle Gain,3,90,Intermediate,1,1,1,0,1,5,63.63,22.02,17.5,2344,3121,175,293,52,58,32,300,1000,5,Normal
22,43,Male,170,63,21.8,Normal,3.0,18.2,Muscle Gain,3,90,Intermediate,1,1,1,0,1,6,63.67,22.03,17.4,2344,3121,175,293,52,58,32,300,1000,5,Normal
22,43,Male,170,63,21.8,Normal,3.0,18.2,Muscle Gain,3,90,Intermediate,1,1,1,0,1,7,63.8,22.08,17.2,2344,3121,175,293,52,58,32,300,1000,5,Normal
22,43,Male,170,63,21.8,Normal,3.0,18.2,Muscle Gain,3,90,Intermediate,1,1,1,0,1,8,63.88,22.1,17.0,2350,3135,176,293,52,58,32,300,1000,5,Normal
22,43,Male,170,63,21.8,Normal,3.0,18.2,Muscle Gain,3,90,Intermediate,1,1,1,0,1,9,63.92,22.12,17.0,2350,3135,176,293,52,58,32,300,1000,5,Normal
22,43,Male,170,63,21.8,Normal,3.0,18.2,Muscle Gain,3,90,Intermediate,1,1,1,0,1,10,64.01,22.15,16.9,2350,3135,176,293,52,58,32,300,1000,5,Normal
22,43,Male,170,63,21.8,Normal,3.0,18.2,Muscle Gain,3,90,Intermediate,1,1,1,0,1,11,64.12,22.19,16.8,2350,3135,176,293,52,58,32,300,1000,5,Normal
22,43,Male,170,63,21.8,Normal,3.0,18.2,Muscle Gain,3,90,Intermediate,1,1,1,0,1,12,64.24,22.23,16.8,2355,3148,176,294,52,58,32,300,1000,5,Normal
23,44,Male,160,94,36.72,Obese,5.0,37.3,Weight Loss,4,30,Beginner,1,1,0,0,0,0,94.0,36.72,37.3,2173,3590,217,162,72,54,30,300,1000,4,Obese
23,44,Male,160,94,36.72,Obese,5.0,37.3,Weight Loss,4,30,Beginner,1,1,0,0,0,1,92.96,36.31,36.9,2173,3590,217,162,72,54,30,300,1000,4,Obese
23,44,Male,160,94,36.72,Obese,5.0,37.3,Weight Loss,4,30,Beginner,1,1,0,0,0,2,92.62,36.18,36.4,2173,3590,217,162,72,54,30,300,1000,4,Obese
23,44,Male,160,94,36.72,Obese,5.0,37.3,Weight Loss,4,30,Beginner,1,1,0,0,0,3,91.71,35.82,36.0,2173,3590,217,162,72,54,30,300,1000,4,Obese
23,44,Male,160,94,36.72,Obese,5.0,37.3,Weight Loss,4,30,Beginner,1,1,0,0,0,4,90.9,35.51,35.3,2125,3481,212,159,70,53,29,300,1000,4,Obese
23,44,Male,160,94,36.72,Obese,5.0,37.3,Weight Loss,4,30,Beginner,1,1,0,0,0,5,90.03,35.17,34.6,2125,3481,212,159,70,53,29,300,1000,4,Obese
23,44,Male,160,94,36.72,Obese,5.0,37.3,Weight Loss,4,30,Beginner,1,1,0,0,0,6,89.49,34.96,34.1,2125,3481,212,159,70,53,29,300,1000,4,Obese
23,44,Male,160,94,36.72,Obese,5.0,37.3,Weight Loss,4,30,Beginner,1,1,0,0,0,7,88.97,34.75,33.4,2125,3481,212,159,70,53,29,300,1000,4,Obese
23,44,Male,160,94,36.72,Obese,5.0,37.3,Weight Loss,4,30,Beginner,1,1,0,0,0,8,88.16,34.44,32.8,2083,3385,208,156,69,52,29,300,1000,4,Obese
23,44,Male,160,94,36.72,Obese,5.0,37.3,Weight Loss,4,30,Beginner,1,1,0,0,0,9,87.41,34.14,32.2,2083,3385,208,156,69,52,29,300,1000,4,Obese
23,44,Male,160,94,36.72,Obese,5.0,37.3,Weight Loss,4,30,Beginner,1,1,0,0,0,10,86.13,33.64,31.7,2083,3385,208,156,69,52,29,300,1000,4,Obese
23,44,Male,160,94,36.72,Obese,5.0,37.3,Weight Loss,4,30,Beginner,1,1,0,0,0,11,85.71,33.48,31.4,2083,3385,208,156,69,52,29,300,1000,4,Obese
23,44,Male,160,94,36.72,Obese,5.0,37.3,Weight Loss,4,30,Beginner,1,1,0,0,0,12,84.93,33.17,31.0,2033,3272,203,152,67,50,28,300,1000,4,Obese
24,32,Female,186,48,13.87,Underweight,2.0,13.6,Muscle Gain,3,90,Beginner,1,0,1,1,1,0,48.0,13.87,13.6,2117,2580,158,264,47,52,29,300,1000,4,Underweight
24,32,Female,186,48,13.87,Underweight,2.0,13.6,Muscle Gain,3,90,Beginner,1,0,1,1,1,1,48.16,13.92,13.6,2117,2580,158,264,47,52,29,300,1000,4,Underweight
24,32,Female,186,48,13.87,Underweight,2.0,13.6,Muscle Gain,3,90,Beginner,1,0,1,1,1,2,48.41,13.99,13.7,2117,2580,158,264,47,52,29,300,1000,4,Underweight
24,32,Female,186,48,13.87,Underweight,2.0,13.6,Muscle Gain,3,90,Beginner,1,0,1,1,1,3,48.53,14.03,13.7,2117,2580,158,264,47,52,29,300,1000,4,Underweight
24,32,Female,186,48,13.87,Underweight,2.0,13.6,Muscle Gain,3,90,Beginner,1,0,1,1,1,4,48.61,14.05,13.8,2125,2601,159,265,47,53,29,300,1000,4,Underweight
24,32,Female,186,48,13.87,Underweight,2.0,13.6,Muscle Gain,3,90,Beginner,1,0,1,1,1,5,48.69,14.07,13.5,2125,2601,159,265,47,53,29,300,1000,4,Underweight
24,32,Female,186,48,13.87,Underweight,2.0,13.6,Muscle Gain,3,90,Beginner,1,0,1,1,1,6,48.86,14.12,13.5,2125,2601,159,265,47,53,29,300,1000,4,Underweight
24,32,Female,186,48,13.87,Underweight,2.0,13.6,Muscle Gain,3,90,Beginner,1,0,1,1,1,7,49.05,14.18,13.5,2125,2601,159,265,47,53,29,300,1000,4,Underweight
24,32,Female,186,48,13.87,Underweight,2.0,13.6,Muscle Gain,3,90,Beginner,1,0,1,1,1,8,49.18,14.21,13.3,2133,2621,159,266,47,53,29,300,1000,4,Underweight
24,32,Female,186,48,13.87,Underweight,2.0,13.6,Muscle Gain,3,90,Beginner,1,0,1,1,1,9,49.39,14.28,13.4,2133,2621,159,266,47,53,29,300,1000,4,Underweight
24,32,Female,186,48,13.87,Underweight,2.0,13.6,Muscle Gain,3,90,Beginner,1,0,1,1,1,10,49.59,14.33,13.4,2133,2621,159,266,47,53,29,300,1000,4,Underweight
24,32,Female,186,48,13.87,Underweight,2.0,13.6,Muscle Gain,3,90,Beginner,1,0,1,1,1,11,49.85,14.41,13.2,2133,2621,159,266,47,53,29,300,1000,4,Underweight
24,32,Female,186,48,13.87,Underweight,2.0,13.6,Muscle Gain,3,90,Beginner,1,0,1,1,1,12,50.02,14.46,13.2,2144,2650,160,268,47,53,30,300,1000,4,Underweight
25,31,Female,185,42,12.27,Underweight,2.0,13.0,Muscle Gain,4,90,Intermediate,1,0,0,0,0,0,42.0,12.27,13.0,2253,2370,168,281,50,56,31,300,1000,5,Underweight
25,31,Female,185,42,12.27,Underweight,2.0,13.0,Muscle Gain,4,90,Intermediate,1,0,0,0,0,1,42.02,12.28,12.9,2253,2370,168,281,50,56,31,300,1000,5,Underweight
25,31,Female,185,42,12.27,Underweight,2.0,13.0,Muscle Gain,4,90,Intermediate,1,0,0,0,0,2,42.08,12.29,12.9,2253,2370,168,281,50,56,31,300,1000,5,Underweight
25,31,Female,185,42,12.27,Underweight,2.0,13.0,Muscle Gain,4,90,Intermediate,1,0,0,0,0,3,42.11,12.3,12.7,2253,2370,168,281,50,56,31,300,1000,5,Underweight
25,31,Female,185,42,12.27,Underweight,2.0,13.0,Muscle Gain,4,90,Intermediate,1,0,0,0,0,4,42.12,12.31,12.7,2255,2374,169,281,50,56,31,300,1000,5,Underweight
25,31,Female,185,42,12.27,Underweight,2.0,13.0,Muscle Gain,4,90,Intermediate,1,0,0,0,0,5,42.19,12.33,12.7,2255,2374,169,281,50,56,31,300,1000,5,Underweight
25,31,Female,185,42,12.27,Underweight,2.0,13.0,Muscle Gain,4,90,Intermediate,1,0,0,0,0,6,42.36,12.38,12.5,2255,2374,169,281,50,56,31,300,1000,5,Underweight
25,31,Female,185,42,12.27,Underweight,2.0,13.0,Muscle Gain,4,90,Intermediate,1,0,0,0,0,7,42.44,12.4,12.3,2255,2374,169,281,50,56,31,300,1000,5,Underweight
25,31,Female,185,42,12.27,Underweight,2.0,13.0,Muscle Gain,4,90,Intermediate,1,0,0,0,0,8,42.49,12.42,12.1,2261,2387,169,282,50,56,31,300,1000,5,Underweight
25,31,Female,185,42,12.27,Underweight,2.0,13.0,Muscle Gain,4,90,Intermediate,1,0,0,0,0,9,42.52,12.42,12.1,2261,2387,169,282,50,56,31,300,1000,5,Underweight
25,31,Female,185,42,12.27,Underweight,2.0,13.0,Muscle Gain,4,90,Intermediate,1,0,0,0,0,10,42.58,12.44,12.2,2261,2387,169,282,50,56,31,300,1000,5,Underweight
25,31,Female,185,42,12.27,Underweight,2.0,13.0,Muscle Gain,4,90,Intermediate,1,0,0,0,0,11,42.73,12.49,12.0,2261,2387,169,282,50,56,31,300,1000,5,Underweight
25,31,Female,185,42,12.27,Underweight,2.0,13.0,Muscle Gain,4,90,Intermediate,1,0,0,0,0,12,42.91,12.54,12.0,2267,2401,170,283,50,56,31,300,1000,5,Underweight
26,19,Female,184,70,20.68,Normal,3.0,23.4,Muscle Gain,2,45,Beginner,1,0,0,0,0,0,70.0,20.68,23.4,2491,2900,186,311,55,62,34,300,1000,5,Normal
26,19,Female,184,70,20.68,Normal,3.0,23.4,Muscle Gain,2,45,Beginner,1,0,0,0,0,1,70.21,20.74,23.4,2491,2900,186,311,55,62,34,300,1000,5,Normal
26,19,Female,184,70,20.68,Normal,3.0,23.4,Muscle Gain,2,45,Beginner,1,0,0,0,0,2,70.35,20.78,23.2,2491,2900,186,311,55,62,34,300,1000,5,Normal
26,19,Female,184,70,20.68,Normal,3.0,23.4,Muscle Gain,2,45,Beginner,1,0,0,0,0,3,70.67,20.87,22.9,2491,2900,186,311,55,62,34,300,1000,5,Normal
26,19,Female,184,70,20.68,Normal,3.0,23.4,Muscle Gain,2,45,Beginner,1,0,0,0,0,4,70.9,20.94,22.9,2504,2931,187,313,55,62,35,300,1000,5,Normal
26,19,Female,184,70,20.68,Normal,3.0,23.4,Muscle Gain,2,45,Beginner,1,0,0,0,0,5,71.21,21.03,23.0,2504,2931,187,313,55,62,35,300,1000,5,Normal
26,19,Female,184,70,20.68,Normal,3.0,23.4,Muscle Gain,2,45,Beginner,1,0,0,0,0,6,71.49,21.12,22.7,2504,2931,187,313,55,62,35,300,1000,5,Normal
26,19,Female,184,70,20.68,Normal,3.0,23.4,Muscle Gain,2,45,Beginner,1,0,0,0,0,7,71.78,21.2,22.7,2504,2931,187,313,55,62,35,300,1000,5,Normal
26,19,Female,184,70,20.68,Normal,3.0,23.4,Muscle Gain,2,45,Beginner,1,0,0,0,0,8,72.06,21.28,22.5,2520,2972,189,315,56,63,35,300,1000,5,Normal
26,19,Female,184,70,20.68,Normal,3.0,23.4,Muscle Gain,2,45,Beginner,1,0,0,0,0,9,72.29,21.35,22.4,2520,2972,189,315,56,63,35,300,1000,5,Normal
26,19,Female,184,70,20.68,Normal,3.0,23.4,Muscle Gain,2,45,Beginner,1,0,0,0,0,10,72.53,21.42,22.1,2520,2972,189,315,56,63,35,300,1000,5,Normal
26,19,Female,184,70,20.68,Normal,3.0,23.4,Muscle Gain,2,45,Beginner,1,0,0,0,0,11,72.8,21.5,21.9,2520,2972,189,315,56,63,35,300,1000,5,Normal
26,19,Female,184,70,20.68,Normal,3.0,23.4,Muscle Gain,2,45,Beginner,1,0,0,0,0,12,73.05,21.58,21.8,2533,3006,189,316,56,63,35,300,1000,5,Normal
27,23,Female,168,79,27.99,Overweight,5.0,32.6,Weight Loss,5,60,Advanced,1,0,1,0,0,0,79.0,27.99,32.6,1924,3365,192,144,64,48,26,300,1000,4,Overweight
27,23,Female,168,79,27.99,Overweight,5.0,32.6,Weight Loss,5,60,Advanced,1,0,1,0,0,1,78.75,27.9,32.2,1924,3365,192,144,64,48,26,300,1000,4,Overweight
27,23,Female,168,79,27.99,Overweight,5.0,32.6,Weight Loss,5,60,Advanced,1,0,1,0,0,2,77.68,27.52,31.8,1924,3365,192,144,64,48,26,300,1000,4,Overweight
27,23,Female,168,79,27.99,Overweight,5.0,32.6,Weight Loss,5,60,Advanced,1,0,1,0,0,3,77.23,27.36,31.2,1924,3365,192,144,64,48,26,300,1000,4,Overweight
27,23,Female,168,79,27.99,Overweight,5.0,32.6,Weight Loss,5,60,Advanced,1,0,1,0,0,4,76.73,27.19,30.5,1889,3285,188,141,62,47,26,300,1000,4,Overweight
27,23,Female,168,79,27.99,Overweight,5.0,32.6,Weight Loss,5,60,Advanced,1,0,1,0,0,5,76.58,27.13,29.7,1889,3285,188,141,62,47,26,300,1000,4,Overweight
27,23,Female,168,79,27.99,Overweight,5.0,32.6,Weight Loss,5,60,Advanced,1,0,1,0,0,6,76.01,26.93,29.2,1889,3285,188,141,62,47,26,300,1000,4,Overweight
27,23,Female,168,79,27.99,Overweight,5.0,32.6,Weight Loss,5,60,Advanced,1,0,1,0,0,7,75.27,26.67,28.9,1889,3285,188,141,62,47,26,300,1000,4,Overweight
27,23,Female,168,79,27.99,Overweight,5.0,32.6,Weight Loss,5,60,Advanced,1,0,1,0,0,8,75.06,26.59,28.3,1863,3227,186,139,62,46,26,300,1000,4,Overweight
27,23,Female,168,79,27.99,Overweight,5.0,32.6,Weight Loss,5,60,Advanced,1,0,1,0,0,9,74.14,26.27,27.8,1863,3227,186,139,62,46,26,300,1000,4,Overweight
27,23,Female,168,79,27.99,Overweight,5.0,32.6,Weight Loss,5,60,Advanced,1,0,1,0,0,10,73.28,25.96,27.1,1863,3227,186,139,62,46,26,300,1000,4,Overweight
27,23,Female,168,79,27.99,Overweight,5.0,32.6,Weight Loss,5,60,Advanced,1,0,1,0,0,11,72.81,25.8,26.5,1863,3227,186,139,62,46,26,300,1000,4,Overweight
27,23,Female,168,79,27.99,Overweight,5.0,32.6,Weight Loss,5,60,Advanced,1,0,1,0,0,12,72.13,25.56,26.0,1817,3124,181,136,60,45,25,300,1000,4,Overweight
28,37,Female,169,75,26.26,Overweight,5.0,33.8,Muscle Gain,3,60,Intermediate,0,0,0,0,0,0,75.0,26.26,33.8,2307,3225,173,288,51,57,32,300,1000,5,Overweight
28,37,Female,169,75,26.26,Overweight,5.0,33.8,Muscle Gain,3,60,Intermediate,0,0,0,0,0,1,75.2,26.33,33.6,2307,3225,173,288,51,57,32,300,1000,5,Overweight
28,37,Female,169,75,26.26,Overweight,5.0,33.8,Muscle Gain,3,60,Intermediate,0,0,0,0,0,2,75.33,26.38,33.5,2307,3225,173,288,51,57,32,300,1000,5,Overweight
28,37,Female,169,75,26.26,Overweight,5.0,33.8,Muscle Gain,3,60,Intermediate,0,0,0,0,0,3,75.45,26.42,33.6,2307,3225,173,288,51,57,32,300,1000,5,Overweight
28,37,Female,169,75,26.26,Overweight,5.0,33.8,Muscle Gain,3,60,Intermediate,0,0,0,0,0,4,75.62,26.48,33.5,2316,3246,173,289,51,57,32,300,1000,5,Overweight
28,37,Female,169,75,26.26,Overweight,5.0,33.8,Muscle Gain,3,60,Intermediate,0,0,0,0,0,5,75.74,26.52,33.3,2316,3246,173,289,51,57,32,300,1000,5,Overweight
28,37,Female,169,75,26.26,Overweight,5.0,33.8,Muscle Gain,3,60,Intermediate,0,0,0,0,0,6,75.91,26.58,33.1,2316,3246,173,289,51,57,32,300,1000,5,Overweight
28,37,Female,169,75,26.26,Overweight,5.0,33.8,Muscle Gain,3,60,Intermediate,0,0,0,0,0,7,76.16,26.67,33.0,2316,3246,173,289,51,57,32,300,1000,5,Overweight
28,37,Female,169,75,26.26,Overweight,5.0,33.8,Muscle Gain,3,60,Intermediate,0,0,0,0,0,8,76.31,26.72,32.7,2325,3270,174,290,51,58,32,300,1000,5,Overweight
28,37,Female,169,75,26.26,Overweight,5.0,33.8,Muscle Gain,3,60,Intermediate,0,0,0,0,0,9,76.41,26.75,32.5,2325,3270,174,290,51,58,32,300,1000,5,Overweight
28,37,Female,169,75,26.26,Overweight,5.0,33.8,Muscle Gain,3,60,Intermediate,0,0,0,0,0,10,76.58,26.81,32.6,2325,3270,174,290,51,58,32,300,1000,5,Overweight
28,37,Female,169,75,26.26,Overweight,5.0,33.8,Muscle Gain,3,60,Intermediate,0,0,0,0,0,11,76.68,26.85,32.3,2325,3270,174,290,51,58,32,300,1000,5,Overweight
28,37,Female,169,75,26.26,Overweight,5.0,33.8,Muscle Gain,3,60,Intermediate,0,0,0,0,0,12,76.82,26.9,32.4,2332,3288,174,291,51,58,32,300,1000,5,Overweight
29,25,Male,167,63,22.59,Normal,3.0,18.4,Muscle Gain,3,30,Intermediate,1,1,0,0,0,0,63.0,22.59,18.4,2436,2505,182,304,54,60,34,300,1000,5,Normal
29,25,Male,167,63,22.59,Normal,3.0,18.4,Muscle Gain,3,30,Intermediate,1,1,0,0,0,1,63.03,22.6,18.3,2436,2505,182,304,54,60,34,300,1000,5,Normal
29,25,Male,167,63,22.59,Normal,3.0,18.4,Muscle Gain,3,30,Intermediate,1,1,0,0,0,2,63.11,22.63,18.3,2436,2505,182,304,54,60,34,300,1000,5,Normal
29,25,Male,167,63,22.59,Normal,3.0,18.4,Muscle Gain,3,30,Intermediate,1,1,0,0,0,3,63.17,22.65,18.0,2436,2505,182,304,54,60,34,300,1000,5,Normal
29,25,Male,167,63,22.59,Normal,3.0,18.4,Muscle Gain,3,30,Intermediate,1,1,0,0,0,4,63.27,22.69,17.7,2440,2514,183,305,54,61,34,300,1000,5,Normal
29,25,Male,167,63,22.59,Normal,3.0,18.4,Muscle Gain,3,30,Intermediate,1,1,0,0,0,5,63.27,22.69,17.5,2440,2514,183,305,54,61,34,300,1000,5,Normal
29,25,Male,167,63,22.59,Normal,3.0,18.4,Muscle Gain,3,30,Intermediate,1,1,0,0,0,6,63.38,22.73,17.4,2440,2514,183,305,54,61,34,300,1000,5,Normal
29,25,Male,167,63,22.59,Normal,3.0,18.4,Muscle Gain,3,30,Intermediate,1,1,0,0,0,7,63.52,22.78,17.5,2440,2514,183,305,54,61,34,300,1000,5,Normal
29,25,Male,167,63,22.59,Normal,3.0,18.4,Muscle Gain,3,30,Intermediate,1,1,0,0,0,8,63.57,22.79,17.5,2444,2524,183,305,54,61,34,300,1000,5,Normal
29,25,Male,167,63,22.59,Normal,3.0,18.4,Muscle Gain,3,30,Intermediate,1,1,0,0,0,9,63.78,22.87,17.4,2444,2524,183,305,54,61,34,300,1000,5,Normal
29,25,Male,167,63,22.59,Normal,3.0,18.4,Muscle Gain,3,30,Intermediate,1,1,0,0,0,10,63.99,22.94,17.2,2444,2524,183,305,54,61,34,300,1000,5,Normal
29,25,Male,167,63,22.59,Normal,3.0,18.4,Muscle Gain,3,30,Intermediate,1,1,0,0,0,11,64.21,23.02,17.2,2444,2524,183,305,54,61,34,300,1000,5,Normal
29,25,Male,167,63,22.59,Normal,3.0,18.4,Muscle Gain,3,30,Intermediate,1,1,0,0,0,12,64.34,23.07,17.1,2454,2551,184,306,54,61,34,300,1000,5,Normal
30,34,Female,196,45,11.71,Underweight,2.0,13.1,Muscle Gain,2,60,Beginner,1,1,0,0,0,0,45.0,11.71,13.1,2148,2175,161,268,47,53,30,300,1000,4,Underweight
30,34,Female,196,45,11.71,Underweight,2.0,13.1,Muscle Gain,2,60,Beginner,1,1,0,0,0,1,45.09,11.74,12.9,2148,2175,161,268,47,53,30,300,1000,4,Underweight
30,34,Female,196,45,11.71,Underweight,2.0,13.1,Muscle Gain,2,60,Beginner,1,1,0,0,0,2,45.22,11.77,12.9,2148,2175,161,268,47,53,30,300,1000,4,Underweight
30,34,Female,196,45,11.71,Underweight,2.0,13.1,Muscle Gain,2,60,Beginner,1,1,0,0,0,3,45.3,11.79,12.7,2148,2175,161,268,47,53,30,300,1000,4,Underweight
30,34,Female,196,45,11.71,Underweight,2.0,13.1,Muscle Gain,2,60,Beginner,1,1,0,0,0,4,45.34,11.8,12.5,2152,2186,161,269,47,53,30,300,1000,4,Underweight
30,34,Female,196,45,11.71,Underweight,2.0,13.1,Muscle Gain,2,60,Beginner,1,1,0,0,0,5,45.44,11.83,12.4,2152,2186,161,269,47,53,30,300,1000,4,Underweight
30,34,Female,196,45,11.71,Underweight,2.0,13.1,Muscle Gain,2,60,Beginner,1,1,0,0,0,6,45.65,11.88,12.4,2152,2186,161,269,47,53,30,300,1000,4,Underweight
30,34,Female,196,45,11.71,Underweight,2.0,13.1,Muscle Gain,2,60,Beginner,1,1,0,0,0,7,45.76,11.91,12.2,2152,2186,161,269,47,53,30,300,1000,4,Underweight
30,34,Female,196,45,11.71,Underweight,2.0,13.1,Muscle Gain,2,60,Beginner,1,1,0,0,0,8,45.85,11.93,12.0,2159,2204,161,269,47,53,30,300,1000,4,Underweight
30,34,Female,196,45,11.71,Underweight,2.0,13.1,Muscle Gain,2,60,Beginner,1,1,0,0,0,9,45.94,11.96,12.0,2159,2204,161,269,47,53,30,300,1000,4,Underweight
30,34,Female,196,45,11.71,Underweight,2.0,13.1,Muscle Gain,2,60,Beginner,1,1,0,0,0,10,46.03,11.98,12.0,2159,2204,161,269,47,53,30,300,1000,4,Underweight
30,34,Female,196,45,11.71,Underweight,2.0,13.1,Muscle Gain,2,60,Beginner,1,1,0,0,0,11,46.06,11.99,12.1,2159,2204,161,269,47,53,30,300,1000,4,Underweight
30,34,Female,196,45,11.71,Underweight,2.0,13.1,Muscle Gain,2,60,Beginner,1,1,0,0,0,12,46.26,12.04,12.0,2165,2218,162,270,48,54,30,300,1000,4,Underweight
31,20,Male,190,105,29.09,Overweight,4.0,25.6,Weight Loss,2,45,Beginner,1,0,0,1,0,0,105.0,29.09,25.6,2445,4125,244,183,81,61,34,300,1000,5,Overweight
31,20,Male,190,105,29.09,Overweight,4.0,25.6,Weight Loss,2,45,Beginner,1,0,0,1,0,1,104.89,29.06,24.9,2445,4125,244,183,81,61,34,300,1000,5,Overweight
31,20,Male,190,105,29.09,Overweight,4.0,25.6,Weight Loss,2,45,Beginner,1,0,0,1,0,2,103.58,28.69,24.6,2445,4125,244,183,81,61,34,300,1000,5,Overweight
31,20,Male,190,105,29.09,Overweight,4.0,25.6,Weight Loss,2,45,Beginner,1,0,0,1,0,3,103.07,28.55,24.1,2445,4125,244,183,81,61,34,300,1000,5,Overweight
31,20,Male,190,105,29.09,Overweight,4.0,25.6,Weight Loss,2,45,Beginner,1,0,0,1,0,4,102.48,28.39,23.7,2411,4036,241,180,80,60,33,300,1000,5,Overweight
31,20,Male,190,105,29.09,Overweight,4.0,25.6,Weight Loss,2,45,Beginner,1,0,0,1,0,5,101.21,28.04,23.1,2411,4036,241,180,80,60,33,300,1000,5,Overweight
31,20,Male,190,105,29.09,Overweight,4.0,25.6,Weight Loss,2,45,Beginner,1,0,0,1,0,6,100.44,27.82,22.5,2411,4036,241,180,80,60,33,300,1000,5,Overweight
31,20,Male,190,105,29.09,Overweight,4.0,25.6,Weight Loss,2,45,Beginner,1,0,0,1,0,7,99.32,27.51,22.0,2411,4036,241,180,80,60,33,300,1000,5,Overweight
31,20,Male,190,105,29.09,Overweight,4.0,25.6,Weight Loss,2,45,Beginner,1,0,0,1,0,8,98.55,27.3,21.5,2357,3899,235,176,78,58,32,300,1000,5,Overweight
31,20,Male,190,105,29.09,Overweight,4.0,25.6,Weight Loss,2,45,Beginner,1,0,0,1,0,9,97.91,27.12,21.0,2357,3899,235,176,78,58,32,300,1000,5,Overweight
31,20,Male,190,105,29.09,Overweight,4.0,25.6,Weight Loss,2,45,Beginner,1,0,0,1,0,10,97.39,26.98,20.2,2357,3899,235,176,78,58,32,300,1000,5,Overweight
31,20,Male,190,105,29.09,Overweight,4.0,25.6,Weight Loss,2,45,Beginner,1,0,0,1,0,11,96.63,26.77,19.5,2357,3899,235,176,78,58,32,300,1000,5,Overweight
31,20,Male,190,105,29.09,Overweight,4.0,25.6,Weight Loss,2,45,Beginner,1,0,0,1,0,12,96.47,26.72,19.1,2328,3826,232,174,77,58,32,300,1000,5,Overweight
32,41,Male,198,123,31.37,Obese,5.0,32.7,Weight Loss,4,30,Beginner,0,0,0,0,0,0,123.0,31.37,32.7,3014,4605,301,226,100,75,42,300,1000,5,Obese
32,41,Male,198,123,31.37,Obese,5.0,32.7,Weight Loss,4,30,Beginner,0,0,0,0,0,1,121.71,31.05,32.0,3014,4605,301,226,100,75,42,300,1000,5,Obese
32,41,Male,198,123,31.37,Obese,5.0,32.7,Weight Loss,4,30,Beginner,0,0,0,0,0,2,121.31,30.94,31.3,3014,4605,301,226,100,75,42,300,1000,5,Obese
32,41,Male,198,123,31.37,Obese,5.0,32.7,Weight Loss,4,30,Beginner,0,0,0,0,0,3,119.85,30.57,31.0,3014,4605,301,226,100,75,42,300,1000,5,Obese
32,41,Male,198,123,31.37,Obese,5.0,32.7,Weight Loss,4,30,Beginner,0,0,0,0,0,4,119.3,30.43,30.3,2957,4475,295,221,98,73,41,300,1000,5,Obese
32,41,Male,198,123,31.37,Obese,5.0,32.7,Weight Loss,4,30,Beginner,0,0,0,0,0,5,118.02,30.1,29.6,2957,4475,295,221,98,73,41,300,1000,5,Obese
32,41,Male,198,123,31.37,Obese,5.0,32.7,Weight Loss,4,30,Beginner,0,0,0,0,0,6,117.29,29.92,29.2,2957,4475,295,221,98,73,41,300,1000,5,Overweight
32,41,Male,198,123,31.37,Obese,5.0,32.7,Weight Loss,4,30,Beginner,0,0,0,0,0,7,116.65,29.75,28.5,2957,4475,295,221,98,73,41,300,1000,5,Overweight
32,41,Male,198,123,31.37,Obese,5.0,32.7,Weight Loss,4,30,Beginner,0,0,0,0,0,8,115.68,29.51,28.0,2901,4348,290,217,96,72,40,300,1000,5,Overweight
32,41,Male,198,123,31.37,Obese,5.0,32.7,Weight Loss,4,30,Beginner,0,0,0,0,0,9,114.55,29.22,27.5,2901,4348,290,217,96,72,40,300,1000,5,Overweight
32,41,Male,198,123,31.37,Obese,5.0,32.7,Weight Loss,4,30,Beginner,0,0,0,0,0,10,113.39,28.92,26.8,2901,4348,290,217,96,72,40,300,1000,5,Overweight
32,41,Male,198,123,31.37,Obese,5.0,32.7,Weight Loss,4,30,Beginner,0,0,0,0,0,11,112.45,28.68,26.1,2901,4348,290,217,96,72,40,300,1000,5,Overweight
32,41,Male,198,123,31.37,Obese,5.0,32.7,Weight Loss,4,30,Beginner,0,0,0,0,0,12,111.63,28.47,25.7,2838,4206,283,212,94,70,39,300,1000,5,Overweight
33,30,Male,163,114,42.91,Obese,5.0,48.0,Weight Loss,3,45,Intermediate,1,1,0,1,0,0,114.0,42.91,48.0,2268,4440,226,170,75,56,31,300,1000,5,Obese
33,30,Male,163,114,42.91,Obese,5.0,48.0,Weight Loss,3,45,Intermediate,1,1,0,1,0,1,113.55,42.74,47.3,2268,4440,226,170,75,56,31,300,1000,5,Obese
33,30,Male,163,114,42.91,Obese,5.0,48.0,Weight Loss,3,45,Intermediate,1,1,0,1,0,2,113.01,42.54,46.6,2268,4440,226,170,75,56,31,300,1000,5,Obese
33,30,Male,163,114,42.91,Obese,5.0,48.0,Weight Loss,3,45,Intermediate,1,1,0,1,0,3,112.77,42.44,46.0,2268,4440,226,170,75,56,31,300,1000,5,Obese
33,30,Male,163,114,42.91,Obese,5.0,48.0,Weight Loss,3,45,Intermediate,1,1,0,1,0,4,111.35,41.91,45.5,2232,4347,223,167,74,55,31,300,1000,5,Obese
33,30,Male,163,114,42.91,Obese,5.0,48.0,Weight Loss,3,45,Intermediate,1,1,0,1,0,5,110.17,41.47,45.0,2232,4347,223,167,74,55,31,300,1000,5,Obese
33,30,Male,163,114,42.91,Obese,5.0,48.0,Weight Loss,3,45,Intermediate,1,1,0,1,0,6,109.37,41.17,44.3,2232,4347,223,167,74,55,31,300,1000,5,Obese
33,30,Male,163,114,42.91,Obese,5.0,48.0,Weight Loss,3,45,Intermediate,1,1,0,1,0,7,108.54,40.85,43.5,2232,4347,223,167,74,55,31,300,1000,5,Obese
33,30,Male,163,114,42.91,Obese,5.0,48.0,Weight Loss,3,45,Intermediate,1,1,0,1,0,8,107.01,40.28,42.9,2172,4195,217,162,72,54,30,300,1000,4,Obese
33,30,Male,163,114,42.91,Obese,5.0,48.0,Weight Loss,3,45,Intermediate,1,1,0,1,0,9,106.22,39.98,42.6,2172,4195,217,162,72,54,30,300,1000,4,Obese
33,30,Male,163,114,42.91,Obese,5.0,48.0,Weight Loss,3,45,Intermediate,1,1,0,1,0,10,106.07,39.92,41.9,2172,4195,217,162,72,54,30,300,1000,4,Obese
33,30,Male,163,114,42.91,Obese,5.0,48.0,Weight Loss,3,45,Intermediate,1,1,0,1,0,11,105.19,39.59,41.5,2172,4195,217,162,72,54,30,300,1000,4,Obese
33,30,Male,163,114,42.91,Obese,5.0,48.0,Weight Loss,3,45,Intermediate,1,1,0,1,0,12,104.41,39.3,40.8,2137,4104,213,160,71,53,29,300,1000,4,Obese
34,25,Female,164,43,15.99,Underweight,2.0,17.8,Muscle Gain,5,30,Advanced,1,0,1,0,1,0,43.0,15.99,17.8,2111,1805,158,263,46,52,29,300,1000,4,Underweight
34,25,Female,164,43,15.99,Underweight,2.0,17.8,Muscle Gain,5,30,Advanced,1,0,1,0,1,1,43.11,16.03,17.6,2111,1805,158,263,46,52,29,300,1000,4,Underweight
34,25,Female,164,43,15.99,Underweight,2.0,17.8,Muscle Gain,5,30,Advanced,1,0,1,0,1,2,43.2,16.06,17.5,2111,1805,158,263,46,52,29,300,1000,4,Underweight
34,25,Female,164,43,15.99,Underweight,2.0,17.8,Muscle Gain,5,30,Advanced,1,0,1,0,1,3,43.3,16.1,17.4,2111,1805,158,263,46,52,29,300,1000,4,Underweight
34,25,Female,164,43,15.99,Underweight,2.0,17.8,Muscle Gain,5,30,Advanced,1,0,1,0,1,4,43.26,16.08,17.2,2115,1814,158,264,47,52,29,300,1000,4,Underweight
34,25,Female,164,43,15.99,Underweight,2.0,17.8,Muscle Gain,5,30,Advanced,1,0,1,0,1,5,43.24,16.08,17.2,2115,1814,158,264,47,52,29,300,1000,4,Underweight
34,25,Female,164,43,15.99,Underweight,2.0,17.8,Muscle Gain,5,30,Advanced,1,0,1,0,1,6,43.28,16.09,17.0,2115,1814,158,264,47,52,29,300,1000,4,Underweight
34,25,Female,164,43,15.99,Underweight,2.0,17.8,Muscle Gain,5,30,Advanced,1,0,1,0,1,7,43.32,16.1,16.9,2115,1814,158,264,47,52,29,300,1000,4,Underweight
34,25,Female,164,43,15.99,Underweight,2.0,17.8,Muscle Gain,5,30,Advanced,1,0,1,0,1,8,43.43,16.15,16.9,2118,1820,158,264,47,52,29,300,1000,4,Underweight
34,25,Female,164,43,15.99,Underweight,2.0,17.8,Muscle Gain,5,30,Advanced,1,0,1,0,1,9,43.54,16.19,16.7,2118,1820,158,264,47,52,29,300,1000,4,Underweight
34,25,Female,164,43,15.99,Underweight,2.0,17.8,Muscle Gain,5,30,Advanced,1,0,1,0,1,10,43.65,16.23,16.5,2118,1820,158,264,47,52,29,300,1000,4,Underweight
34,25,Female,164,43,15.99,Underweight,2.0,17.8,Muscle Gain,5,30,Advanced,1,0,1,0,1,11,43.78,16.28,16.5,2118,1820,158,264,47,52,29,300,1000,4,Underweight
34,25,Female,164,43,15.99,Underweight,2.0,17.8,Muscle Gain,5,30,Advanced,1,0,1,0,1,12,43.89,16.32,16.5,2125,1836,159,265,47,53,29,300,1000,4,Underweight
35,42,Male,180,118,36.42,Obese,5.0,39.8,Weight Loss,3,30,Advanced,1,0,1,0,0,0,118.0,36.42,39.8,2387,4430,238,179,79,59,33,300,1000,5,Obese
35,42,Male,180,118,36.42,Obese,5.0,39.8,Weight Loss,3,30,Advanced,1,0,1,0,0,1,116.73,36.03,39.2,2387,4430,238,179,79,59,33,300,1000,5,Obese
35,42,Male,180,118,36.42,Obese,5.0,39.8,Weight Loss,3,30,Advanced,1,0,1,0,0,2,115.7,35.71,38.8,2387,4430,238,179,79,59,33,300,1000,5,Obese
35,42,Male,180,118,36.42,Obese,5.0,39.8,Weight Loss,3,30,Advanced,1,0,1,0,0,3,115.05,35.51,38.1,2387,4430,238,179,79,59,33,300,1000,5,Obese
35,42,Male,180,118,36.42,Obese,5.0,39.8,Weight Loss,3,30,Advanced,1,0,1,0,0,4,114.09,35.21,37.4,2333,4293,233,174,77,58,32,300,1000,5,Obese
35,42,Male,180,118,36.42,Obese,5.0,39.8,Weight Loss,3,30,Advanced,1,0,1,0,0,5,113.6,35.06,36.8,2333,4293,233,174,77,58,32,300,1000,5,Obese
35,42,Male,180,118,36.42,Obese,5.0,39.8,Weight Loss,3,30,Advanced,1,0,1,0,0,6,113.38,34.99,36.4,2333,4293,233,174,77,58,32,300,1000,5,Obese
35,42,Male,180,118,36.42,Obese,5.0,39.8,Weight Loss,3,30,Advanced,1,0,1,0,0,7,112.2,34.63,35.8,2333,4293,233,174,77,58,32,300,1000,5,Obese
35,42,Male,180,118,36.42,Obese,5.0,39.8,Weight Loss,3,30,Advanced,1,0,1,0,0,8,111.16,34.31,35.4,2293,4190,229,171,76,57,32,300,1000,5,Obese
35,42,Male,180,118,36.42,Obese,5.0,39.8,Weight Loss,3,30,Advanced,1,0,1,0,0,9,110.41,34.08,34.6,2293,4190,229,171,76,57,32,300,1000,5,Obese
35,42,Male,180,118,36.42,Obese,5.0,39.8,Weight Loss,3,30,Advanced,1,0,1,0,0,10,109.24,33.72,33.8,2293,4190,229,171,76,57,32,300,1000,5,Obese
35,42,Male,180,118,36.42,Obese,5.0,39.8,Weight Loss,3,30,Advanced,1,0,1,0,0,11,107.91,33.3,33.4,2293,4190,229,171,76,57,32,300,1000,5,Obese
35,42,Male,180,118,36.42,Obese,5.0,39.8,Weight Loss,3,30,Advanced,1,0,1,0,0,12,106.96,33.01,32.7,2235,4043,223,167,74,55,31,300,1000,5,Obese
36,18,Male,150,45,20.0,Normal,2.0,14.1,Muscle Gain,3,30,Beginner,1,1,0,0,0,0,45.0,20.0,14.1,2090,1875,156,261,46,52,29,300,1000,4,Normal
36,18,Male,150,45,20.0,Normal,2.0,14.1,Muscle Gain,3,30,Beginner,1,1,0,0,0,1,45.18,20.08,14.1,2090,1875,156,261,46,52,29,300,1000,4,Normal
36,18,Male,150,45,20.0,Normal,2.0,14.1,Muscle Gain,3,30,Beginner,1,1,0,0,0,2,45.43,20.19,14.0,2090,1875,156,261,46,52,29,300,1000,4,Normal
36,18,Male,150,45,20.0,Normal,2.0,14.1,Muscle Gain,3,30,Beginner,1,1,0,0,0,3,45.59,20.26,13.7,2090,1875,156,261,46,52,29,300,1000,4,Normal
36,18,Male,150,45,20.0,Normal,2.0,14.1,Muscle Gain,3,30,Beginner,1,1,0,0,0,4,45.68,20.3,13.6,2100,1898,157,262,46,52,29,300,1000,4,Normal
36,18,Male,150,45,20.0,Normal,2.0,14.1,Muscle Gain,3,30,Beginner,1,1,0,0,0,5,45.86,20.38,13.4,2100,1898,157,262,46,52,29,300,1000,4,Normal
36,18,Male,150,45,20.0,Normal,2.0,14.1,Muscle Gain,3,30,Beginner,1,1,0,0,0,6,46.08,20.48,13.3,2100,1898,157,262,46,52,29,300,1000,4,Normal
36,18,Male,150,45,20.0,Normal,2.0,14.1,Muscle Gain,3,30,Beginner,1,1,0,0,0,7,46.16,20.52,13.3,2100,1898,157,262,46,52,29,300,1000,4,Normal
36,18,Male,150,45,20.0,Normal,2.0,14.1,Muscle Gain,3,30,Beginner,1,1,0,0,0,8,46.27,20.56,13.2,2108,1919,158,263,46,52,29,300,1000,4,Normal
36,18,Male,150,45,20.0,Normal,2.0,14.1,Muscle Gain,3,30,Beginner,1,1,0,0,0,9,46.43,20.64,13.1,2108,1919,158,263,46,52,29,300,1000,4,Normal
36,18,Male,150,45,20.0,Normal,2.0,14.1,Muscle Gain,3,30,Beginner,1,1,0,0,0,10,46.53,20.68,12.9,2108,1919,158,263,46,52,29,300,1000,4,Normal
36,18,Male,150,45,20.0,Normal,2.0,14.1,Muscle Gain,3,30,Beginner,1,1,0,0,0,11,46.61,20.72,12.8,2108,1919,158,263,46,52,29,300,1000,4,Normal
36,18,Male,150,45,20.0,Normal,2.0,14.1,Muscle Gain,3,30,Beginner,1,1,0,0,0,12,46.81,20.81,12.7,2115,1938,158,264,47,52,29,300,1000,4,Normal
37,36,Female,152,90,38.95,Obese,5.0,53.6,Weight Loss,4,90,Beginner,1,0,0,0,0,0,90.0,38.95,53.6,1838,4050,183,137,61,45,25,300,1000,4,Obese
37,36,Female,152,90,38.95,Obese,5.0,53.6,Weight Loss,4,90,Beginner,1,0,0,0,0,1,89.34,38.67,53.3,1838,4050,183,137,61,45,25,300,1000,4,Obese
37,36,Female,152,90,38.95,Obese,5.0,53.6,Weight Loss,4,90,Beginner,1,0,0,0,0,2,88.42,38.27,52.5,1838,4050,183,137,61,45,25,300,1000,4,Obese
37,36,Female,152,90,38.95,Obese,5.0,53.6,Weight Loss,4,90,Beginner,1,0,0,0,0,3,87.28,37.77,51.8,1838,4050,183,137,61,45,25,300,1000,4,Obese
37,36,Female,152,90,38.95,Obese,5.0,53.6,Weight Loss,4,90,Beginner,1,0,0,0,0,4,86.67,37.51,51.3,1787,3933,178,134,59,44,25,300,1000,4,Obese
37,36,Female,152,90,38.95,Obese,5.0,53.6,Weight Loss,4,90,Beginner,1,0,0,0,0,5,86.05,37.24,50.9,1787,3933,178,134,59,44,25,300,1000,4,Obese
37,36,Female,152,90,38.95,Obese,5.0,53.6,Weight Loss,4,90,Beginner,1,0,0,0,0,6,85.43,36.97,50.5,1787,3933,178,134,59,44,25,300,1000,4,Obese
37,36,Female,152,90,38.95,Obese,5.0,53.6,Weight Loss,4,90,Beginner,1,0,0,0,0,7,84.76,36.69,49.8,1787,3933,178,134,59,44,25,300,1000,4,Obese
37,36,Female,152,90,38.95,Obese,5.0,53.6,Weight Loss,4,90,Beginner,1,0,0,0,0,8,84.18,36.44,49.3,1748,3846,174,131,58,43,24,300,1000,4,Obese
37,36,Female,152,90,38.95,Obese,5.0,53.6,Weight Loss,4,90,Beginner,1,0,0,0,0,9,83.58,36.18,48.7,1748,3846,174,131,58,43,24,300,1000,4,Obese
37,36,Female,152,90,38.95,Obese,5.0,53.6,Weight Loss,4,90,Beginner,1,0,0,0,0,10,82.65,35.77,48.3,1748,3846,174,131,58,43,24,300,1000,4,Obese
37,36,Female,152,90,38.95,Obese,5.0,53.6,Weight Loss,4,90,Beginner,1,0,0,0,0,11,81.74,35.38,47.7,1748,3846,174,131,58,43,24,300,1000,4,Obese
37,36,Female,152,90,38.95,Obese,5.0,53.6,Weight Loss,4,90,Beginner,1,0,0,0,0,12,81.0,35.06,47.0,1699,3735,169,127,56,42,23,300,1000,4,Obese
38,44,Male,165,101,37.1,Obese,5.0,37.1,Weight Loss,4,60,Intermediate,0,0,0,0,1,0,101.0,37.1,37.1,2330,4135,233,174,77,58,32,300,1000,5,Obese
38,44,Male,165,101,37.1,Obese,5.0,37.1,Weight Loss,4,60,Intermediate,0,0,0,0,1,1,100.06,36.75,36.8,2330,4135,233,174,77,58,32,300,1000,5,Obese
38,44,Male,165,101,37.1,Obese,5.0,37.1,Weight Loss,4,60,Intermediate,0,0,0,0,1,2,99.1,36.4,36.1,2330,4135,233,174,77,58,32,300,1000,5,Obese
38,44,Male,165,101,37.1,Obese,5.0,37.1,Weight Loss,4,60,Intermediate,0,0,0,0,1,3,97.78,35.91,35.6,2330,4135,233,174,77,58,32,300,1000,5,Obese
38,44,Male,165,101,37.1,Obese,5.0,37.1,Weight Loss,4,60,Intermediate,0,0,0,0,1,4,97.54,35.83,34.8,2277,4014,227,170,75,56,31,300,1000,5,Obese
38,44,Male,165,101,37.1,Obese,5.0,37.1,Weight Loss,4,60,Intermediate,0,0,0,0,1,5,97.03,35.64,34.2,2277,4014,227,170,75,56,31,300,1000,5,Obese
38,44,Male,165,101,37.1,Obese,5.0,37.1,Weight Loss,4,60,Intermediate,0,0,0,0,1,6,96.97,35.62,33.7,2277,4014,227,170,75,56,31,300,1000,5,Obese
38,44,Male,165,101,37.1,Obese,5.0,37.1,Weight Loss,4,60,Intermediate,0,0,0,0,1,7,95.93,35.23,33.1,2277,4014,227,170,75,56,31,300,1000,5,Obese
38,44,Male,165,101,37.1,Obese,5.0,37.1,Weight Loss,4,60,Intermediate,0,0,0,0,1,8,94.82,34.83,32.4,2234,3918,223,167,74,55,31,300,1000,5,Obese
38,44,Male,165,101,37.1,Obese,5.0,37.1,Weight Loss,4,60,Intermediate,0,0,0,0,1,9,93.69,34.41,31.7,2234,3918,223,167,74,55,31,300,1000,5,Obese
38,44,Male,165,101,37.1,Obese,5.0,37.1,Weight Loss,4,60,Intermediate,0,0,0,0,1,10,93.25,34.25,30.9,2234,3918,223,167,74,55,31,300,1000,5,Obese
38,44,Male,165,101,37.1,Obese,5.0,37.1,Weight Loss,4,60,Intermediate,0,0,0,0,1,11,92.13,33.84,30.1,2234,3918,223,167,74,55,31,300,1000,5,Obese
38,44,Male,165,101,37.1,Obese,5.0,37.1,Weight Loss,4,60,Intermediate,0,0,0,0,1,12,91.98,33.79,29.4,2190,3819,219,164,73,54,30,300,1000,4,Obese
39,23,Male,172,96,32.45,Obese,4.0,28.9,Weight Loss,2,90,Beginner,1,1,0,0,0,0,96.0,32.45,28.9,2146,4260,214,160,71,53,30,300,1000,4,Obese
39,23,Male,172,96,32.45,Obese,4.0,28.9,Weight Loss,2,90,Beginner,1,1,0,0,0,1,95.44,32.26,28.5,2146,4260,214,160,71,53,30,300,1000,4,Obese
39,23,Male,172,96,32.45,Obese,4.0,28.9,Weight Loss,2,90,Beginner,1,1,0,0,0,2,94.76,32.03,27.7,2146,4260,214,160,71,53,30,300,1000,4,Obese
39,23,Male,172,96,32.45,Obese,4.0,28.9,Weight Loss,2,90,Beginner,1,1,0,0,0,3,94.15,31.82,27.2,2146,4260,214,160,71,53,30,300,1000,4,Obese
39,23,Male,172,96,32.45,Obese,4.0,28.9,Weight Loss,2,90,Beginner,1,1,0,0,0,4,93.33,31.55,26.5,2110,4166,211,158,70,52,29,300,1000,4,Obese
39,23,Male,172,96,32.45,Obese,4.0,28.9,Weight Loss,2,90,Beginner,1,1,0,0,0,5,92.3,31.2,26.1,2110,4166,211,158,70,52,29,300,1000,4,Obese
39,23,Male,172,96,32.45,Obese,4.0,28.9,Weight Loss,2,90,Beginner,1,1,0,0,0,6,91.86,31.05,25.7,2110,4166,211,158,70,52,29,300,1000,4,Obese
39,23,Male,172,96,32.45,Obese,4.0,28.9,Weight Loss,2,90,Beginner,1,1,0,0,0,7,91.32,30.87,25.0,2110,4166,211,158,70,52,29,300,1000,4,Obese
39,23,Male,172,96,32.45,Obese,4.0,28.9,Weight Loss,2,90,Beginner,1,1,0,0,0,8,90.54,30.6,24.5,2071,4068,207,155,69,51,28,300,1000,4,Obese
39,23,Male,172,96,32.45,Obese,4.0,28.9,Weight Loss,2,90,Beginner,1,1,0,0,0,9,89.52,30.26,23.8,2071,4068,207,155,69,51,28,300,1000,4,Obese
39,23,Male,172,96,32.45,Obese,4.0,28.9,Weight Loss,2,90,Beginner,1,1,0,0,0,10,88.22,29.82,23.3,2071,4068,207,155,69,51,28,300,1000,4,Overweight
39,23,Male,172,96,32.45,Obese,4.0,28.9,Weight Loss,2,90,Beginner,1,1,0,0,0,11,87.48,29.57,22.8,2071,4068,207,155,69,51,28,300,1000,4,Overweight
39,23,Male,172,96,32.45,Obese,4.0,28.9,Weight Loss,2,90,Beginner,1,1,0,0,0,12,86.78,29.33,22.4,2020,3937,202,151,67,50,28,300,1000,4,Overweight
40,24,Female,160,105,41.02,Obese,5.0,50.8,Weight Loss,2,45,Beginner,1,0,0,1,1,0,105.0,41.02,50.8,1932,4125,193,144,64,48,27,300,1000,4,Obese
40,24,Female,160,105,41.02,Obese,5.0,50.8,Weight Loss,2,45,Beginner,1,0,0,1,1,1,104.2,40.7,50.0,1932,4125,193,144,64,48,27,300,1000,4,Obese
40,24,Female,160,105,41.02,Obese,5.0,50.8,Weight Loss,2,45,Beginner,1,0,0,1,1,2,104.13,40.68,49.4,1932,4125,193,144,64,48,27,300,1000,4,Obese
40,24,Female,160,105,41.02,Obese,5.0,50.8,Weight Loss,2,45,Beginner,1,0,0,1,1,3,102.88,40.19,49.0,1932,4125,193,144,64,48,27,300,1000,4,Obese
40,24,Female,160,105,41.02,Obese,5.0,50.8,Weight Loss,2,45,Beginner,1,0,0,1,1,4,101.96,39.83,48.2,1890,4018,189,141,63,47,26,300,1000,4,Obese
40,24,Female,160,105,41.02,Obese,5.0,50.8,Weight Loss,2,45,Beginner,1,0,0,1,1,5,101.42,39.62,47.6,1890,4018,189,141,63,47,26,300,1000,4,Obese
40,24,Female,160,105,41.02,Obese,5.0,50.8,Weight Loss,2,45,Beginner,1,0,0,1,1,6,100.61,39.3,47.3,1890,4018,189,141,63,47,26,300,1000,4,Obese
40,24,Female,160,105,41.02,Obese,5.0,50.8,Weight Loss,2,45,Beginner,1,0,0,1,1,7,99.43,38.84,46.7,1890,4018,189,141,63,47,26,300,1000,4,Obese
40,24,Female,160,105,41.02,Obese,5.0,50.8,Weight Loss,2,45,Beginner,1,0,0,1,1,8,99.24,38.77,46.2,1853,3923,185,138,61,46,25,300,1000,4,Obese
40,24,Female,160,105,41.02,Obese,5.0,50.8,Weight Loss,2,45,Beginner,1,0,0,1,1,9,98.21,38.36,45.5,1853,3923,185,138,61,46,25,300,1000,4,Obese
40,24,Female,160,105,41.02,Obese,5.0,50.8,Weight Loss,2,45,Beginner,1,0,0,1,1,10,97.32,38.02,44.8,1853,3923,185,138,61,46,25,300,1000,4,Obese
40,24,Female,160,105,41.02,Obese,5.0,50.8,Weight Loss,2,45,Beginner,1,0,0,1,1,11,96.07,37.53,44.2,1853,3923,185,138,61,46,25,300,1000,4,Obese
40,24,Female,160,105,41.02,Obese,5.0,50.8,Weight Loss,2,45,Beginner,1,0,0,1,1,12,95.02,37.12,43.9,1795,3775,179,134,59,44,25,300,1000,4,Obese
41,30,Male,161,118,45.52,Obese,5.0,46.3,Weight Loss,2,45,Advanced,1,1,0,0,0,0,118.0,45.52,46.3,2306,4580,230,172,76,57,32,300,1000,5,Obese
41,30,Male,161,118,45.52,Obese,5.0,46.3,Weight Loss,2,45,Advanced,1,1,0,0,0,1,116.92,45.11,45.6,2306,4580,230,172,76,57,32,300,1000,5,Obese
41,30,Male,161,118,45.52,Obese,5.0,46.3,Weight Loss,2,45,Advanced,1,1,0,0,0,2,115.81,44.68,45.1,2306,4580,230,172,76,57,32,300,1000,5,Obese
41,30,Male,161,118,45.52,Obese,5.0,46.3,Weight Loss,2,45,Advanced,1,1,0,0,0,3,114.75,44.27,44.5,2306,4580,230,172,76,57,32,300,1000,5,Obese
41,30,Male,161,118,45.52,Obese,5.0,46.3,Weight Loss,2,45,Advanced,1,1,0,0,0,4,114.09,44.02,43.8,2253,4443,225,168,75,56,31,300,1000,5,Obese
41,30,Male,161,118,45.52,Obese,5.0,46.3,Weight Loss,2,45,Advanced,1,1,0,0,0,5,113.63,43.84,43.1,2253,4443,225,168,75,56,31,300,1000,5,Obese
41,30,Male,161,118,45.52,Obese,5.0,46.3,Weight Loss,2,45,Advanced,1,1,0,0,0,6,112.22,43.29,42.8,2253,4443,225,168,75,56,31,300,1000,5,Obese
41,30,Male,161,118,45.52,Obese,5.0,46.3,Weight Loss,2,45,Advanced,1,1,0,0,0,7,111.68,43.09,42.4,2253,4443,225,168,75,56,31,300,1000,5,Obese
41,30,Male,161,118,45.52,Obese,5.0,46.3,Weight Loss,2,45,Advanced,1,1,0,0,0,8,111.36,42.96,41.7,2215,4347,221,166,73,55,31,300,1000,5,Obese
41,30,Male,161,118,45.52,Obese,5.0,46.3,Weight Loss,2,45,Advanced,1,1,0,0,0,9,110.82,42.75,41.3,2215,4347,221,166,73,55,31,300,1000,5,Obese
41,30,Male,161,118,45.52,Obese,5.0,46.3,Weight Loss,2,45,Advanced,1,1,0,0,0,10,109.45,42.23,40.9,2215,4347,221,166,73,55,31,300,1000,5,Obese
41,30,Male,161,118,45.52,Obese,5.0,46.3,Weight Loss,2,45,Advanced,1,1,0,0,0,11,108.07,41.69,40.3,2215,4347,221,166,73,55,31,300,1000,5,Obese
41,30,Male,161,118,45.52,Obese,5.0,46.3,Weight Loss,2,45,Advanced,1,1,0,0,0,12,107.18,41.35,40.0,2157,4201,215,161,71,53,30,300,1000,4,Obese
42,33,Male,159,114,45.09,Obese,5.0,49.4,Weight Loss,4,60,Intermediate,0,1,0,0,1,0,114.0,45.09,49.4,2559,4590,255,191,85,63,35,300,1000,5,Obese
42,33,Male,159,114,45.09,Obese,5.0,49.4,Weight Loss,4,60,Intermediate,0,1,0,0,1,1,113.28,44.81,49.1,2559,4590,255,191,85,63,35,300,1000,5,Obese
42,33,Male,159,114,45.09,Obese,5.0,49.4,Weight Loss,4,60,Intermediate,0,1,0,0,1,2,112.8,44.62,48.5,2559,4590,255,191,85,63,35,300,1000,5,Obese
42,33,Male,159,114,45.09,Obese,5.0,49.4,Weight Loss,4,60,Intermediate,0,1,0,0,1,3,111.43,44.08,48.2,2559,4590,255,191,85,63,35,300,1000,5,Obese
42,33,Male,159,114,45.09,Obese,5.0,49.4,Weight Loss,4,60,Intermediate,0,1,0,0,1,4,110.58,43.74,47.8,2506,4470,250,187,83,62,35,300,1000,5,Obese
42,33,Male,159,114,45.09,Obese,5.0,49.4,Weight Loss,4,60,Intermediate,0,1,0,0,1,5,109.91,43.48,47.2,2506,4470,250,187,83,62,35,300,1000,5,Obese
42,33,Male,159,114,45.09,Obese,5.0,49.4,Weight Loss,4,60,Intermediate,0,1,0,0,1,6,108.68,42.99,46.4,2506,4470,250,187,83,62,35,300,1000,5,Obese
42,33,Male,159,114,45.09,Obese,5.0,49.4,Weight Loss,4,60,Intermediate,0,1,0,0,1,7,107.95,42.7,45.7,2506,4470,250,187,83,62,35,300,1000,5,Obese
42,33,Male,159,114,45.09,Obese,5.0,49.4,Weight Loss,4,60,Intermediate,0,1,0,0,1,8,107.12,42.37,44.9,2452,4349,245,183,81,61,34,300,1000,5,Obese
42,33,Male,159,114,45.09,Obese,5.0,49.4,Weight Loss,4,60,Intermediate,0,1,0,0,1,9,106.66,42.19,44.2,2452,4349,245,183,81,61,34,300,1000,5,Obese
42,33,Male,159,114,45.09,Obese,5.0,49.4,Weight Loss,4,60,Intermediate,0,1,0,0,1,10,105.97,41.92,43.6,2452,4349,245,183,81,61,34,300,1000,5,Obese
42,33,Male,159,114,45.09,Obese,5.0,49.4,Weight Loss,4,60,Intermediate,0,1,0,0,1,11,104.98,41.53,43.1,2452,4349,245,183,81,61,34,300,1000,5,Obese
42,33,Male,159,114,45.09,Obese,5.0,49.4,Weight Loss,4,60,Intermediate,0,1,0,0,1,12,104.64,41.39,42.6,2414,4262,241,181,80,60,33,300,1000,5,Obese
43,20,Male,181,47,14.35,Underweight,1.0,5.2,Muscle Gain,4,45,Intermediate,1,1,0,1,0,0,47.0,14.35,5.2,2634,2095,197,329,58,65,36,300,1000,5,Underweight
43,20,Male,181,47,14.35,Underweight,1.0,5.2,Muscle Gain,4,45,Intermediate,1,1,0,1,0,1,47.03,14.36,5.3,2634,2095,197,329,58,65,36,300,1000,5,Underweight
43,20,Male,181,47,14.35,Underweight,1.0,5.2,Muscle Gain,4,45,Intermediate,1,1,0,1,0,2,47.11,14.38,5.4,2634,2095,197,329,58,65,36,300,1000,5,Underweight
43,20,Male,181,47,14.35,Underweight,1.0,5.2,Muscle Gain,4,45,Intermediate,1,1,0,1,0,3,47.23,14.42,5.4,2634,2095,197,329,58,65,36,300,1000,5,Underweight
43,20,Male,181,47,14.35,Underweight,1.0,5.2,Muscle Gain,4,45,Intermediate,1,1,0,1,0,4,47.33,14.45,5.3,2639,2106,197,329,58,65,36,300,1000,5,Underweight
43,20,Male,181,47,14.35,Underweight,1.0,5.2,Muscle Gain,4,45,Intermediate,1,1,0,1,0,5,47.51,14.5,5.2,2639,2106,197,329,58,65,36,300,1000,5,Underweight
43,20,Male,181,47,14.35,Underweight,1.0,5.2,Muscle Gain,4,45,Intermediate,1,1,0,1,0,6,47.64,14.54,5.1,2639,2106,197,329,58,65,36,300,1000,5,Underweight
43,20,Male,181,47,14.35,Underweight,1.0,5.2,Muscle Gain,4,45,Intermediate,1,1,0,1,0,7,47.71,14.56,5.0,2639,2106,197,329,58,65,36,300,1000,5,Underweight
43,20,Male,181,47,14.35,Underweight,1.0,5.2,Muscle Gain,4,45,Intermediate,1,1,0,1,0,8,47.77,14.58,5.0,2646,2121,198,330,58,66,37,300,1000,5,Underweight
43,20,Male,181,47,14.35,Underweight,1.0,5.2,Muscle Gain,4,45,Intermediate,1,1,0,1,0,9,47.77,14.58,5.1,2646,2121,198,330,58,66,37,300,1000,5,Underweight
43,20,Male,181,47,14.35,Underweight,1.0,5.2,Muscle Gain,4,45,Intermediate,1,1,0,1,0,10,47.82,14.6,5.0,2646,2121,198,330,58,66,37,300,1000,5,Underweight
43,20,Male,181,47,14.35,Underweight,1.0,5.2,Muscle Gain,4,45,Intermediate,1,1,0,1,0,11,47.89,14.62,5.0,2646,2121,198,330,58,66,37,300,1000,5,Underweight
43,20,Male,181,47,14.35,Underweight,1.0,5.2,Muscle Gain,4,45,Intermediate,1,1,0,1,0,12,47.91,14.62,5.0,2648,2126,198,331,58,66,37,300,1000,5,Underweight
44,18,Female,165,65,23.88,Normal,4.0,29.2,Muscle Gain,3,30,Intermediate,1,0,1,0,1,0,65.0,23.88,29.2,2266,2575,169,283,50,56,31,300,1000,5,Normal
44,18,Female,165,65,23.88,Normal,4.0,29.2,Muscle Gain,3,30,Intermediate,1,0,1,0,1,1,65.06,23.9,29.0,2266,2575,169,283,50,56,31,300,1000,5,Normal
44,18,Female,165,65,23.88,Normal,4.0,29.2,Muscle Gain,3,30,Intermediate,1,0,1,0,1,2,65.26,23.97,28.8,2266,2575,169,283,50,56,31,300,1000,5,Normal
44,18,Female,165,65,23.88,Normal,4.0,29.2,Muscle Gain,3,30,Intermediate,1,0,1,0,1,3,65.42,24.03,28.6,2266,2575,169,283,50,56,31,300,1000,5,Normal
44,18,Female,165,65,23.88,Normal,4.0,29.2,Muscle Gain,3,30,Intermediate,1,0,1,0,1,4,65.56,24.08,28.6,2274,2594,170,284,50,56,31,300,1000,5,Normal
44,18,Female,165,65,23.88,Normal,4.0,29.2,Muscle Gain,3,30,Intermediate,1,0,1,0,1,5,65.64,24.11,28.3,2274,2594,170,284,50,56,31,300,1000,5,Normal
44,18,Female,165,65,23.88,Normal,4.0,29.2,Muscle Gain,3,30,Intermediate,1,0,1,0,1,6,65.73,24.14,28.1,2274,2594,170,284,50,56,31,300,1000,5,Normal
44,18,Female,165,65,23.88,Normal,4.0,29.2,Muscle Gain,3,30,Intermediate,1,0,1,0,1,7,65.72,24.14,28.1,2274,2594,170,284,50,56,31,300,1000,5,Normal
44,18,Female,165,65,23.88,Normal,4.0,29.2,Muscle Gain,3,30,Intermediate,1,0,1,0,1,8,65.8,24.17,28.0,2277,2603,170,284,50,56,31,300,1000,5,Normal
44,18,Female,165,65,23.88,Normal,4.0,29.2,Muscle Gain,3,30,Intermediate,1,0,1,0,1,9,65.82,24.18,28.0,2277,2603,170,284,50,56,31,300,1000,5,Normal
44,18,Female,165,65,23.88,Normal,4.0,29.2,Muscle Gain,3,30,Intermediate,1,0,1,0,1,10,65.96,24.23,28.1,2277,2603,170,284,50,56,31,300,1000,5,Normal
44,18,Female,165,65,23.88,Normal,4.0,29.2,Muscle Gain,3,30,Intermediate,1,0,1,0,1,11,66.08,24.27,28.0,2277,2603,170,284,50,56,31,300,1000,5,Normal
44,18,Female,165,65,23.88,Normal,4.0,29.2,Muscle Gain,3,30,Intermediate,1,0,1,0,1,12,66.27,24.34,28.0,2284,2619,171,285,50,57,31,300,1000,5,Normal
45,22,Female,157,90,36.51,Obese,5.0,43.0,Weight Loss,5,60,Advanced,1,0,0,1,0,0,90.0,36.51,43.0,1995,3750,199,149,66,49,27,300,1000,4,Obese
45,22,Female,157,90,36.51,Obese,5.0,43.0,Weight Loss,5,60,Advanced,1,0,0,1,0,1,89.51,36.32,42.7,1995,3750,199,149,66,49,27,300,1000,4,Obese
45,22,Female,157,90,36.51,Obese,5.0,43.0,Weight Loss,5,60,Advanced,1,0,0,1,0,2,88.64,35.96,42.1,1995,3750,199,149,66,49,27,300,1000,4,Obese
45,22,Female,157,90,36.51,Obese,5.0,43.0,Weight Loss,5,60,Advanced,1,0,0,1,0,3,88.54,35.92,41.4,1995,3750,199,149,66,49,27,300,1000,4,Obese
45,22,Female,157,90,36.51,Obese,5.0,43.0,Weight Loss,5,60,Advanced,1,0,0,1,0,4,87.62,35.55,40.7,1958,3666,195,146,65,48,27,300,1000,4,Obese
45,22,Female,157,90,36.51,Obese,5.0,43.0,Weight Loss,5,60,Advanced,1,0,0,1,0,5,87.5,35.5,39.9,1958,3666,195,146,65,48,27,300,1000,4,Obese
45,22,Female,157,90,36.51,Obese,5.0,43.0,Weight Loss,5,60,Advanced,1,0,0,1,0,6,86.4,35.05,39.2,1958,3666,195,146,65,48,27,300,1000,4,Obese
45,22,Female,157,90,36.51,Obese,5.0,43.0,Weight Loss,5,60,Advanced,1,0,0,1,0,7,85.78,34.8,38.5,1958,3666,195,146,65,48,27,300,1000,4,Obese
45,22,Female,157,90,36.51,Obese,5.0,43.0,Weight Loss,5,60,Advanced,1,0,0,1,0,8,84.81,34.41,37.9,1915,3568,191,143,63,47,26,300,1000,4,Obese
45,22,Female,157,90,36.51,Obese,5.0,43.0,Weight Loss,5,60,Advanced,1,0,0,1,0,9,84.42,34.25,37.3,1915,3568,191,143,63,47,26,300,1000,4,Obese
45,22,Female,157,90,36.51,Obese,5.0,43.0,Weight Loss,5,60,Advanced,1,0,0,1,0,10,84.16,34.14,36.5,1915,3568,191,143,63,47,26,300,1000,4,Obese
45,22,Female,157,90,36.51,Obese,5.0,43.0,Weight Loss,5,60,Advanced,1,0,0,1,0,11,83.85,34.02,35.7,1915,3568,191,143,63,47,26,300,1000,4,Obese
45,22,Female,157,90,36.51,Obese,5.0,43.0,Weight Loss,5,60,Advanced,1,0,0,1,0,12,83.82,34.01,35.2,1900,3533,190,142,63,47,26,300,1000,4,Obese
46,20,Female,187,84,24.02,Normal,4.0,29.8,Muscle Gain,5,45,Advanced,1,0,0,0,0,0,84.0,24.02,29.8,3009,3390,225,376,66,75,42,300,1000,5,Normal
46,20,Female,187,84,24.02,Normal,4.0,29.8,Muscle Gain,5,45,Advanced,1,0,0,0,0,1,84.0,24.02,29.7,3009,3390,225,376,66,75,42,300,1000,5,Normal
46,20,Female,187,84,24.02,Normal,4.0,29.8,Muscle Gain,5,45,Advanced,1,0,0,0,0,2,84.13,24.06,29.8,3009,3390,225,376,66,75,42,300,1000,5,Normal
46,20,Female,187,84,24.02,Normal,4.0,29.8,Muscle Gain,5,45,Advanced,1,0,0,0,0,3,84.21,24.08,29.7,3009,3390,225,376,66,75,42,300,1000,5,Normal
46,20,Female,187,84,24.02,Normal,4.0,29.8,Muscle Gain,5,45,Advanced,1,0,0,0,0,4,84.21,24.08,29.8,3012,3397,225,376,66,75,42,300,1000,5,Normal
46,20,Female,187,84,24.02,Normal,4.0,29.8,Muscle Gain,5,45,Advanced,1,0,0,0,0,5,84.31,24.11,29.7,3012,3397,225,376,66,75,42,300,1000,5,Normal
46,20,Female,187,84,24.02,Normal,4.0,29.8,Muscle Gain,5,45,Advanced,1,0,0,0,0,6,84.38,24.13,29.7,3012,3397,225,376,66,75,42,300,1000,5,Normal
46,20,Female,187,84,24.02,Normal,4.0,29.8,Muscle Gain,5,45,Advanced,1,0,0,0,0,7,84.55,24.18,29.6,3012,3397,225,376,66,75,42,300,1000,5,Normal
46,20,Female,187,84,24.02,Normal,4.0,29.8,Muscle Gain,5,45,Advanced,1,0,0,0,0,8,84.67,24.21,29.4,3019,3413,226,377,67,75,42,300,1000,5,Normal
46,20,Female,187,84,24.02,Normal,4.0,29.8,Muscle Gain,5,45,Advanced,1,0,0,0,0,9,84.71,24.23,29.3,3019,3413,226,377,67,75,42,300,1000,5,Normal
46,20,Female,187,84,24.02,Normal,4.0,29.8,Muscle Gain,5,45,Advanced,1,0,0,0,0,10,84.8,24.25,29.3,3019,3413,226,377,67,75,42,300,1000,5,Normal
46,20,Female,187,84,24.02,Normal,4.0,29.8,Muscle Gain,5,45,Advanced,1,0,0,0,0,11,84.85,24.26,29.3,3019,3413,226,377,67,75,42,300,1000,5,Normal
46,20,Female,187,84,24.02,Normal,4.0,29.8,Muscle Gain,5,45,Advanced,1,0,0,0,0,12,84.86,24.27,29.2,3022,3420,226,377,67,75,42,300,1000,5,Normal
47,45,Male,161,83,32.02,Obese,5.0,33.2,Weight Loss,4,60,Beginner,1,1,0,0,0,0,83.0,32.02,33.2,2005,3505,200,150,66,50,28,300,1000,4,Obese
47,45,Male,161,83,32.02,Obese,5.0,33.2,Weight Loss,4,60,Beginner,1,1,0,0,0,1,81.99,31.63,32.7,2005,3505,200,150,66,50,28,300,1000,4,Obese
47,45,Male,161,83,32.02,Obese,5.0,33.2,Weight Loss,4,60,Beginner,1,1,0,0,0,2,81.31,31.37,32.4,2005,3505,200,150,66,50,28,300,1000,4,Obese
47,45,Male,161,83,32.02,Obese,5.0,33.2,Weight Loss,4,60,Beginner,1,1,0,0,0,3,81.04,31.26,31.7,2005,3505,200,150,66,50,28,300,1000,4,Obese
47,45,Male,161,83,32.02,Obese,5.0,33.2,Weight Loss,4,60,Beginner,1,1,0,0,0,4,80.77,31.16,31.2,1970,3426,197,147,65,49,27,300,1000,4,Obese
47,45,Male,161,83,32.02,Obese,5.0,33.2,Weight Loss,4,60,Beginner,1,1,0,0,0,5,79.95,30.84,30.4,1970,3426,197,147,65,49,27,300,1000,4,Obese
47,45,Male,161,83,32.02,Obese,5.0,33.2,Weight Loss,4,60,Beginner,1,1,0,0,0,6,79.26,30.58,30.0,1970,3426,197,147,65,49,27,300,1000,4,Obese
47,45,Male,161,83,32.02,Obese,5.0,33.2,Weight Loss,4,60,Beginner,1,1,0,0,0,7,79.23,30.57,29.7,1970,3426,197,147,65,49,27,300,1000,4,Obese
47,45,Male,161,83,32.02,Obese,5.0,33.2,Weight Loss,4,60,Beginner,1,1,0,0,0,8,78.59,30.32,29.4,1936,3350,193,145,64,48,27,300,1000,4,Obese
47,45,Male,161,83,32.02,Obese,5.0,33.2,Weight Loss,4,60,Beginner,1,1,0,0,0,9,77.76,30.0,28.7,1936,3350,193,145,64,48,27,300,1000,4,Obese
47,45,Male,161,83,32.02,Obese,5.0,33.2,Weight Loss,4,60,Beginner,1,1,0,0,0,10,77.35,29.84,28.1,1936,3350,193,145,64,48,27,300,1000,4,Overweight
47,45,Male,161,83,32.02,Obese,5.0,33.2,Weight Loss,4,60,Beginner,1,1,0,0,0,11,76.23,29.41,27.3,1936,3350,193,145,64,48,27,300,1000,4,Overweight
47,45,Male,161,83,32.02,Obese,5.0,33.2,Weight Loss,4,60,Beginner,1,1,0,0,0,12,75.56,29.15,26.7,1889,3244,188,141,62,47,26,300,1000,4,Overweight
48,34,Male,173,44,14.7,Underweight,1.0,7.8,Muscle Gain,5,60,Advanced,1,1,0,1,1,0,44.0,14.7,7.8,2402,2140,180,300,53,60,33,300,1000,5,Underweight
48,34,Male,173,44,14.7,Underweight,1.0,7.8,Muscle Gain,5,60,Advanced,1,1,0,1,1,1,44.0,14.7,7.6,2402,2140,180,300,53,60,33,300,1000,5,Underweight
48,34,Male,173,44,14.7,Underweight,1.0,7.8,Muscle Gain,5,60,Advanced,1,1,0,1,1,2,44.13,14.75,7.4,2402,2140,180,300,53,60,33,300,1000,5,Underweight
48,34,Male,173,44,14.7,Underweight,1.0,7.8,Muscle Gain,5,60,Advanced,1,1,0,1,1,3,44.19,14.76,7.5,2402,2140,180,300,53,60,33,300,1000,5,Underweight
48,34,Male,173,44,14.7,Underweight,1.0,7.8,Muscle Gain,5,60,Advanced,1,1,0,1,1,4,44.26,14.79,7.5,2406,2148,180,300,53,60,33,300,1000,5,Underweight
48,34,Male,173,44,14.7,Underweight,1.0,7.8,Muscle Gain,5,60,Advanced,1,1,0,1,1,5,44.22,14.77,7.5,2406,2148,180,300,53,60,33,300,1000,5,Underweight
48,34,Male,173,44,14.7,Underweight,1.0,7.8,Muscle Gain,5,60,Advanced,1,1,0,1,1,6,44.26,14.79,7.5,2406,2148,180,300,53,60,33,300,1000,5,Underweight
48,34,Male,173,44,14.7,Underweight,1.0,7.8,Muscle Gain,5,60,Advanced,1,1,0,1,1,7,44.36,14.82,7.2,2406,2148,180,300,53,60,33,300,1000,5,Underweight
48,34,Male,173,44,14.7,Underweight,1.0,7.8,Muscle Gain,5,60,Advanced,1,1,0,1,1,8,44.41,14.84,7.0,2408,2154,180,301,53,60,33,300,1000,5,Underweight
48,34,Male,173,44,14.7,Underweight,1.0,7.8,Muscle Gain,5,60,Advanced,1,1,0,1,1,9,44.53,14.88,6.7,2408,2154,180,301,53,60,33,300,1000,5,Underweight
48,34,Male,173,44,14.7,Underweight,1.0,7.8,Muscle Gain,5,60,Advanced,1,1,0,1,1,10,44.53,14.88,6.7,2408,2154,180,301,53,60,33,300,1000,5,Underweight
48,34,Male,173,44,14.7,Underweight,1.0,7.8,Muscle Gain,5,60,Advanced,1,1,0,1,1,11,44.49,14.87,6.5,2408,2154,180,301,53,60,33,300,1000,5,Underweight
48,34,Male,173,44,14.7,Underweight,1.0,7.8,Muscle Gain,5,60,Advanced,1,1,0,1,1,12,44.47,14.86,6.3,2409,2156,180,301,53,60,33,300,1000,5,Underweight
49,42,Female,177,109,34.79,Obese,5.0,48.5,Weight Loss,3,30,Beginner,1,1,0,0,1,0,109.0,34.79,48.5,2009,4115,200,150,66,50,28,300,1000,4,Obese
49,42,Female,177,109,34.79,Obese,5.0,48.5,Weight Loss,3,30,Beginner,1,1,0,0,1,1,107.79,34.41,47.9,2009,4115,200,150,66,50,28,300,1000,4,Obese
49,42,Female,177,109,34.79,Obese,5.0,48.5,Weight Loss,3,30,Beginner,1,1,0,0,1,2,107.52,34.32,47.6,2009,4115,200,150,66,50,28,300,1000,4,Obese
49,42,Female,177,109,34.79,Obese,5.0,48.5,Weight Loss,3,30,Beginner,1,1,0,0,1,3,106.29,33.93,46.8,2009,4115,200,150,66,50,28,300,1000,4,Obese
49,42,Female,177,109,34.79,Obese,5.0,48.5,Weight Loss,3,30,Beginner,1,1,0,0,1,4,105.36,33.63,46.2,1959,3987,195,146,65,48,27,300,1000,4,Obese
49,42,Female,177,109,34.79,Obese,5.0,48.5,Weight Loss,3,30,Beginner,1,1,0,0,1,5,104.78,33.44,45.9,1959,3987,195,146,65,48,27,300,1000,4,Obese
49,42,Female,177,109,34.79,Obese,5.0,48.5,Weight Loss,3,30,Beginner,1,1,0,0,1,6,104.25,33.28,45.2,1959,3987,195,146,65,48,27,300,1000,4,Obese
49,42,Female,177,109,34.79,Obese,5.0,48.5,Weight Loss,3,30,Beginner,1,1,0,0,1,7,103.9,33.16,44.4,1959,3987,195,146,65,48,27,300,1000,4,Obese
49,42,Female,177,109,34.79,Obese,5.0,48.5,Weight Loss,3,30,Beginner,1,1,0,0,1,8,103.0,32.88,44.0,1927,3904,192,144,64,48,26,300,1000,4,Obese
49,42,Female,177,109,34.79,Obese,5.0,48.5,Weight Loss,3,30,Beginner,1,1,0,0,1,9,101.89,32.52,43.6,1927,3904,192,144,64,48,26,300,1000,4,Obese
49,42,Female,177,109,34.79,Obese,5.0,48.5,Weight Loss,3,30,Beginner,1,1,0,0,1,10,101.18,32.3,43.1,1927,3904,192,144,64,48,26,300,1000,4,Obese
49,42,Female,177,109,34.79,Obese,5.0,48.5,Weight Loss,3,30,Beginner,1,1,0,0,1,11,100.81,32.18,42.5,1927,3904,192,144,64,48,26,300,1000,4,Obese
49,42,Female,177,109,34.79,Obese,5.0,48.5,Weight Loss,3,30,Beginner,1,1,0,0,1,12,100.08,31.95,42.1,1887,3802,188,141,62,47,26,300,1000,4,Obese
50,26,Male,157,65,26.37,Overweight,3.0,22.2,Muscle Gain,2,30,Beginner,1,1,1,0,1,0,65.0,26.37,22.2,2371,2575,177,296,52,59,33,300,1000,5,Overweight
50,26,Male,157,65,26.37,Overweight,3.0,22.2,Muscle Gain,2,30,Beginner,1,1,1,0,1,1,65.23,26.46,22.1,2371,2575,177,296,52,59,33,300,1000,5,Overweight
50,26,Male,157,65,26.37,Overweight,3.0,22.2,Muscle Gain,2,30,Beginner,1,1,1,0,1,2,65.41,26.54,22.0,2371,2575,177,296,52,59,33,300,1000,5,Overweight
50,26,Male,157,65,26.37,Overweight,3.0,22.2,Muscle Gain,2,30,Beginner,1,1,1,0,1,3,65.7,26.65,21.9,2371,2575,177,296,52,59,33,300,1000,5,Overweight
50,26,Male,157,65,26.37,Overweight,3.0,22.2,Muscle Gain,2,30,Beginner,1,1,1,0,1,4,65.92,26.74,21.6,2383,2607,178,297,52,59,33,300,1000,5,Overweight
50,26,Male,157,65,26.37,Overweight,3.0,22.2,Muscle Gain,2,30,Beginner,1,1,1,0,1,5,66.1,26.82,21.4,2383,2607,178,297,52,59,33,300,1000,5,Overweight
50,26,Male,157,65,26.37,Overweight,3.0,22.2,Muscle Gain,2,30,Beginner,1,1,1,0,1,6,66.28,26.89,21.3,2383,2607,178,297,52,59,33,300,1000,5,Overweight
50,26,Male,157,65,26.37,Overweight,3.0,22.2,Muscle Gain,2,30,Beginner,1,1,1,0,1,7,66.47,26.96,21.0,2383,2607,178,297,52,59,33,300,1000,5,Overweight
50,26,Male,157,65,26.37,Overweight,3.0,22.2,Muscle Gain,2,30,Beginner,1,1,1,0,1,8,66.79,27.09,21.0,2395,2637,179,299,53,59,33,300,1000,5,Overweight
50,26,Male,157,65,26.37,Overweight,3.0,22.2,Muscle Gain,2,30,Beginner,1,1,1,0,1,9,67.02,27.19,21.0,2395,2637,179,299,53,59,33,300,1000,5,Overweight
50,26,Male,157,65,26.37,Overweight,3.0,22.2,Muscle Gain,2,30,Beginner,1,1,1,0,1,10,67.17,27.25,21.0,2395,2637,179,299,53,59,33,300,1000,5,Overweight
50,26,Male,157,65,26.37,Overweight,3.0,22.2,Muscle Gain,2,30,Beginner,1,1,1,0,1,11,67.43,27.36,20.9,2395,2637,179,299,53,59,33,300,1000,5,Overweight
50,26,Male,157,65,26.37,Overweight,3.0,22.2,Muscle Gain,2,30,Beginner,1,1,1,0,1,12,67.64,27.44,20.7,2407,2667,180,300,53,60,33,300,1000,5,Overweight
51,30,Male,177,107,34.15,Obese,5.0,31.9,Weight Loss,3,60,Advanced,1,1,0,1,0,0,107.0,34.15,31.9,2292,4345,229,171,76,57,32,300,1000,5,Obese
51,30,Male,177,107,34.15,Obese,5.0,31.9,Weight Loss,3,60,Advanced,1,1,0,1,0,1,105.7,33.74,31.3,2292,4345,229,171,76,57,32,300,1000,5,Obese
51,30,Male,177,107,34.15,Obese,5.0,31.9,Weight Loss,3,60,Advanced,1,1,0,1,0,2,105.07,33.54,30.6,2292,4345,229,171,76,57,32,300,1000,5,Obese
51,30,Male,177,107,34.15,Obese,5.0,31.9,Weight Loss,3,60,Advanced,1,1,0,1,0,3,104.47,33.35,29.9,2292,4345,229,171,76,57,32,300,1000,5,Obese
51,30,Male,177,107,34.15,Obese,5.0,31.9,Weight Loss,3,60,Advanced,1,1,0,1,0,4,103.54,33.05,29.5,2245,4223,224,168,74,56,31,300,1000,5,Obese
51,30,Male,177,107,34.15,Obese,5.0,31.9,Weight Loss,3,60,Advanced,1,1,0,1,0,5,102.72,32.79,28.8,2245,4223,224,168,74,56,31,300,1000,5,Obese
51,30,Male,177,107,34.15,Obese,5.0,31.9,Weight Loss,3,60,Advanced,1,1,0,1,0,6,102.24,32.63,28.4,2245,4223,224,168,74,56,31,300,1000,5,Obese
51,30,Male,177,107,34.15,Obese,5.0,31.9,Weight Loss,3,60,Advanced,1,1,0,1,0,7,100.98,32.23,27.6,2245,4223,224,168,74,56,31,300,1000,5,Obese
51,30,Male,177,107,34.15,Obese,5.0,31.9,Weight Loss,3,60,Advanced,1,1,0,1,0,8,100.21,31.99,26.9,2199,4107,219,164,73,54,30,300,1000,4,Obese
51,30,Male,177,107,34.15,Obese,5.0,31.9,Weight Loss,3,60,Advanced,1,1,0,1,0,9,99.46,31.75,26.6,2199,4107,219,164,73,54,30,300,1000,4,Obese
51,30,Male,177,107,34.15,Obese,5.0,31.9,Weight Loss,3,60,Advanced,1,1,0,1,0,10,99.0,31.6,26.1,2199,4107,219,164,73,54,30,300,1000,4,Obese
51,30,Male,177,107,34.15,Obese,5.0,31.9,Weight Loss,3,60,Advanced,1,1,0,1,0,11,98.68,31.5,25.5,2199,4107,219,164,73,54,30,300,1000,4,Obese
51,30,Male,177,107,34.15,Obese,5.0,31.9,Weight Loss,3,60,Advanced,1,1,0,1,0,12,97.72,31.19,25.2,2165,4020,216,162,72,54,30,300,1000,4,Obese
52,47,Female,185,58,16.95,Underweight,4.0,24.0,Muscle Gain,2,45,Beginner,1,0,1,0,0,0,58.0,16.95,24.0,2142,2480,160,267,47,53,29,300,1000,4,Underweight
52,47,Female,185,58,16.95,Underweight,4.0,24.0,Muscle Gain,2,45,Beginner,1,0,1,0,0,1,58.12,16.98,24.1,2142,2480,160,267,47,53,29,300,1000,4,Underweight
52,47,Female,185,58,16.95,Underweight,4.0,24.0,Muscle Gain,2,45,Beginner,1,0,1,0,0,2,58.31,17.04,24.1,2142,2480,160,267,47,53,29,300,1000,4,Underweight
52,47,Female,185,58,16.95,Underweight,4.0,24.0,Muscle Gain,2,45,Beginner,1,0,1,0,0,3,58.61,17.13,24.2,2142,2480,160,267,47,53,29,300,1000,4,Underweight
52,47,Female,185,58,16.95,Underweight,4.0,24.0,Muscle Gain,2,45,Beginner,1,0,1,0,0,4,58.83,17.19,24.1,2154,2508,161,269,47,53,30,300,1000,4,Underweight
52,47,Female,185,58,16.95,Underweight,4.0,24.0,Muscle Gain,2,45,Beginner,1,0,1,0,0,5,58.95,17.22,24.1,2154,2508,161,269,47,53,30,300,1000,4,Underweight
52,47,Female,185,58,16.95,Underweight,4.0,24.0,Muscle Gain,2,45,Beginner,1,0,1,0,0,6,59.25,17.31,23.9,2154,2508,161,269,47,53,30,300,1000,4,Underweight
52,47,Female,185,58,16.95,Underweight,4.0,24.0,Muscle Gain,2,45,Beginner,1,0,1,0,0,7,59.38,17.35,24.0,2154,2508,161,269,47,53,30,300,1000,4,Underweight
52,47,Female,185,58,16.95,Underweight,4.0,24.0,Muscle Gain,2,45,Beginner,1,0,1,0,0,8,59.57,17.41,23.7,2164,2535,162,270,48,54,30,300,1000,4,Underweight
52,47,Female,185,58,16.95,Underweight,4.0,24.0,Muscle Gain,2,45,Beginner,1,0,1,0,0,9,59.75,17.46,23.8,2164,2535,162,270,48,54,30,300,1000,4,Underweight
52,47,Female,185,58,16.95,Underweight,4.0,24.0,Muscle Gain,2,45,Beginner,1,0,1,0,0,10,59.91,17.5,23.7,2164,2535,162,270,48,54,30,300,1000,4,Underweight
52,47,Female,185,58,16.95,Underweight,4.0,24.0,Muscle Gain,2,45,Beginner,1,0,1,0,0,11,60.16,17.58,23.5,2164,2535,162,270,48,54,30,300,1000,4,Underweight
52,47,Female,185,58,16.95,Underweight,4.0,24.0,Muscle Gain,2,45,Beginner,1,0,1,0,0,12,60.32,17.62,23.5,2174,2561,163,271,48,54,30,300,1000,4,Underweight
53,31,Female,175,123,40.16,Obese,5.0,51.0,Weight Loss,4,30,Intermediate,1,0,1,0,0,0,123.0,40.16,51.0,2612,4605,261,195,87,65,36,300,1000,5,Obese
53,31,Female,175,123,40.16,Obese,5.0,51.0,Weight Loss,4,30,Intermediate,1,0,1,0,0,1,122.19,39.9,50.3,2612,4605,261,195,87,65,36,300,1000,5,Obese
53,31,Female,175,123,40.16,Obese,5.0,51.0,Weight Loss,4,30,Intermediate,1,0,1,0,0,2,121.01,39.51,49.9,2612,4605,261,195,87,65,36,300,1000,5,Obese
53,31,Female,175,123,40.16,Obese,5.0,51.0,Weight Loss,4,30,Intermediate,1,0,1,0,0,3,120.48,39.34,49.5,2612,4605,261,195,87,65,36,300,1000,5,Obese
53,31,Female,175,123,40.16,Obese,5.0,51.0,Weight Loss,4,30,Intermediate,1,0,1,0,0,4,119.29,38.95,48.9,2554,4475,255,191,85,63,35,300,1000,5,Obese
53,31,Female,175,123,40.16,Obese,5.0,51.0,Weight Loss,4,30,Intermediate,1,0,1,0,0,5,118.82,38.8,48.5,2554,4475,255,191,85,63,35,300,1000,5,Obese
53,31,Female,175,123,40.16,Obese,5.0,51.0,Weight Loss,4,30,Intermediate,1,0,1,0,0,6,118.0,38.53,48.2,2554,4475,255,191,85,63,35,300,1000,5,Obese
53,31,Female,175,123,40.16,Obese,5.0,51.0,Weight Loss,4,30,Intermediate,1,0,1,0,0,7,116.64,38.09,47.6,2554,4475,255,191,85,63,35,300,1000,5,Obese
53,31,Female,175,123,40.16,Obese,5.0,51.0,Weight Loss,4,30,Intermediate,1,0,1,0,0,8,115.55,37.73,47.3,2496,4344,249,187,83,62,34,300,1000,5,Obese
53,31,Female,175,123,40.16,Obese,5.0,51.0,Weight Loss,4,30,Intermediate,1,0,1,0,0,9,114.75,37.47,46.5,2496,4344,249,187,83,62,34,300,1000,5,Obese
53,31,Female,175,123,40.16,Obese,5.0,51.0,Weight Loss,4,30,Intermediate,1,0,1,0,0,10,113.63,37.1,45.9,2496,4344,249,187,83,62,34,300,1000,5,Obese
53,31,Female,175,123,40.16,Obese,5.0,51.0,Weight Loss,4,30,Intermediate,1,0,1,0,0,11,112.35,36.68,45.5,2496,4344,249,187,83,62,34,300,1000,5,Obese
53,31,Female,175,123,40.16,Obese,5.0,51.0,Weight Loss,4,30,Intermediate,1,0,1,0,0,12,111.14,36.29,44.8,2428,4190,242,182,80,60,33,300,1000,5,Obese
54,24,Male,157,59,23.94,Normal,2.0,15.0,Maintain,5,90,Advanced,1,0,1,0,1,0,59.0,23.94,15.0,2257,2965,169,225,75,56,31,300,1000,5,Normal
54,24,Male,157,59,23.94,Normal,2.0,15.0,Maintain,5,90,Advanced,1,0,1,0,1,1,58.68,23.81,14.8,2257,2965,169,225,75,56,31,300,1000,5,Normal
54,24,Male,157,59,23.94,Normal,2.0,15.0,Maintain,5,90,Advanced,1,0,1,0,1,2,58.77,23.84,15.0,2257,2965,169,225,75,56,31,300,1000,5,Normal
54,24,Male,157,59,23.94,Normal,2.0,15.0,Maintain,5,90,Advanced,1,0,1,0,1,3,58.29,23.65,14.8,2257,2965,169,225,75,56,31,300,1000,5,Normal
54,24,Male,157,59,23.94,Normal,2.0,15.0,Maintain,5,90,Advanced,1,0,1,0,1,4,58.36,23.68,14.9,2247,2942,168,224,74,56,31,300,1000,5,Normal
54,24,Male,157,59,23.94,Normal,2.0,15.0,Maintain,5,90,Advanced,1,0,1,0,1,5,58.19,23.61,14.8,2247,2942,168,224,74,56,31,300,1000,5,Normal
54,24,Male,157,59,23.94,Normal,2.0,15.0,Maintain,5,90,Advanced,1,0,1,0,1,6,58.29,23.65,14.8,2247,2942,168,224,74,56,31,300,1000,5,Normal
54,24,Male,157,59,23.94,Normal,2.0,15.0,Maintain,5,90,Advanced,1,0,1,0,1,7,57.81,23.45,14.8,2247,2942,168,224,74,56,31,300,1000,5,Normal
54,24,Male,157,59,23.94,Normal,2.0,15.0,Maintain,5,90,Advanced,1,0,1,0,1,8,57.94,23.51,14.9,2240,2927,168,224,74,56,31,300,1000,5,Normal
54,24,Male,157,59,23.94,Normal,2.0,15.0,Maintain,5,90,Advanced,1,0,1,0,1,9,58.18,23.6,15.0,2240,2927,168,224,74,56,31,300,1000,5,Normal
54,24,Male,157,59,23.94,Normal,2.0,15.0,Maintain,5,90,Advanced,1,0,1,0,1,10,57.89,23.48,14.9,2240,2927,168,224,74,56,31,300,1000,5,Normal
54,24,Male,157,59,23.94,Normal,2.0,15.0,Maintain,5,90,Advanced,1,0,1,0,1,11,57.51,23.33,14.7,2240,2927,168,224,74,56,31,300,1000,5,Normal
54,24,Male,157,59,23.94,Normal,2.0,15.0,Maintain,5,90,Advanced,1,0,1,0,1,12,57.69,23.4,14.9,2236,2919,167,223,74,55,31,300,1000,5,Normal
55,30,Male,199,51,12.88,Underweight,1.0,5.3,Muscle Gain,2,30,Beginner,1,0,1,1,1,0,51.0,12.88,5.3,2512,2085,188,314,55,62,35,300,1000,5,Underweight
55,30,Male,199,51,12.88,Underweight,1.0,5.3,Muscle Gain,2,30,Beginner,1,0,1,1,1,1,51.22,12.93,5.1,2512,2085,188,314,55,62,35,300,1000,5,Underweight
55,30,Male,199,51,12.88,Underweight,1.0,5.3,Muscle Gain,2,30,Beginner,1,0,1,1,1,2,51.41,12.98,5.0,2512,2085,188,314,55,62,35,300,1000,5,Underweight
55,30,Male,199,51,12.88,Underweight,1.0,5.3,Muscle Gain,2,30,Beginner,1,0,1,1,1,3,51.64,13.04,5.0,2512,2085,188,314,55,62,35,300,1000,5,Underweight
55,30,Male,199,51,12.88,Underweight,1.0,5.3,Muscle Gain,2,30,Beginner,1,0,1,1,1,4,51.74,13.06,5.0,2522,2110,189,315,56,63,35,300,1000,5,Underweight
55,30,Male,199,51,12.88,Underweight,1.0,5.3,Muscle Gain,2,30,Beginner,1,0,1,1,1,5,51.88,13.1,5.0,2522,2110,189,315,56,63,35,300,1000,5,Underweight
55,30,Male,199,51,12.88,Underweight,1.0,5.3,Muscle Gain,2,30,Beginner,1,0,1,1,1,6,52.12,13.16,5.0,2522,2110,189,315,56,63,35,300,1000,5,Underweight
55,30,Male,199,51,12.88,Underweight,1.0,5.3,Muscle Gain,2,30,Beginner,1,0,1,1,1,7,52.23,13.19,5.0,2522,2110,189,315,56,63,35,300,1000,5,Underweight
55,30,Male,199,51,12.88,Underweight,1.0,5.3,Muscle Gain,2,30,Beginner,1,0,1,1,1,8,52.32,13.21,5.0,2530,2131,189,316,56,63,35,300,1000,5,Underweight
55,30,Male,199,51,12.88,Underweight,1.0,5.3,Muscle Gain,2,30,Beginner,1,0,1,1,1,9,52.45,13.24,5.0,2530,2131,189,316,56,63,35,300,1000,5,Underweight
55,30,Male,199,51,12.88,Underweight,1.0,5.3,Muscle Gain,2,30,Beginner,1,0,1,1,1,10,52.63,13.29,5.1,2530,2131,189,316,56,63,35,300,1000,5,Underweight
55,30,Male,199,51,12.88,Underweight,1.0,5.3,Muscle Gain,2,30,Beginner,1,0,1,1,1,11,52.81,13.33,5.0,2530,2131,189,316,56,63,35,300,1000,5,Underweight
55,30,Male,199,51,12.88,Underweight,1.0,5.3,Muscle Gain,2,30,Beginner,1,0,1,1,1,12,52.98,13.38,5.0,2539,2154,190,317,56,63,35,300,1000,5,Underweight
56,39,Male,177,86,27.45,Overweight,4.0,24.1,Muscle Gain,2,60,Advanced,0,1,1,0,1,0,86.0,27.45,24.1,2742,3610,205,342,60,68,38,300,1000,5,Overweight
56,39,Male,177,86,27.45,Overweight,4.0,24.1,Muscle Gain,2,60,Advanced,0,1,1,0,1,1,86.05,27.47,24.0,2742,3610,205,342,60,68,38,300,1000,5,Overweight
56,39,Male,177,86,27.45,Overweight,4.0,24.1,Muscle Gain,2,60,Advanced,0,1,1,0,1,2,86.22,27.52,23.8,2742,3610,205,342,60,68,38,300,1000,5,Overweight
56,39,Male,177,86,27.45,Overweight,4.0,24.1,Muscle Gain,2,60,Advanced,0,1,1,0,1,3,86.26,27.53,23.7,2742,3610,205,342,60,68,38,300,1000,5,Overweight
56,39,Male,177,86,27.45,Overweight,4.0,24.1,Muscle Gain,2,60,Advanced,0,1,1,0,1,4,86.41,27.58,23.5,2747,3624,206,343,61,68,38,300,1000,5,Overweight
56,39,Male,177,86,27.45,Overweight,4.0,24.1,Muscle Gain,2,60,Advanced,0,1,1,0,1,5,86.43,27.59,23.5,2747,3624,206,343,61,68,38,300,1000,5,Overweight
56,39,Male,177,86,27.45,Overweight,4.0,24.1,Muscle Gain,2,60,Advanced,0,1,1,0,1,6,86.46,27.6,23.6,2747,3624,206,343,61,68,38,300,1000,5,Overweight
56,39,Male,177,86,27.45,Overweight,4.0,24.1,Muscle Gain,2,60,Advanced,0,1,1,0,1,7,86.62,27.65,23.5,2747,3624,206,343,61,68,38,300,1000,5,Overweight
56,39,Male,177,86,27.45,Overweight,4.0,24.1,Muscle Gain,2,60,Advanced,0,1,1,0,1,8,86.63,27.65,23.4,2750,3632,206,343,61,68,38,300,1000,5,Overweight
56,39,Male,177,86,27.45,Overweight,4.0,24.1,Muscle Gain,2,60,Advanced,0,1,1,0,1,9,86.61,27.65,23.1,2750,3632,206,343,61,68,38,300,1000,5,Overweight
56,39,Male,177,86,27.45,Overweight,4.0,24.1,Muscle Gain,2,60,Advanced,0,1,1,0,1,10,86.75,27.69,22.9,2750,3632,206,343,61,68,38,300,1000,5,Overweight
56,39,Male,177,86,27.45,Overweight,4.0,24.1,Muscle Gain,2,60,Advanced,0,1,1,0,1,11,86.84,27.72,22.6,2750,3632,206,343,61,68,38,300,1000,5,Overweight
56,39,Male,177,86,27.45,Overweight,4.0,24.1,Muscle Gain,2,60,Advanced,0,1,1,0,1,12,86.83,27.71,22.7,2753,3638,206,344,61,68,38,300,1000,5,Overweight
57,37,Female,177,40,12.77,Underweight,2.0,16.3,Muscle Gain,3,90,Beginner,1,0,0,0,0,0,40.0,12.77,16.3,1895,2300,142,236,42,47,26,300,1000,4,Underweight
57,37,Female,177,40,12.77,Underweight,2.0,16.3,Muscle Gain,3,90,Beginner,1,0,0,0,0,1,40.11,12.8,16.3,1895,2300,142,236,42,47,26,300,1000,4,Underweight
57,37,Female,177,40,12.77,Underweight,2.0,16.3,Muscle Gain,3,90,Beginner,1,0,0,0,0,2,40.28,12.86,16.2,1895,2300,142,236,42,47,26,300,1000,4,Underweight
57,37,Female,177,40,12.77,Underweight,2.0,16.3,Muscle Gain,3,90,Beginner,1,0,0,0,0,3,40.36,12.88,16.0,1895,2300,142,236,42,47,26,300,1000,4,Underweight
57,37,Female,177,40,12.77,Underweight,2.0,16.3,Muscle Gain,3,90,Beginner,1,0,0,0,0,4,40.57,12.95,15.9,1903,2319,142,237,42,47,26,300,1000,4,Underweight
57,37,Female,177,40,12.77,Underweight,2.0,16.3,Muscle Gain,3,90,Beginner,1,0,0,0,0,5,40.81,13.03,15.6,1903,2319,142,237,42,47,26,300,1000,4,Underweight
57,37,Female,177,40,12.77,Underweight,2.0,16.3,Muscle Gain,3,90,Beginner,1,0,0,0,0,6,40.98,13.08,15.7,1903,2319,142,237,42,47,26,300,1000,4,Underweight
57,37,Female,177,40,12.77,Underweight,2.0,16.3,Muscle Gain,3,90,Beginner,1,0,0,0,0,7,41.18,13.14,15.5,1903,2319,142,237,42,47,26,300,1000,4,Underweight
57,37,Female,177,40,12.77,Underweight,2.0,16.3,Muscle Gain,3,90,Beginner,1,0,0,0,0,8,41.24,13.16,15.5,1912,2343,143,239,42,47,26,300,1000,4,Underweight
57,37,Female,177,40,12.77,Underweight,2.0,16.3,Muscle Gain,3,90,Beginner,1,0,0,0,0,9,41.37,13.21,15.5,1912,2343,143,239,42,47,26,300,1000,4,Underweight
57,37,Female,177,40,12.77,Underweight,2.0,16.3,Muscle Gain,3,90,Beginner,1,0,0,0,0,10,41.49,13.24,15.3,1912,2343,143,239,42,47,26,300,1000,4,Underweight
57,37,Female,177,40,12.77,Underweight,2.0,16.3,Muscle Gain,3,90,Beginner,1,0,0,0,0,11,41.72,13.32,15.4,1912,2343,143,239,42,47,26,300,1000,4,Underweight
57,37,Female,177,40,12.77,Underweight,2.0,16.3,Muscle Gain,3,90,Beginner,1,0,0,0,0,12,41.91,13.38,15.4,1921,2366,144,240,42,48,26,300,1000,4,Underweight
58,32,Female,186,129,37.29,Obese,5.0,47.1,Weight Loss,5,45,Advanced,1,0,0,0,0,0,129.0,37.29,47.1,2803,4965,280,210,93,70,39,300,1000,5,Obese
58,32,Female,186,129,37.29,Obese,5.0,47.1,Weight Loss,5,45,Advanced,1,0,0,0,0,1,127.76,36.93,46.4,2803,4965,280,210,93,70,39,300,1000,5,Obese
58,32,Female,186,129,37.29,Obese,5.0,47.1,Weight Loss,5,45,Advanced,1,0,0,0,0,2,126.67,36.61,46.0,2803,4965,280,210,93,70,39,300,1000,5,Obese
58,32,Female,186,129,37.29,Obese,5.0,47.1,Weight Loss,5,45,Advanced,1,0,0,0,0,3,126.09,36.45,45.2,2803,4965,280,210,93,70,39,300,1000,5,Obese
58,32,Female,186,129,37.29,Obese,5.0,47.1,Weight Loss,5,45,Advanced,1,0,0,0,0,4,125.35,36.23,44.5,2747,4837,274,206,91,68,38,300,1000,5,Obese
58,32,Female,186,129,37.29,Obese,5.0,47.1,Weight Loss,5,45,Advanced,1,0,0,0,0,5,123.95,35.83,44.0,2747,4837,274,206,91,68,38,300,1000,5,Obese
58,32,Female,186,129,37.29,Obese,5.0,47.1,Weight Loss,5,45,Advanced,1,0,0,0,0,6,123.17,35.6,43.3,2747,4837,274,206,91,68,38,300,1000,5,Obese
58,32,Female,186,129,37.29,Obese,5.0,47.1,Weight Loss,5,45,Advanced,1,0,0,0,0,7,122.95,35.54,42.6,2747,4837,274,206,91,68,38,300,1000,5,Obese
58,32,Female,186,129,37.29,Obese,5.0,47.1,Weight Loss,5,45,Advanced,1,0,0,0,0,8,122.34,35.36,41.9,2700,4731,270,202,90,67,37,300,1000,5,Obese
58,32,Female,186,129,37.29,Obese,5.0,47.1,Weight Loss,5,45,Advanced,1,0,0,0,0,9,121.72,35.18,41.6,2700,4731,270,202,90,67,37,300,1000,5,Obese
58,32,Female,186,129,37.29,Obese,5.0,47.1,Weight Loss,5,45,Advanced,1,0,0,0,0,10,120.56,34.85,41.2,2700,4731,270,202,90,67,37,300,1000,5,Obese
58,32,Female,186,129,37.29,Obese,5.0,47.1,Weight Loss,5,45,Advanced,1,0,0,0,0,11,120.35,34.79,40.9,2700,4731,270,202,90,67,37,300,1000,5,Obese
58,32,Female,186,129,37.29,Obese,5.0,47.1,Weight Loss,5,45,Advanced,1,0,0,0,0,12,119.45,34.53,40.1,2655,4630,265,199,88,66,37,300,1000,5,Obese
59,34,Female,190,53,14.68,Underweight,3.0,19.0,Muscle Gain,3,30,Advanced,1,1,0,1,0,0,53.0,14.68,19.0,2206,2155,165,275,49,55,30,300,1000,5,Underweight
59,34,Female,190,53,14.68,Underweight,3.0,19.0,Muscle Gain,3,30,Advanced,1,1,0,1,0,1,53.1,14.71,18.9,2206,2155,165,275,49,55,30,300,1000,5,Underweight
59,34,Female,190,53,14.68,Underweight,3.0,19.0,Muscle Gain,3,30,Advanced,1,1,0,1,0,2,53.11,14.71,18.9,2206,2155,165,275,49,55,30,300,1000,5,Underweight
59,34,Female,190,53,14.68,Underweight,3.0,19.0,Muscle Gain,3,30,Advanced,1,1,0,1,0,3,53.14,14.72,18.7,2206,2155,165,275,49,55,30,300,1000,5,Underweight
59,34,Female,190,53,14.68,Underweight,3.0,19.0,Muscle Gain,3,30,Advanced,1,1,0,1,0,4,53.27,14.76,18.5,2210,2164,165,276,49,55,30,300,1000,5,Underweight
59,34,Female,190,53,14.68,Underweight,3.0,19.0,Muscle Gain,3,30,Advanced,1,1,0,1,0,5,53.21,14.74,18.3,2210,2164,165,276,49,55,30,300,1000,5,Underweight
59,34,Female,190,53,14.68,Underweight,3.0,19.0,Muscle Gain,3,30,Advanced,1,1,0,1,0,6,53.35,14.78,18.2,2210,2164,165,276,49,55,30,300,1000,5,Underweight
59,34,Female,190,53,14.68,Underweight,3.0,19.0,Muscle Gain,3,30,Advanced,1,1,0,1,0,7,53.4,14.79,18.2,2210,2164,165,276,49,55,30,300,1000,5,Underweight
59,34,Female,190,53,14.68,Underweight,3.0,19.0,Muscle Gain,3,30,Advanced,1,1,0,1,0,8,53.39,14.79,18.0,2211,2168,165,276,49,55,30,300,1000,5,Underweight
59,34,Female,190,53,14.68,Underweight,3.0,19.0,Muscle Gain,3,30,Advanced,1,1,0,1,0,9,53.36,14.78,17.8,2211,2168,165,276,49,55,30,300,1000,5,Underweight
59,34,Female,190,53,14.68,Underweight,3.0,19.0,Muscle Gain,3,30,Advanced,1,1,0,1,0,10,53.5,14.82,17.7,2211,2168,165,276,49,55,30,300,1000,5,Underweight
59,34,Female,190,53,14.68,Underweight,3.0,19.0,Muscle Gain,3,30,Advanced,1,1,0,1,0,11,53.55,14.83,17.8,2211,2168,165,276,49,55,30,300,1000,5,Underweight
59,34,Female,190,53,14.68,Underweight,3.0,19.0,Muscle Gain,3,30,Advanced,1,1,0,1,0,12,53.68,14.87,17.6,2215,2178,166,276,49,55,31,300,1000,5,Underweight
60,40,Female,185,103,30.09,Obese,5.0,37.5,Weight Loss,4,30,Intermediate,1,0,0,1,1,0,103.0,30.09,37.5,2329,3905,232,174,77,58,32,300,1000,5,Obese
60,40,Female,185,103,30.09,Obese,5.0,37.5,Weight Loss,4,30,Intermediate,1,0,0,1,1,1,102.3,29.89,36.9,2329,3905,232,174,77,58,32,300,1000,5,Overweight
60,40,Female,185,103,30.09,Obese,5.0,37.5,Weight Loss,4,30,Intermediate,1,0,0,1,1,2,101.31,29.6,36.1,2329,3905,232,174,77,58,32,300,1000,5,Overweight
60,40,Female,185,103,30.09,Obese,5.0,37.5,Weight Loss,4,30,Intermediate,1,0,0,1,1,3,100.1,29.25,35.4,2329,3905,232,174,77,58,32,300,1000,5,Overweight
60,40,Female,185,103,30.09,Obese,5.0,37.5,Weight Loss,4,30,Intermediate,1,0,0,1,1,4,99.05,28.94,34.9,2267,3766,226,170,75,56,31,300,1000,5,Overweight
60,40,Female,185,103,30.09,Obese,5.0,37.5,Weight Loss,4,30,Intermediate,1,0,0,1,1,5,98.93,28.91,34.5,2267,3766,226,170,75,56,31,300,1000,5,Overweight
60,40,Female,185,103,30.09,Obese,5.0,37.5,Weight Loss,4,30,Intermediate,1,0,0,1,1,6,97.92,28.61,34.1,2267,3766,226,170,75,56,31,300,1000,5,Overweight
60,40,Female,185,103,30.09,Obese,5.0,37.5,Weight Loss,4,30,Intermediate,1,0,0,1,1,7,96.87,28.3,33.3,2267,3766,226,170,75,56,31,300,1000,5,Overweight
60,40,Female,185,103,30.09,Obese,5.0,37.5,Weight Loss,4,30,Intermediate,1,0,0,1,1,8,96.05,28.07,32.8,2221,3661,222,166,74,55,31,300,1000,5,Overweight
60,40,Female,185,103,30.09,Obese,5.0,37.5,Weight Loss,4,30,Intermediate,1,0,0,1,1,9,95.49,27.9,32.3,2221,3661,222,166,74,55,31,300,1000,5,Overweight
60,40,Female,185,103,30.09,Obese,5.0,37.5,Weight Loss,4,30,Intermediate,1,0,0,1,1,10,95.04,27.77,31.6,2221,3661,222,166,74,55,31,300,1000,5,Overweight
60,40,Female,185,103,30.09,Obese,5.0,37.5,Weight Loss,4,30,Intermediate,1,0,0,1,1,11,94.26,27.54,30.9,2221,3661,222,166,74,55,31,300,1000,5,Overweight
60,40,Female,185,103,30.09,Obese,5.0,37.5,Weight Loss,4,30,Intermediate,1,0,0,1,1,12,93.81,27.41,30.5,2186,3583,218,163,72,54,30,300,1000,4,Overweight
61,42,Male,176,77,24.86,Normal,4.0,24.8,Maintain,2,45,Advanced,0,0,0,0,0,0,77.0,24.86,24.8,2289,3145,171,228,76,57,32,300,1000,5,Normal
61,42,Male,176,77,24.86,Normal,4.0,24.8,Maintain,2,45,Advanced,0,0,0,0,0,1,76.92,24.83,24.7,2289,3145,171,228,76,57,32,300,1000,5,Normal
61,42,Male,176,77,24.86,Normal,4.0,24.8,Maintain,2,45,Advanced,0,0,0,0,0,2,77.28,24.95,24.8,2289,3145,171,228,76,57,32,300,1000,5,Normal
61,42,Male,176,77,24.86,Normal,4.0,24.8,Maintain,2,45,Advanced,0,0,0,0,0,3,77.23,24.93,24.8,2289,3145,171,228,76,57,32,300,1000,5,Normal
61,42,Male,176,77,24.86,Normal,4.0,24.8,Maintain,2,45,Advanced,0,0,0,0,0,4,76.93,24.84,24.8,2288,3142,171,228,76,57,32,300,1000,5,Normal
61,42,Male,176,77,24.86,Normal,4.0,24.8,Maintain,2,45,Advanced,0,0,0,0,0,5,76.79,24.79,25.0,2288,3142,171,228,76,57,32,300,1000,5,Normal
61,42,Male,176,77,24.86,Normal,4.0,24.8,Maintain,2,45,Advanced,0,0,0,0,0,6,76.77,24.78,25.0,2288,3142,171,228,76,57,32,300,1000,5,Normal
61,42,Male,176,77,24.86,Normal,4.0,24.8,Maintain,2,45,Advanced,0,0,0,0,0,7,76.84,24.81,25.2,2288,3142,171,228,76,57,32,300,1000,5,Normal
61,42,Male,176,77,24.86,Normal,4.0,24.8,Maintain,2,45,Advanced,0,0,0,0,0,8,77.14,24.9,25.2,2291,3149,171,229,76,57,32,300,1000,5,Normal
61,42,Male,176,77,24.86,Normal,4.0,24.8,Maintain,2,45,Advanced,0,0,0,0,0,9,77.36,24.97,25.2,2291,3149,171,229,76,57,32,300,1000,5,Normal
61,42,Male,176,77,24.86,Normal,4.0,24.8,Maintain,2,45,Advanced,0,0,0,0,0,10,77.35,24.97,25.1,2291,3149,171,229,76,57,32,300,1000,5,Normal
61,42,Male,176,77,24.86,Normal,4.0,24.8,Maintain,2,45,Advanced,0,0,0,0,0,11,77.32,24.96,25.0,2291,3149,171,229,76,57,32,300,1000,5,Normal
61,42,Male,176,77,24.86,Normal,4.0,24.8,Maintain,2,45,Advanced,0,0,0,0,0,12,77.73,25.09,24.9,2299,3170,172,229,76,57,32,300,1000,5,Overweight
62,41,Female,166,76,27.58,Overweight,5.0,37.6,Weight Loss,2,30,Beginner,1,0,1,0,1,0,76.0,27.58,37.6,1468,2960,146,110,48,36,20,300,1000,3,Overweight
62,41,Female,166,76,27.58,Overweight,5.0,37.6,Weight Loss,2,30,Beginner,1,0,1,0,1,1,75.29,27.32,37.1,1468,2960,146,110,48,36,20,300,1000,3,Overweight
62,41,Female,166,76,27.58,Overweight,5.0,37.6,Weight Loss,2,30,Beginner,1,0,1,0,1,2,74.34,26.98,36.5,1468,2960,146,110,48,36,20,300,1000,3,Overweight
62,41,Female,166,76,27.58,Overweight,5.0,37.6,Weight Loss,2,30,Beginner,1,0,1,0,1,3,74.05,26.87,35.9,1468,2960,146,110,48,36,20,300,1000,3,Overweight
62,41,Female,166,76,27.58,Overweight,5.0,37.6,Weight Loss,2,30,Beginner,1,0,1,0,1,4,73.12,26.53,35.2,1428,2859,142,107,47,35,19,300,1000,3,Overweight
62,41,Female,166,76,27.58,Overweight,5.0,37.6,Weight Loss,2,30,Beginner,1,0,1,0,1,5,73.03,26.5,34.8,1428,2859,142,107,47,35,19,300,1000,3,Overweight
62,41,Female,166,76,27.58,Overweight,5.0,37.6,Weight Loss,2,30,Beginner,1,0,1,0,1,6,72.53,26.32,34.0,1428,2859,142,107,47,35,19,300,1000,3,Overweight
62,41,Female,166,76,27.58,Overweight,5.0,37.6,Weight Loss,2,30,Beginner,1,0,1,0,1,7,71.97,26.12,33.3,1428,2859,142,107,47,35,19,300,1000,3,Overweight
62,41,Female,166,76,27.58,Overweight,5.0,37.6,Weight Loss,2,30,Beginner,1,0,1,0,1,8,71.01,25.77,33.0,1399,2785,139,104,46,34,19,300,1000,3,Overweight
62,41,Female,166,76,27.58,Overweight,5.0,37.6,Weight Loss,2,30,Beginner,1,0,1,0,1,9,70.74,25.67,32.4,1399,2785,139,104,46,34,19,300,1000,3,Overweight
62,41,Female,166,76,27.58,Overweight,5.0,37.6,Weight Loss,2,30,Beginner,1,0,1,0,1,10,70.41,25.55,31.9,1399,2785,139,104,46,34,19,300,1000,3,Overweight
62,41,Female,166,76,27.58,Overweight,5.0,37.6,Weight Loss,2,30,Beginner,1,0,1,0,1,11,70.24,25.49,31.1,1399,2785,139,104,46,34,19,300,1000,3,Overweight
62,41,Female,166,76,27.58,Overweight,5.0,37.6,Weight Loss,2,30,Beginner,1,0,1,0,1,12,69.52,25.23,30.8,1379,2733,137,103,45,34,19,300,1000,3,Overweight
63,45,Female,158,50,20.03,Normal,3.0,23.7,Muscle Gain,5,60,Advanced,1,0,0,0,1,0,50.0,20.03,23.7,2007,2350,150,250,44,50,28,300,1000,4,Normal
63,45,Female,158,50,20.03,Normal,3.0,23.7,Muscle Gain,5,60,Advanced,1,0,0,0,1,1,50.09,20.06,23.7,2007,2350,150,250,44,50,28,300,1000,4,Normal
63,45,Female,158,50,20.03,Normal,3.0,23.7,Muscle Gain,5,60,Advanced,1,0,0,0,1,2,50.07,20.06,23.5,2007,2350,150,250,44,50,28,300,1000,4,Normal
63,45,Female,158,50,20.03,Normal,3.0,23.7,Muscle Gain,5,60,Advanced,1,0,0,0,1,3,50.06,20.05,23.2,2007,2350,150,250,44,50,28,300,1000,4,Normal
63,45,Female,158,50,20.03,Normal,3.0,23.7,Muscle Gain,5,60,Advanced,1,0,0,0,1,4,50.21,20.11,23.0,2010,2357,150,251,44,50,28,300,1000,4,Normal
63,45,Female,158,50,20.03,Normal,3.0,23.7,Muscle Gain,5,60,Advanced,1,0,0,0,1,5,50.15,20.09,23.0,2010,2357,150,251,44,50,28,300,1000,4,Normal
63,45,Female,158,50,20.03,Normal,3.0,23.7,Muscle Gain,5,60,Advanced,1,0,0,0,1,6,50.14,20.08,22.8,2010,2357,150,251,44,50,28,300,1000,4,Normal
63,45,Female,158,50,20.03,Normal,3.0,23.7,Muscle Gain,5,60,Advanced,1,0,0,0,1,7,50.21,20.11,22.5,2010,2357,150,251,44,50,28,300,1000,4,Normal
63,45,Female,158,50,20.03,Normal,3.0,23.7,Muscle Gain,5,60,Advanced,1,0,0,0,1,8,50.23,20.12,22.3,2010,2357,150,251,44,50,28,300,1000,4,Normal
63,45,Female,158,50,20.03,Normal,3.0,23.7,Muscle Gain,5,60,Advanced,1,0,0,0,1,9,50.34,20.17,22.2,2010,2357,150,251,44,50,28,300,1000,4,Normal
63,45,Female,158,50,20.03,Normal,3.0,23.7,Muscle Gain,5,60,Advanced,1,0,0,0,1,10,50.38,20.18,22.2,2010,2357,150,251,44,50,28,300,1000,4,Normal
63,45,Female,158,50,20.03,Normal,3.0,23.7,Muscle Gain,5,60,Advanced,1,0,0,0,1,11,50.51,20.23,22.3,2010,2357,150,251,44,50,28,300,1000,4,Normal
63,45,Female,158,50,20.03,Normal,3.0,23.7,Muscle Gain,5,60,Advanced,1,0,0,0,1,12,50.63,20.28,22.3,2017,2371,151,252,44,50,28,300,1000,4,Normal
64,31,Female,182,116,35.02,Obese,5.0,45.0,Weight Loss,5,30,Intermediate,1,0,0,0,1,0,116.0,35.02,45.0,2571,4360,257,192,85,64,35,300,1000,5,Obese
64,31,Female,182,116,35.02,Obese,5.0,45.0,Weight Loss,5,30,Intermediate,1,0,0,0,1,1,114.66,34.62,44.6,2571,4360,257,192,85,64,35,300,1000,5,Obese
64,31,Female,182,116,35.02,Obese,5.0,45.0,Weight Loss,5,30,Intermediate,1,0,0,0,1,2,113.39,34.23,44.3,2571,4360,257,192,85,64,35,300,1000,5,Obese
64,31,Female,182,116,35.02,Obese,5.0,45.0,Weight Loss,5,30,Intermediate,1,0,0,0,1,3,112.45,33.95,43.7,2571,4360,257,192,85,64,35,300,1000,5,Obese
64,31,Female,182,116,35.02,Obese,5.0,45.0,Weight Loss,5,30,Intermediate,1,0,0,0,1,4,111.7,33.72,43.0,2504,4209,250,187,83,62,35,300,1000,5,Obese
64,31,Female,182,116,35.02,Obese,5.0,45.0,Weight Loss,5,30,Intermediate,1,0,0,0,1,5,110.15,33.26,42.2,2504,4209,250,187,83,62,35,300,1000,5,Obese
64,31,Female,182,116,35.02,Obese,5.0,45.0,Weight Loss,5,30,Intermediate,1,0,0,0,1,6,109.66,33.11,41.9,2504,4209,250,187,83,62,35,300,1000,5,Obese
64,31,Female,182,116,35.02,Obese,5.0,45.0,Weight Loss,5,30,Intermediate,1,0,0,0,1,7,109.07,32.93,41.1,2504,4209,250,187,83,62,35,300,1000,5,Obese
64,31,Female,182,116,35.02,Obese,5.0,45.0,Weight Loss,5,30,Intermediate,1,0,0,0,1,8,108.19,32.66,40.5,2450,4086,245,183,81,61,34,300,1000,5,Obese
64,31,Female,182,116,35.02,Obese,5.0,45.0,Weight Loss,5,30,Intermediate,1,0,0,0,1,9,107.79,32.54,40.0,2450,4086,245,183,81,61,34,300,1000,5,Obese
64,31,Female,182,116,35.02,Obese,5.0,45.0,Weight Loss,5,30,Intermediate,1,0,0,0,1,10,106.83,32.25,39.3,2450,4086,245,183,81,61,34,300,1000,5,Obese
64,31,Female,182,116,35.02,Obese,5.0,45.0,Weight Loss,5,30,Intermediate,1,0,0,0,1,11,105.62,31.89,38.9,2450,4086,245,183,81,61,34,300,1000,5,Obese
64,31,Female,182,116,35.02,Obese,5.0,45.0,Weight Loss,5,30,Intermediate,1,0,0,0,1,12,104.43,31.53,38.6,2391,3954,239,179,79,59,33,300,1000,5,Obese
65,17,Female,169,42,14.71,Underweight,2.0,17.1,Muscle Gain,2,60,Intermediate,1,0,0,0,0,0,42.0,14.71,17.1,1991,2070,149,248,44,49,27,300,1000,4,Underweight
65,17,Female,169,42,14.71,Underweight,2.0,17.1,Muscle Gain,2,60,Intermediate,1,0,0,0,0,1,41.99,14.7,17.1,1991,2070,149,248,44,49,27,300,1000,4,Underweight
65,17,Female,169,42,14.71,Underweight,2.0,17.1,Muscle Gain,2,60,Intermediate,1,0,0,0,0,2,42.12,14.75,17.1,1991,2070,149,248,44,49,27,300,1000,4,Underweight
65,17,Female,169,42,14.71,Underweight,2.0,17.1,Muscle Gain,2,60,Intermediate,1,0,0,0,0,3,42.22,14.78,17.0,1991,2070,149,248,44,49,27,300,1000,4,Underweight
65,17,Female,169,42,14.71,Underweight,2.0,17.1,Muscle Gain,2,60,Intermediate,1,0,0,0,0,4,42.24,14.79,16.9,1994,2078,149,249,44,49,27,300,1000,4,Underweight
65,17,Female,169,42,14.71,Underweight,2.0,17.1,Muscle Gain,2,60,Intermediate,1,0,0,0,0,5,42.24,14.79,16.7,1994,2078,149,249,44,49,27,300,1000,4,Underweight
65,17,Female,169,42,14.71,Underweight,2.0,17.1,Muscle Gain,2,60,Intermediate,1,0,0,0,0,6,42.41,14.85,16.5,1994,2078,149,249,44,49,27,300,1000,4,Underweight
65,17,Female,169,42,14.71,Underweight,2.0,17.1,Muscle Gain,2,60,Intermediate,1,0,0,0,0,7,42.42,14.85,16.5,1994,2078,149,249,44,49,27,300,1000,4,Underweight
65,17,Female,169,42,14.71,Underweight,2.0,17.1,Muscle Gain,2,60,Intermediate,1,0,0,0,0,8,42.52,14.89,16.3,1998,2088,149,249,44,49,27,300,1000,4,Underweight
65,17,Female,169,42,14.71,Underweight,2.0,17.1,Muscle Gain,2,60,Intermediate,1,0,0,0,0,9,42.58,14.91,16.3,1998,2088,149,249,44,49,27,300,1000,4,Underweight
65,17,Female,169,42,14.71,Underweight,2.0,17.1,Muscle Gain,2,60,Intermediate,1,0,0,0,0,10,42.67,14.94,16.1,1998,2088,149,249,44,49,27,300,1000,4,Underweight
65,17,Female,169,42,14.71,Underweight,2.0,17.1,Muscle Gain,2,60,Intermediate,1,0,0,0,0,11,42.83,15.0,15.8,1998,2088,149,249,44,49,27,300,1000,4,Underweight
65,17,Female,169,42,14.71,Underweight,2.0,17.1,Muscle Gain,2,60,Intermediate,1,0,0,0,0,12,42.95,15.04,15.6,2004,2103,150,250,44,50,28,300,1000,4,Underweight
66,41,Female,162,72,27.43,Overweight,5.0,35.5,Weight Loss,5,90,Advanced,1,0,1,1,1,0,72.0,27.43,35.5,1618,3420,161,121,53,40,22,300,1000,4,Overweight
66,41,Female,162,72,27.43,Overweight,5.0,35.5,Weight Loss,5,90,Advanced,1,0,1,1,1,1,71.15,27.11,35.1,1618,3420,161,121,53,40,22,300,1000,4,Overweight
66,41,Female,162,72,27.43,Overweight,5.0,35.5,Weight Loss,5,90,Advanced,1,0,1,1,1,2,70.13,26.72,34.5,1618,3420,161,121,53,40,22,300,1000,4,Overweight
66,41,Female,162,72,27.43,Overweight,5.0,35.5,Weight Loss,5,90,Advanced,1,0,1,1,1,3,69.93,26.64,34.0,1618,3420,161,121,53,40,22,300,1000,4,Overweight
66,41,Female,162,72,27.43,Overweight,5.0,35.5,Weight Loss,5,90,Advanced,1,0,1,1,1,4,69.28,26.4,33.4,1575,3324,157,118,52,39,22,300,1000,4,Overweight
66,41,Female,162,72,27.43,Overweight,5.0,35.5,Weight Loss,5,90,Advanced,1,0,1,1,1,5,68.63,26.15,32.8,1575,3324,157,118,52,39,22,300,1000,4,Overweight
66,41,Female,162,72,27.43,Overweight,5.0,35.5,Weight Loss,5,90,Advanced,1,0,1,1,1,6,68.47,26.09,32.4,1575,3324,157,118,52,39,22,300,1000,4,Overweight
66,41,Female,162,72,27.43,Overweight,5.0,35.5,Weight Loss,5,90,Advanced,1,0,1,1,1,7,67.82,25.84,31.9,1575,3324,157,118,52,39,22,300,1000,4,Overweight
66,41,Female,162,72,27.43,Overweight,5.0,35.5,Weight Loss,5,90,Advanced,1,0,1,1,1,8,67.03,25.54,31.5,1540,3245,154,115,51,38,21,300,1000,4,Overweight
66,41,Female,162,72,27.43,Overweight,5.0,35.5,Weight Loss,5,90,Advanced,1,0,1,1,1,9,66.36,25.29,30.7,1540,3245,154,115,51,38,21,300,1000,4,Overweight
66,41,Female,162,72,27.43,Overweight,5.0,35.5,Weight Loss,5,90,Advanced,1,0,1,1,1,10,66.4,25.3,30.1,1540,3245,154,115,51,38,21,300,1000,4,Overweight
66,41,Female,162,72,27.43,Overweight,5.0,35.5,Weight Loss,5,90,Advanced,1,0,1,1,1,11,65.97,25.14,29.4,1540,3245,154,115,51,38,21,300,1000,4,Overweight
66,41,Female,162,72,27.43,Overweight,5.0,35.5,Weight Loss,5,90,Advanced,1,0,1,1,1,12,65.46,24.94,28.9,1516,3190,151,113,50,37,21,300,1000,4,Normal
67,23,Male,177,45,14.36,Underweight,1.0,3.0,Muscle Gain,4,90,Intermediate,1,1,0,1,0,0,45.0,14.36,3.0,2541,2475,190,317,56,63,35,300,1000,5,Underweight
67,23,Male,177,45,14.36,Underweight,1.0,3.0,Muscle Gain,4,90,Intermediate,1,1,0,1,0,1,45.06,14.38,5.0,2541,2475,190,317,56,63,35,300,1000,5,Underweight
67,23,Male,177,45,14.36,Underweight,1.0,3.0,Muscle Gain,4,90,Intermediate,1,1,0,1,0,2,45.14,14.41,5.0,2541,2475,190,317,56,63,35,300,1000,5,Underweight
67,23,Male,177,45,14.36,Underweight,1.0,3.0,Muscle Gain,4,90,Intermediate,1,1,0,1,0,3,45.2,14.43,5.0,2541,2475,190,317,56,63,35,300,1000,5,Underweight
67,23,Male,177,45,14.36,Underweight,1.0,3.0,Muscle Gain,4,90,Intermediate,1,1,0,1,0,4,45.31,14.46,5.0,2546,2485,190,318,56,63,35,300,1000,5,Underweight
67,23,Male,177,45,14.36,Underweight,1.0,3.0,Muscle Gain,4,90,Intermediate,1,1,0,1,0,5,45.45,14.51,5.0,2546,2485,190,318,56,63,35,300,1000,5,Underweight
67,23,Male,177,45,14.36,Underweight,1.0,3.0,Muscle Gain,4,90,Intermediate,1,1,0,1,0,6,45.47,14.52,5.0,2546,2485,190,318,56,63,35,300,1000,5,Underweight
67,23,Male,177,45,14.36,Underweight,1.0,3.0,Muscle Gain,4,90,Intermediate,1,1,0,1,0,7,45.6,14.56,5.0,2546,2485,190,318,56,63,35,300,1000,5,Underweight
67,23,Male,177,45,14.36,Underweight,1.0,3.0,Muscle Gain,4,90,Intermediate,1,1,0,1,0,8,45.68,14.58,5.0,2552,2498,191,319,56,63,35,300,1000,5,Underweight
67,23,Male,177,45,14.36,Underweight,1.0,3.0,Muscle Gain,4,90,Intermediate,1,1,0,1,0,9,45.84,14.63,5.0,2552,2498,191,319,56,63,35,300,1000,5,Underweight
67,23,Male,177,45,14.36,Underweight,1.0,3.0,Muscle Gain,4,90,Intermediate,1,1,0,1,0,10,45.9,14.65,5.0,2552,2498,191,319,56,63,35,300,1000,5,Underweight
67,23,Male,177,45,14.36,Underweight,1.0,3.0,Muscle Gain,4,90,Intermediate,1,1,0,1,0,11,46.05,14.7,5.1,2552,2498,191,319,56,63,35,300,1000,5,Underweight
67,23,Male,177,45,14.36,Underweight,1.0,3.0,Muscle Gain,4,90,Intermediate,1,1,0,1,0,12,46.22,14.75,5.0,2560,2517,192,320,56,64,35,300,1000,5,Underweight
68,25,Male,197,89,22.93,Normal,2.0,16.4,Maintain,5,60,Advanced,1,0,0,0,0,0,89.0,22.93,16.4,3101,3715,232,310,103,77,43,300,1000,5,Normal
68,25,Male,197,89,22.93,Normal,2.0,16.4,Maintain,5,60,Advanced,1,0,0,0,0,1,88.77,22.87,16.5,3101,3715,232,310,103,77,43,300,1000,5,Normal
68,25,Male,197,89,22.93,Normal,2.0,16.4,Maintain,5,60,Advanced,1,0,0,0,0,2,88.93,22.91,16.7,3101,3715,232,310,103,77,43,300,1000,5,Normal
68,25,Male,197,89,22.93,Normal,2.0,16.4,Maintain,5,60,Advanced,1,0,0,0,0,3,88.69,22.85,16.7,3101,3715,232,310,103,77,43,300,1000,5,Normal
68,25,Male,197,89,22.93,Normal,2.0,16.4,Maintain,5,60,Advanced,1,0,0,0,0,4,88.25,22.74,16.6,3090,3688,231,309,103,77,43,300,1000,5,Normal
68,25,Male,197,89,22.93,Normal,2.0,16.4,Maintain,5,60,Advanced,1,0,0,0,0,5,87.75,22.61,16.8,3090,3688,231,309,103,77,43,300,1000,5,Normal
68,25,Male,197,89,22.93,Normal,2.0,16.4,Maintain,5,60,Advanced,1,0,0,0,0,6,88.05,22.69,16.9,3090,3688,231,309,103,77,43,300,1000,5,Normal
68,25,Male,197,89,22.93,Normal,2.0,16.4,Maintain,5,60,Advanced,1,0,0,0,0,7,88.06,22.69,16.8,3090,3688,231,309,103,77,43,300,1000,5,Normal
68,25,Male,197,89,22.93,Normal,2.0,16.4,Maintain,5,60,Advanced,1,0,0,0,0,8,87.71,22.6,16.7,3081,3669,231,308,102,77,43,300,1000,5,Normal
68,25,Male,197,89,22.93,Normal,2.0,16.4,Maintain,5,60,Advanced,1,0,0,0,0,9,87.59,22.57,16.8,3081,3669,231,308,102,77,43,300,1000,5,Normal
68,25,Male,197,89,22.93,Normal,2.0,16.4,Maintain,5,60,Advanced,1,0,0,0,0,10,87.63,22.58,16.7,3081,3669,231,308,102,77,43,300,1000,5,Normal
68,25,Male,197,89,22.93,Normal,2.0,16.4,Maintain,5,60,Advanced,1,0,0,0,0,11,87.15,22.46,16.5,3081,3669,231,308,102,77,43,300,1000,5,Normal
68,25,Male,197,89,22.93,Normal,2.0,16.4,Maintain,5,60,Advanced,1,0,0,0,0,12,87.06,22.43,16.7,3071,3646,230,307,102,76,42,300,1000,5,Normal
69,40,Female,178,49,15.47,Underweight,3.0,19.0,Muscle Gain,3,45,Intermediate,1,0,0,0,0,0,49.0,15.47,19.0,2007,2165,150,250,44,50,28,300,1000,4,Underweight
69,40,Female,178,49,15.47,Underweight,3.0,19.0,Muscle Gain,3,45,Intermediate,1,0,0,0,0,1,49.16,15.52,18.9,2007,2165,150,250,44,50,28,300,1000,4,Underweight
69,40,Female,178,49,15.47,Underweight,3.0,19.0,Muscle Gain,3,45,Intermediate,1,0,0,0,0,2,49.16,15.52,18.9,2007,2165,150,250,44,50,28,300,1000,4,Underweight
69,40,Female,178,49,15.47,Underweight,3.0,19.0,Muscle Gain,3,45,Intermediate,1,0,0,0,0,3,49.21,15.53,18.8,2007,2165,150,250,44,50,28,300,1000,4,Underweight
69,40,Female,178,49,15.47,Underweight,3.0,19.0,Muscle Gain,3,45,Intermediate,1,0,0,0,0,4,49.32,15.57,18.9,2011,2176,150,251,44,50,28,300,1000,4,Underweight
69,40,Female,178,49,15.47,Underweight,3.0,19.0,Muscle Gain,3,45,Intermediate,1,0,0,0,0,5,49.43,15.6,18.6,2011,2176,150,251,44,50,28,300,1000,4,Underweight
69,40,Female,178,49,15.47,Underweight,3.0,19.0,Muscle Gain,3,45,Intermediate,1,0,0,0,0,6,49.43,15.6,18.4,2011,2176,150,251,44,50,28,300,1000,4,Underweight
69,40,Female,178,49,15.47,Underweight,3.0,19.0,Muscle Gain,3,45,Intermediate,1,0,0,0,0,7,49.58,15.65,18.1,2011,2176,150,251,44,50,28,300,1000,4,Underweight
69,40,Female,178,49,15.47,Underweight,3.0,19.0,Muscle Gain,3,45,Intermediate,1,0,0,0,0,8,49.62,15.66,17.9,2015,2186,151,251,44,50,28,300,1000,4,Underweight
69,40,Female,178,49,15.47,Underweight,3.0,19.0,Muscle Gain,3,45,Intermediate,1,0,0,0,0,9,49.67,15.68,17.7,2015,2186,151,251,44,50,28,300,1000,4,Underweight
69,40,Female,178,49,15.47,Underweight,3.0,19.0,Muscle Gain,3,45,Intermediate,1,0,0,0,0,10,49.75,15.7,17.8,2015,2186,151,251,44,50,28,300,1000,4,Underweight
69,40,Female,178,49,15.47,Underweight,3.0,19.0,Muscle Gain,3,45,Intermediate,1,0,0,0,0,11,49.74,15.7,17.5,2015,2186,151,251,44,50,28,300,1000,4,Underweight
69,40,Female,178,49,15.47,Underweight,3.0,19.0,Muscle Gain,3,45,Intermediate,1,0,0,0,0,12,49.75,15.7,17.6,2017,2191,151,252,44,50,28,300,1000,4,Underweight
70,17,Male,162,44,16.77,Underweight,1.0,8.1,Muscle Gain,4,60,Intermediate,1,1,0,1,0,0,44.0,16.77,8.1,2427,2140,182,303,53,60,33,300,1000,5,Underweight
70,17,Male,162,44,16.77,Underweight,1.0,8.1,Muscle Gain,4,60,Intermediate,1,1,0,1,0,1,44.09,16.8,8.0,2427,2140,182,303,53,60,33,300,1000,5,Underweight
70,17,Male,162,44,16.77,Underweight,1.0,8.1,Muscle Gain,4,60,Intermediate,1,1,0,1,0,2,44.09,16.8,7.9,2427,2140,182,303,53,60,33,300,1000,5,Underweight
70,17,Male,162,44,16.77,Underweight,1.0,8.1,Muscle Gain,4,60,Intermediate,1,1,0,1,0,3,44.12,16.81,7.6,2427,2140,182,303,53,60,33,300,1000,5,Underweight
70,17,Male,162,44,16.77,Underweight,1.0,8.1,Muscle Gain,4,60,Intermediate,1,1,0,1,0,4,44.13,16.82,7.6,2429,2144,182,303,53,60,34,300,1000,5,Underweight
70,17,Male,162,44,16.77,Underweight,1.0,8.1,Muscle Gain,4,60,Intermediate,1,1,0,1,0,5,44.19,16.84,7.4,2429,2144,182,303,53,60,34,300,1000,5,Underweight
70,17,Male,162,44,16.77,Underweight,1.0,8.1,Muscle Gain,4,60,Intermediate,1,1,0,1,0,6,44.29,16.88,7.3,2429,2144,182,303,53,60,34,300,1000,5,Underweight
70,17,Male,162,44,16.77,Underweight,1.0,8.1,Muscle Gain,4,60,Intermediate,1,1,0,1,0,7,44.48,16.95,7.3,2429,2144,182,303,53,60,34,300,1000,5,Underweight
70,17,Male,162,44,16.77,Underweight,1.0,8.1,Muscle Gain,4,60,Intermediate,1,1,0,1,0,8,44.49,16.95,7.3,2434,2157,182,304,54,60,34,300,1000,5,Underweight
70,17,Male,162,44,16.77,Underweight,1.0,8.1,Muscle Gain,4,60,Intermediate,1,1,0,1,0,9,44.47,16.94,7.3,2434,2157,182,304,54,60,34,300,1000,5,Underweight
70,17,Male,162,44,16.77,Underweight,1.0,8.1,Muscle Gain,4,60,Intermediate,1,1,0,1,0,10,44.63,17.0,7.3,2434,2157,182,304,54,60,34,300,1000,5,Underweight
70,17,Male,162,44,16.77,Underweight,1.0,8.1,Muscle Gain,4,60,Intermediate,1,1,0,1,0,11,44.78,17.06,7.1,2434,2157,182,304,54,60,34,300,1000,5,Underweight
70,17,Male,162,44,16.77,Underweight,1.0,8.1,Muscle Gain,4,60,Intermediate,1,1,0,1,0,12,44.83,17.08,6.8,2440,2169,183,305,54,61,34,300,1000,5,Underweight
71,24,Female,195,62,16.31,Underweight,3.0,18.7,Muscle Gain,3,60,Intermediate,1,0,0,0,0,0,62.0,16.31,18.7,2441,2770,183,305,54,61,34,300,1000,5,Underweight
71,24,Female,195,62,16.31,Underweight,3.0,18.7,Muscle Gain,3,60,Intermediate,1,0,0,0,0,1,62.04,16.32,18.6,2441,2770,183,305,54,61,34,300,1000,5,Underweight
71,24,Female,195,62,16.31,Underweight,3.0,18.7,Muscle Gain,3,60,Intermediate,1,0,0,0,0,2,62.2,16.36,18.6,2441,2770,183,305,54,61,34,300,1000,5,Underweight
71,24,Female,195,62,16.31,Underweight,3.0,18.7,Muscle Gain,3,60,Intermediate,1,0,0,0,0,3,62.26,16.37,18.4,2441,2770,183,305,54,61,34,300,1000,5,Underweight
71,24,Female,195,62,16.31,Underweight,3.0,18.7,Muscle Gain,3,60,Intermediate,1,0,0,0,0,4,62.4,16.41,18.4,2447,2784,183,305,54,61,34,300,1000,5,Underweight
71,24,Female,195,62,16.31,Underweight,3.0,18.7,Muscle Gain,3,60,Intermediate,1,0,0,0,0,5,62.47,16.43,18.2,2447,2784,183,305,54,61,34,300,1000,5,Underweight
71,24,Female,195,62,16.31,Underweight,3.0,18.7,Muscle Gain,3,60,Intermediate,1,0,0,0,0,6,62.52,16.44,18.3,2447,2784,183,305,54,61,34,300,1000,5,Underweight
71,24,Female,195,62,16.31,Underweight,3.0,18.7,Muscle Gain,3,60,Intermediate,1,0,0,0,0,7,62.63,16.47,18.2,2447,2784,183,305,54,61,34,300,1000,5,Underweight
71,24,Female,195,62,16.31,Underweight,3.0,18.7,Muscle Gain,3,60,Intermediate,1,0,0,0,0,8,62.79,16.51,18.0,2452,2797,183,306,54,61,34,300,1000,5,Underweight
71,24,Female,195,62,16.31,Underweight,3.0,18.7,Muscle Gain,3,60,Intermediate,1,0,0,0,0,9,62.97,16.56,17.9,2452,2797,183,306,54,61,34,300,1000,5,Underweight
71,24,Female,195,62,16.31,Underweight,3.0,18.7,Muscle Gain,3,60,Intermediate,1,0,0,0,0,10,63.17,16.61,18.0,2452,2797,183,306,54,61,34,300,1000,5,Underweight
71,24,Female,195,62,16.31,Underweight,3.0,18.7,Muscle Gain,3,60,Intermediate,1,0,0,0,0,11,63.24,16.63,17.9,2452,2797,183,306,54,61,34,300,1000,5,Underweight
71,24,Female,195,62,16.31,Underweight,3.0,18.7,Muscle Gain,3,60,Intermediate,1,0,0,0,0,12,63.43,16.68,17.8,2461,2820,184,307,54,61,34,300,1000,5,Underweight
72,40,Female,184,49,14.47,Underweight,2.0,16.9,Muscle Gain,4,45,Advanced,1,0,0,1,1,0,49.0,14.47,16.9,2282,2165,171,285,50,57,31,300,1000,5,Underweight
72,40,Female,184,49,14.47,Underweight,2.0,16.9,Muscle Gain,4,45,Advanced,1,0,0,1,1,1,49.09,14.5,16.9,2282,2165,171,285,50,57,31,300,1000,5,Underweight
72,40,Female,184,49,14.47,Underweight,2.0,16.9,Muscle Gain,4,45,Advanced,1,0,0,1,1,2,49.12,14.51,16.7,2282,2165,171,285,50,57,31,300,1000,5,Underweight
72,40,Female,184,49,14.47,Underweight,2.0,16.9,Muscle Gain,4,45,Advanced,1,0,0,1,1,3,49.06,14.49,16.5,2282,2165,171,285,50,57,31,300,1000,5,Underweight
72,40,Female,184,49,14.47,Underweight,2.0,16.9,Muscle Gain,4,45,Advanced,1,0,0,1,1,4,49.13,14.51,16.5,2284,2169,171,285,50,57,31,300,1000,5,Underweight
72,40,Female,184,49,14.47,Underweight,2.0,16.9,Muscle Gain,4,45,Advanced,1,0,0,1,1,5,49.13,14.51,16.2,2284,2169,171,285,50,57,31,300,1000,5,Underweight
72,40,Female,184,49,14.47,Underweight,2.0,16.9,Muscle Gain,4,45,Advanced,1,0,0,1,1,6,49.11,14.51,16.3,2284,2169,171,285,50,57,31,300,1000,5,Underweight
72,40,Female,184,49,14.47,Underweight,2.0,16.9,Muscle Gain,4,45,Advanced,1,0,0,1,1,7,49.17,14.52,16.4,2284,2169,171,285,50,57,31,300,1000,5,Underweight
72,40,Female,184,49,14.47,Underweight,2.0,16.9,Muscle Gain,4,45,Advanced,1,0,0,1,1,8,49.16,14.52,16.4,2284,2170,171,285,50,57,31,300,1000,5,Underweight
72,40,Female,184,49,14.47,Underweight,2.0,16.9,Muscle Gain,4,45,Advanced,1,0,0,1,1,9,49.29,14.56,16.1,2284,2170,171,285,50,57,31,300,1000,5,Underweight
72,40,Female,184,49,14.47,Underweight,2.0,16.9,Muscle Gain,4,45,Advanced,1,0,0,1,1,10,49.35,14.58,16.1,2284,2170,171,285,50,57,31,300,1000,5,Underweight
72,40,Female,184,49,14.47,Underweight,2.0,16.9,Muscle Gain,4,45,Advanced,1,0,0,1,1,11,49.36,14.58,16.1,2284,2170,171,285,50,57,31,300,1000,5,Underweight
72,40,Female,184,49,14.47,Underweight,2.0,16.9,Muscle Gain,4,45,Advanced,1,0,0,1,1,12,49.46,14.61,16.0,2289,2181,171,286,50,57,32,300,1000,5,Underweight
73,27,Male,155,83,34.55,Obese,5.0,31.3,Weight Loss,2,30,Beginner,1,1,0,1,0,0,83.0,34.55,31.3,1794,3205,179,134,59,44,25,300,1000,4,Obese
73,27,Male,155,83,34.55,Obese,5.0,31.3,Weight Loss,2,30,Beginner,1,1,0,1,0,1,82.48,34.33,30.6,1794,3205,179,134,59,44,25,300,1000,4,Obese
73,27,Male,155,83,34.55,Obese,5.0,31.3,Weight Loss,2,30,Beginner,1,1,0,1,0,2,82.2,34.22,30.0,1794,3205,179,134,59,44,25,300,1000,4,Obese
73,27,Male,155,83,34.55,Obese,5.0,31.3,Weight Loss,2,30,Beginner,1,1,0,1,0,3,81.35,33.86,29.3,1794,3205,179,134,59,44,25,300,1000,4,Obese
73,27,Male,155,83,34.55,Obese,5.0,31.3,Weight Loss,2,30,Beginner,1,1,0,1,0,4,81.23,33.81,28.7,1770,3143,177,132,59,44,24,300,1000,4,Obese
73,27,Male,155,83,34.55,Obese,5.0,31.3,Weight Loss,2,30,Beginner,1,1,0,1,0,5,80.86,33.65,28.0,1770,3143,177,132,59,44,24,300,1000,4,Obese
73,27,Male,155,83,34.55,Obese,5.0,31.3,Weight Loss,2,30,Beginner,1,1,0,1,0,6,80.64,33.57,27.4,1770,3143,177,132,59,44,24,300,1000,4,Obese
73,27,Male,155,83,34.55,Obese,5.0,31.3,Weight Loss,2,30,Beginner,1,1,0,1,0,7,79.87,33.24,26.8,1770,3143,177,132,59,44,24,300,1000,4,Obese
73,27,Male,155,83,34.55,Obese,5.0,31.3,Weight Loss,2,30,Beginner,1,1,0,1,0,8,79.04,32.9,26.2,1740,3066,174,130,58,43,24,300,1000,4,Obese
73,27,Male,155,83,34.55,Obese,5.0,31.3,Weight Loss,2,30,Beginner,1,1,0,1,0,9,78.36,32.62,25.7,1740,3066,174,130,58,43,24,300,1000,4,Obese
73,27,Male,155,83,34.55,Obese,5.0,31.3,Weight Loss,2,30,Beginner,1,1,0,1,0,10,77.52,32.26,25.2,1740,3066,174,130,58,43,24,300,1000,4,Obese
73,27,Male,155,83,34.55,Obese,5.0,31.3,Weight Loss,2,30,Beginner,1,1,0,1,0,11,76.64,31.9,24.5,1740,3066,174,130,58,43,24,300,1000,4,Obese
73,27,Male,155,83,34.55,Obese,5.0,31.3,Weight Loss,2,30,Beginner,1,1,0,1,0,12,76.12,31.68,24.0,1699,2964,169,127,56,42,23,300,1000,4,Obese
74,33,Male,167,41,14.7,Underweight,1.0,7.2,Muscle Gain,2,90,Beginner,1,1,0,0,1,0,41.0,14.7,7.2,2078,2335,155,259,46,51,29,300,1000,4,Underweight
74,33,Male,167,41,14.7,Underweight,1.0,7.2,Muscle Gain,2,90,Beginner,1,1,0,0,1,1,41.04,14.72,7.1,2078,2335,155,259,46,51,29,300,1000,4,Underweight
74,33,Male,167,41,14.7,Underweight,1.0,7.2,Muscle Gain,2,90,Beginner,1,1,0,0,1,2,41.18,14.77,7.0,2078,2335,155,259,46,51,29,300,1000,4,Underweight
74,33,Male,167,41,14.7,Underweight,1.0,7.2,Muscle Gain,2,90,Beginner,1,1,0,0,1,3,41.23,14.78,7.1,2078,2335,155,259,46,51,29,300,1000,4,Underweight
74,33,Male,167,41,14.7,Underweight,1.0,7.2,Muscle Gain,2,90,Beginner,1,1,0,0,1,4,41.35,14.83,6.8,2083,2347,156,260,46,52,29,300,1000,4,Underweight
74,33,Male,167,41,14.7,Underweight,1.0,7.2,Muscle Gain,2,90,Beginner,1,1,0,0,1,5,41.49,14.88,6.7,2083,2347,156,260,46,52,29,300,1000,4,Underweight
74,33,Male,167,41,14.7,Underweight,1.0,7.2,Muscle Gain,2,90,Beginner,1,1,0,0,1,6,41.57,14.91,6.7,2083,2347,156,260,46,52,29,300,1000,4,Underweight
74,33,Male,167,41,14.7,Underweight,1.0,7.2,Muscle Gain,2,90,Beginner,1,1,0,0,1,7,41.63,14.93,6.6,2083,2347,156,260,46,52,29,300,1000,4,Underweight
74,33,Male,167,41,14.7,Underweight,1.0,7.2,Muscle Gain,2,90,Beginner,1,1,0,0,1,8,41.69,14.95,6.5,2088,2359,156,261,46,52,29,300,1000,4,Underweight
74,33,Male,167,41,14.7,Underweight,1.0,7.2,Muscle Gain,2,90,Beginner,1,1,0,0,1,9,41.9,15.02,6.4,2088,2359,156,261,46,52,29,300,1000,4,Underweight
74,33,Male,167,41,14.7,Underweight,1.0,7.2,Muscle Gain,2,90,Beginner,1,1,0,0,1,10,41.96,15.05,6.5,2088,2359,156,261,46,52,29,300,1000,4,Underweight
74,33,Male,167,41,14.7,Underweight,1.0,7.2,Muscle Gain,2,90,Beginner,1,1,0,0,1,11,42.14,15.11,6.2,2088,2359,156,261,46,52,29,300,1000,4,Underweight
74,33,Male,167,41,14.7,Underweight,1.0,7.2,Muscle Gain,2,90,Beginner,1,1,0,0,1,12,42.18,15.13,6.1,2095,2376,157,261,46,52,29,300,1000,4,Underweight
75,24,Female,154,52,21.93,Normal,4.0,24.9,Muscle Gain,3,45,Beginner,0,0,1,0,1,0,52.0,21.93,24.9,1952,2270,146,244,43,48,27,300,1000,4,Normal
75,24,Female,154,52,21.93,Normal,4.0,24.9,Muscle Gain,3,45,Beginner,0,0,1,0,1,1,52.29,22.05,24.8,1952,2270,146,244,43,48,27,300,1000,4,Normal
75,24,Female,154,52,21.93,Normal,4.0,24.9,Muscle Gain,3,45,Beginner,0,0,1,0,1,2,52.54,22.15,24.8,1952,2270,146,244,43,48,27,300,1000,4,Normal
75,24,Female,154,52,21.93,Normal,4.0,24.9,Muscle Gain,3,45,Beginner,0,0,1,0,1,3,52.67,22.21,24.6,1952,2270,146,244,43,48,27,300,1000,4,Normal
75,24,Female,154,52,21.93,Normal,4.0,24.9,Muscle Gain,3,45,Beginner,0,0,1,0,1,4,52.82,22.27,24.5,1963,2298,147,245,43,49,27,300,1000,4,Normal
75,24,Female,154,52,21.93,Normal,4.0,24.9,Muscle Gain,3,45,Beginner,0,0,1,0,1,5,52.91,22.31,24.4,1963,2298,147,245,43,49,27,300,1000,4,Normal
75,24,Female,154,52,21.93,Normal,4.0,24.9,Muscle Gain,3,45,Beginner,0,0,1,0,1,6,53.13,22.4,24.3,1963,2298,147,245,43,49,27,300,1000,4,Normal
75,24,Female,154,52,21.93,Normal,4.0,24.9,Muscle Gain,3,45,Beginner,0,0,1,0,1,7,53.41,22.52,24.0,1963,2298,147,245,43,49,27,300,1000,4,Normal
75,24,Female,154,52,21.93,Normal,4.0,24.9,Muscle Gain,3,45,Beginner,0,0,1,0,1,8,53.6,22.6,24.1,1974,2325,148,246,43,49,27,300,1000,4,Normal
75,24,Female,154,52,21.93,Normal,4.0,24.9,Muscle Gain,3,45,Beginner,0,0,1,0,1,9,53.88,22.72,24.0,1974,2325,148,246,43,49,27,300,1000,4,Normal
75,24,Female,154,52,21.93,Normal,4.0,24.9,Muscle Gain,3,45,Beginner,0,0,1,0,1,10,53.95,22.75,23.8,1974,2325,148,246,43,49,27,300,1000,4,Normal
75,24,Female,154,52,21.93,Normal,4.0,24.9,Muscle Gain,3,45,Beginner,0,0,1,0,1,11,54.15,22.83,23.7,1974,2325,148,246,43,49,27,300,1000,4,Normal
75,24,Female,154,52,21.93,Normal,4.0,24.9,Muscle Gain,3,45,Beginner,0,0,1,0,1,12,54.29,22.89,23.7,1983,2350,148,247,44,49,27,300,1000,4,Normal
76,49,Female,196,79,20.56,Normal,4.0,25.2,Muscle Gain,4,30,Intermediate,1,1,1,0,0,0,79.0,20.56,25.2,2793,3065,209,349,62,69,39,300,1000,5,Normal
76,49,Female,196,79,20.56,Normal,4.0,25.2,Muscle Gain,4,30,Intermediate,1,1,1,0,0,1,79.09,20.59,25.2,2793,3065,209,349,62,69,39,300,1000,5,Normal
76,49,Female,196,79,20.56,Normal,4.0,25.2,Muscle Gain,4,30,Intermediate,1,1,1,0,0,2,79.35,20.66,25.0,2793,3065,209,349,62,69,39,300,1000,5,Normal
76,49,Female,196,79,20.56,Normal,4.0,25.2,Muscle Gain,4,30,Intermediate,1,1,1,0,0,3,79.46,20.68,24.9,2793,3065,209,349,62,69,39,300,1000,5,Normal
76,49,Female,196,79,20.56,Normal,4.0,25.2,Muscle Gain,4,30,Intermediate,1,1,1,0,0,4,79.68,20.74,24.9,2804,3088,210,350,62,70,39,300,1000,5,Normal
76,49,Female,196,79,20.56,Normal,4.0,25.2,Muscle Gain,4,30,Intermediate,1,1,1,0,0,5,79.88,20.79,24.7,2804,3088,210,350,62,70,39,300,1000,5,Normal
76,49,Female,196,79,20.56,Normal,4.0,25.2,Muscle Gain,4,30,Intermediate,1,1,1,0,0,6,80.03,20.83,24.5,2804,3088,210,350,62,70,39,300,1000,5,Normal
76,49,Female,196,79,20.56,Normal,4.0,25.2,Muscle Gain,4,30,Intermediate,1,1,1,0,0,7,80.27,20.89,24.2,2804,3088,210,350,62,70,39,300,1000,5,Normal
76,49,Female,196,79,20.56,Normal,4.0,25.2,Muscle Gain,4,30,Intermediate,1,1,1,0,0,8,80.47,20.95,24.1,2816,3116,211,352,62,70,39,300,1000,5,Normal
76,49,Female,196,79,20.56,Normal,4.0,25.2,Muscle Gain,4,30,Intermediate,1,1,1,0,0,9,80.57,20.97,23.9,2816,3116,211,352,62,70,39,300,1000,5,Normal
76,49,Female,196,79,20.56,Normal,4.0,25.2,Muscle Gain,4,30,Intermediate,1,1,1,0,0,10,80.82,21.04,23.8,2816,3116,211,352,62,70,39,300,1000,5,Normal
76,49,Female,196,79,20.56,Normal,4.0,25.2,Muscle Gain,4,30,Intermediate,1,1,1,0,0,11,81.01,21.09,23.5,2816,3116,211,352,62,70,39,300,1000,5,Normal
76,49,Female,196,79,20.56,Normal,4.0,25.2,Muscle Gain,4,30,Intermediate,1,1,1,0,0,12,81.12,21.12,23.3,2826,3139,211,353,62,70,39,300,1000,5,Normal
77,21,Female,174,41,13.54,Underweight,2.0,15.6,Muscle Gain,3,45,Intermediate,1,0,0,0,1,0,41.0,13.54,15.6,1993,1885,149,249,44,49,27,300,1000,4,Underweight
77,21,Female,174,41,13.54,Underweight,2.0,15.6,Muscle Gain,3,45,Intermediate,1,0,0,0,1,1,41.15,13.59,15.4,1993,1885,149,249,44,49,27,300,1000,4,Underweight
77,21,Female,174,41,13.54,Underweight,2.0,15.6,Muscle Gain,3,45,Intermediate,1,0,0,0,1,2,41.28,13.63,15.5,1993,1885,149,249,44,49,27,300,1000,4,Underweight
77,21,Female,174,41,13.54,Underweight,2.0,15.6,Muscle Gain,3,45,Intermediate,1,0,0,0,1,3,41.38,13.67,15.5,1993,1885,149,249,44,49,27,300,1000,4,Underweight
77,21,Female,174,41,13.54,Underweight,2.0,15.6,Muscle Gain,3,45,Intermediate,1,0,0,0,1,4,41.47,13.7,15.2,1999,1901,149,249,44,49,27,300,1000,4,Underweight
77,21,Female,174,41,13.54,Underweight,2.0,15.6,Muscle Gain,3,45,Intermediate,1,0,0,0,1,5,41.53,13.72,15.0,1999,1901,149,249,44,49,27,300,1000,4,Underweight
77,21,Female,174,41,13.54,Underweight,2.0,15.6,Muscle Gain,3,45,Intermediate,1,0,0,0,1,6,41.63,13.75,14.8,1999,1901,149,249,44,49,27,300,1000,4,Underweight
77,21,Female,174,41,13.54,Underweight,2.0,15.6,Muscle Gain,3,45,Intermediate,1,0,0,0,1,7,41.72,13.78,14.8,1999,1901,149,249,44,49,27,300,1000,4,Underweight
77,21,Female,174,41,13.54,Underweight,2.0,15.6,Muscle Gain,3,45,Intermediate,1,0,0,0,1,8,41.71,13.78,14.8,2003,1909,150,250,44,50,28,300,1000,4,Underweight
77,21,Female,174,41,13.54,Underweight,2.0,15.6,Muscle Gain,3,45,Intermediate,1,0,0,0,1,9,41.9,13.84,14.6,2003,1909,150,250,44,50,28,300,1000,4,Underweight
77,21,Female,174,41,13.54,Underweight,2.0,15.6,Muscle Gain,3,45,Intermediate,1,0,0,0,1,10,42.05,13.89,14.4,2003,1909,150,250,44,50,28,300,1000,4,Underweight
77,21,Female,174,41,13.54,Underweight,2.0,15.6,Muscle Gain,3,45,Intermediate,1,0,0,0,1,11,42.12,13.91,14.1,2003,1909,150,250,44,50,28,300,1000,4,Underweight
77,21,Female,174,41,13.54,Underweight,2.0,15.6,Muscle Gain,3,45,Intermediate,1,0,0,0,1,12,42.14,13.92,14.1,2008,1924,150,251,44,50,28,300,1000,4,Underweight
78,44,Male,151,123,53.95,Obese,5.0,60.0,Weight Loss,4,45,Intermediate,1,1,0,0,0,0,123.0,53.95,60.0,2536,4755,253,190,84,63,35,300,1000,5,Obese
78,44,Male,151,123,53.95,Obese,5.0,60.0,Weight Loss,4,45,Intermediate,1,1,0,0,0,1,121.57,53.32,59.6,2536,4755,253,190,84,63,35,300,1000,5,Obese
78,44,Male,151,123,53.95,Obese,5.0,60.0,Weight Loss,4,45,Intermediate,1,1,0,0,0,2,120.97,53.05,58.8,2536,4755,253,190,84,63,35,300,1000,5,Obese
78,44,Male,151,123,53.95,Obese,5.0,60.0,Weight Loss,4,45,Intermediate,1,1,0,0,0,3,120.06,52.66,58.4,2536,4755,253,190,84,63,35,300,1000,5,Obese
78,44,Male,151,123,53.95,Obese,5.0,60.0,Weight Loss,4,45,Intermediate,1,1,0,0,0,4,119.12,52.24,58.1,2475,4619,247,185,82,61,34,300,1000,5,Obese
78,44,Male,151,123,53.95,Obese,5.0,60.0,Weight Loss,4,45,Intermediate,1,1,0,0,0,5,118.52,51.98,57.5,2475,4619,247,185,82,61,34,300,1000,5,Obese
78,44,Male,151,123,53.95,Obese,5.0,60.0,Weight Loss,4,45,Intermediate,1,1,0,0,0,6,117.89,51.7,56.8,2475,4619,247,185,82,61,34,300,1000,5,Obese
78,44,Male,151,123,53.95,Obese,5.0,60.0,Weight Loss,4,45,Intermediate,1,1,0,0,0,7,116.93,51.28,56.3,2475,4619,247,185,82,61,34,300,1000,5,Obese
78,44,Male,151,123,53.95,Obese,5.0,60.0,Weight Loss,4,45,Intermediate,1,1,0,0,0,8,116.03,50.89,55.7,2428,4511,242,182,80,60,33,300,1000,5,Obese
78,44,Male,151,123,53.95,Obese,5.0,60.0,Weight Loss,4,45,Intermediate,1,1,0,0,0,9,114.79,50.34,55.1,2428,4511,242,182,80,60,33,300,1000,5,Obese
78,44,Male,151,123,53.95,Obese,5.0,60.0,Weight Loss,4,45,Intermediate,1,1,0,0,0,10,113.91,49.96,54.5,2428,4511,242,182,80,60,33,300,1000,5,Obese
78,44,Male,151,123,53.95,Obese,5.0,60.0,Weight Loss,4,45,Intermediate,1,1,0,0,0,11,112.82,49.48,54.2,2428,4511,242,182,80,60,33,300,1000,5,Obese
78,44,Male,151,123,53.95,Obese,5.0,60.0,Weight Loss,4,45,Intermediate,1,1,0,0,0,12,112.05,49.14,53.4,2366,4371,236,177,78,59,33,300,1000,5,Obese
79,23,Female,159,104,41.14,Obese,5.0,53.0,Weight Loss,5,90,Advanced,1,0,1,0,1,0,104.0,41.14,53.0,2224,4540,222,166,74,55,31,300,1000,5,Obese
79,23,Female,159,104,41.14,Obese,5.0,53.0,Weight Loss,5,90,Advanced,1,0,1,0,1,1,103.65,41.0,52.3,2224,4540,222,166,74,55,31,300,1000,5,Obese
79,23,Female,159,104,41.14,Obese,5.0,53.0,Weight Loss,5,90,Advanced,1,0,1,0,1,2,103.06,40.77,51.5,2224,4540,222,166,74,55,31,300,1000,5,Obese
79,23,Female,159,104,41.14,Obese,5.0,53.0,Weight Loss,5,90,Advanced,1,0,1,0,1,3,102.81,40.67,51.1,2224,4540,222,166,74,55,31,300,1000,5,Obese
79,23,Female,159,104,41.14,Obese,5.0,53.0,Weight Loss,5,90,Advanced,1,0,1,0,1,4,102.18,40.42,50.6,2196,4476,219,164,73,54,30,300,1000,4,Obese
79,23,Female,159,104,41.14,Obese,5.0,53.0,Weight Loss,5,90,Advanced,1,0,1,0,1,5,101.92,40.32,50.3,2196,4476,219,164,73,54,30,300,1000,4,Obese
79,23,Female,159,104,41.14,Obese,5.0,53.0,Weight Loss,5,90,Advanced,1,0,1,0,1,6,101.02,39.96,49.6,2196,4476,219,164,73,54,30,300,1000,4,Obese
79,23,Female,159,104,41.14,Obese,5.0,53.0,Weight Loss,5,90,Advanced,1,0,1,0,1,7,100.31,39.68,49.3,2196,4476,219,164,73,54,30,300,1000,4,Obese
79,23,Female,159,104,41.14,Obese,5.0,53.0,Weight Loss,5,90,Advanced,1,0,1,0,1,8,99.46,39.34,48.6,2154,4380,215,161,71,53,30,300,1000,4,Obese
79,23,Female,159,104,41.14,Obese,5.0,53.0,Weight Loss,5,90,Advanced,1,0,1,0,1,9,98.25,38.86,47.8,2154,4380,215,161,71,53,30,300,1000,4,Obese
79,23,Female,159,104,41.14,Obese,5.0,53.0,Weight Loss,5,90,Advanced,1,0,1,0,1,10,96.8,38.29,47.4,2154,4380,215,161,71,53,30,300,1000,4,Obese
79,23,Female,159,104,41.14,Obese,5.0,53.0,Weight Loss,5,90,Advanced,1,0,1,0,1,11,96.48,38.16,46.9,2154,4380,215,161,71,53,30,300,1000,4,Obese
79,23,Female,159,104,41.14,Obese,5.0,53.0,Weight Loss,5,90,Advanced,1,0,1,0,1,12,95.98,37.97,46.1,2100,4259,210,157,70,52,29,300,1000,4,Obese
80,25,Female,179,102,31.83,Obese,5.0,41.2,Weight Loss,2,60,Beginner,1,0,0,0,1,0,102.0,31.83,41.2,2047,4170,204,153,68,51,28,300,1000,4,Obese
80,25,Female,179,102,31.83,Obese,5.0,41.2,Weight Loss,2,60,Beginner,1,0,0,0,1,1,101.2,31.59,40.7,2047,4170,204,153,68,51,28,300,1000,4,Obese
80,25,Female,179,102,31.83,Obese,5.0,41.2,Weight Loss,2,60,Beginner,1,0,0,0,1,2,100.21,31.27,40.2,2047,4170,204,153,68,51,28,300,1000,4,Obese
80,25,Female,179,102,31.83,Obese,5.0,41.2,Weight Loss,2,60,Beginner,1,0,0,0,1,3,99.92,31.18,39.9,2047,4170,204,153,68,51,28,300,1000,4,Obese
80,25,Female,179,102,31.83,Obese,5.0,41.2,Weight Loss,2,60,Beginner,1,0,0,0,1,4,99.28,30.98,39.2,2010,4074,201,150,67,50,28,300,1000,4,Obese
80,25,Female,179,102,31.83,Obese,5.0,41.2,Weight Loss,2,60,Beginner,1,0,0,0,1,5,98.51,30.74,38.4,2010,4074,201,150,67,50,28,300,1000,4,Obese
80,25,Female,179,102,31.83,Obese,5.0,41.2,Weight Loss,2,60,Beginner,1,0,0,0,1,6,97.63,30.47,37.9,2010,4074,201,150,67,50,28,300,1000,4,Obese
80,25,Female,179,102,31.83,Obese,5.0,41.2,Weight Loss,2,60,Beginner,1,0,0,0,1,7,96.36,30.08,37.5,2010,4074,201,150,67,50,28,300,1000,4,Obese
80,25,Female,179,102,31.83,Obese,5.0,41.2,Weight Loss,2,60,Beginner,1,0,0,0,1,8,95.4,29.78,36.7,1956,3939,195,146,65,48,27,300,1000,4,Overweight
80,25,Female,179,102,31.83,Obese,5.0,41.2,Weight Loss,2,60,Beginner,1,0,0,0,1,9,95.02,29.66,36.0,1956,3939,195,146,65,48,27,300,1000,4,Overweight
80,25,Female,179,102,31.83,Obese,5.0,41.2,Weight Loss,2,60,Beginner,1,0,0,0,1,10,94.08,29.36,35.5,1956,3939,195,146,65,48,27,300,1000,4,Overweight
80,25,Female,179,102,31.83,Obese,5.0,41.2,Weight Loss,2,60,Beginner,1,0,0,0,1,11,93.39,29.15,35.1,1956,3939,195,146,65,48,27,300,1000,4,Overweight
80,25,Female,179,102,31.83,Obese,5.0,41.2,Weight Loss,2,60,Beginner,1,0,0,0,1,12,92.55,28.88,34.5,1917,3839,191,143,63,47,26,300,1000,4,Overweight
81,24,Female,199,112,28.28,Overweight,5.0,34.3,Weight Loss,4,60,Intermediate,1,0,0,0,0,0,112.0,28.28,34.3,2728,4520,272,204,90,68,38,300,1000,5,Overweight
81,24,Female,199,112,28.28,Overweight,5.0,34.3,Weight Loss,4,60,Intermediate,1,0,0,0,0,1,110.63,27.94,33.5,2728,4520,272,204,90,68,38,300,1000,5,Overweight
81,24,Female,199,112,28.28,Overweight,5.0,34.3,Weight Loss,4,60,Intermediate,1,0,0,0,0,2,109.17,27.57,33.1,2728,4520,272,204,90,68,38,300,1000,5,Overweight
81,24,Female,199,112,28.28,Overweight,5.0,34.3,Weight Loss,4,60,Intermediate,1,0,0,0,0,3,107.89,27.24,32.5,2728,4520,272,204,90,68,38,300,1000,5,Overweight
81,24,Female,199,112,28.28,Overweight,5.0,34.3,Weight Loss,4,60,Intermediate,1,0,0,0,0,4,107.43,27.13,32.1,2657,4359,265,199,88,66,37,300,1000,5,Overweight
81,24,Female,199,112,28.28,Overweight,5.0,34.3,Weight Loss,4,60,Intermediate,1,0,0,0,0,5,106.08,26.79,31.7,2657,4359,265,199,88,66,37,300,1000,5,Overweight
81,24,Female,199,112,28.28,Overweight,5.0,34.3,Weight Loss,4,60,Intermediate,1,0,0,0,0,6,105.3,26.59,30.9,2657,4359,265,199,88,66,37,300,1000,5,Overweight
81,24,Female,199,112,28.28,Overweight,5.0,34.3,Weight Loss,4,60,Intermediate,1,0,0,0,0,7,104.96,26.51,30.3,2657,4359,265,199,88,66,37,300,1000,5,Overweight
81,24,Female,199,112,28.28,Overweight,5.0,34.3,Weight Loss,4,60,Intermediate,1,0,0,0,0,8,104.17,26.3,30.0,2606,4245,260,195,86,65,36,300,1000,5,Overweight
81,24,Female,199,112,28.28,Overweight,5.0,34.3,Weight Loss,4,60,Intermediate,1,0,0,0,0,9,103.03,26.02,29.2,2606,4245,260,195,86,65,36,300,1000,5,Overweight
81,24,Female,199,112,28.28,Overweight,5.0,34.3,Weight Loss,4,60,Intermediate,1,0,0,0,0,10,102.8,25.96,28.7,2606,4245,260,195,86,65,36,300,1000,5,Overweight
81,24,Female,199,112,28.28,Overweight,5.0,34.3,Weight Loss,4,60,Intermediate,1,0,0,0,0,11,102.11,25.78,28.1,2606,4245,260,195,86,65,36,300,1000,5,Overweight
81,24,Female,199,112,28.28,Overweight,5.0,34.3,Weight Loss,4,60,Intermediate,1,0,0,0,0,12,101.21,25.56,27.4,2561,4142,256,192,85,64,35,300,1000,5,Overweight
82,28,Male,194,56,14.88,Underweight,1.0,7.7,Muscle Gain,3,30,Beginner,1,1,0,0,0,0,56.0,14.88,7.7,2551,2260,191,318,56,63,35,300,1000,5,Underweight
82,28,Male,194,56,14.88,Underweight,1.0,7.7,Muscle Gain,3,30,Beginner,1,1,0,0,0,1,56.16,14.92,7.8,2551,2260,191,318,56,63,35,300,1000,5,Underweight
82,28,Male,194,56,14.88,Underweight,1.0,7.7,Muscle Gain,3,30,Beginner,1,1,0,0,0,2,56.39,14.98,7.8,2551,2260,191,318,56,63,35,300,1000,5,Underweight
82,28,Male,194,56,14.88,Underweight,1.0,7.7,Muscle Gain,3,30,Beginner,1,1,0,0,0,3,56.46,15.0,7.5,2551,2260,191,318,56,63,35,300,1000,5,Underweight
82,28,Male,194,56,14.88,Underweight,1.0,7.7,Muscle Gain,3,30,Beginner,1,1,0,0,0,4,56.59,15.04,7.4,2559,2280,191,319,56,63,35,300,1000,5,Underweight
82,28,Male,194,56,14.88,Underweight,1.0,7.7,Muscle Gain,3,30,Beginner,1,1,0,0,0,5,56.82,15.1,7.1,2559,2280,191,319,56,63,35,300,1000,5,Underweight
82,28,Male,194,56,14.88,Underweight,1.0,7.7,Muscle Gain,3,30,Beginner,1,1,0,0,0,6,56.99,15.14,7.0,2559,2280,191,319,56,63,35,300,1000,5,Underweight
82,28,Male,194,56,14.88,Underweight,1.0,7.7,Muscle Gain,3,30,Beginner,1,1,0,0,0,7,57.12,15.18,7.1,2559,2280,191,319,56,63,35,300,1000,5,Underweight
82,28,Male,194,56,14.88,Underweight,1.0,7.7,Muscle Gain,3,30,Beginner,1,1,0,0,0,8,57.33,15.23,7.0,2569,2306,192,321,57,64,35,300,1000,5,Underweight
82,28,Male,194,56,14.88,Underweight,1.0,7.7,Muscle Gain,3,30,Beginner,1,1,0,0,0,9,57.43,15.26,7.0,2569,2306,192,321,57,64,35,300,1000,5,Underweight
82,28,Male,194,56,14.88,Underweight,1.0,7.7,Muscle Gain,3,30,Beginner,1,1,0,0,0,10,57.64,15.32,6.8,2569,2306,192,321,57,64,35,300,1000,5,Underweight
82,28,Male,194,56,14.88,Underweight,1.0,7.7,Muscle Gain,3,30,Beginner,1,1,0,0,0,11,57.87,15.38,6.6,2569,2306,192,321,57,64,35,300,1000,5,Underweight
82,28,Male,194,56,14.88,Underweight,1.0,7.7,Muscle Gain,3,30,Beginner,1,1,0,0,0,12,58.1,15.44,6.6,2580,2333,193,322,57,64,36,300,1000,5,Underweight
83,49,Female,154,48,20.24,Normal,4.0,27.0,Maintain,5,45,Advanced,1,0,1,0,0,0,48.0,20.24,27.0,1606,2130,120,160,53,40,22,300,1000,4,Normal
83,49,Female,154,48,20.24,Normal,4.0,27.0,Maintain,5,45,Advanced,1,0,1,0,0,1,47.99,20.24,27.2,1606,2130,120,160,53,40,22,300,1000,4,Normal
83,49,Female,154,48,20.24,Normal,4.0,27.0,Maintain,5,45,Advanced,1,0,1,0,0,2,47.76,20.14,27.1,1606,2130,120,160,53,40,22,300,1000,4,Normal
83,49,Female,154,48,20.24,Normal,4.0,27.0,Maintain,5,45,Advanced,1,0,1,0,0,3,48.16,20.31,27.3,1606,2130,120,160,53,40,22,300,1000,4,Normal
83,49,Female,154,48,20.24,Normal,4.0,27.0,Maintain,5,45,Advanced,1,0,1,0,0,4,48.35,20.39,27.4,1611,2142,120,161,53,40,22,300,1000,4,Normal
83,49,Female,154,48,20.24,Normal,4.0,27.0,Maintain,5,45,Advanced,1,0,1,0,0,5,47.94,20.21,27.6,1611,2142,120,161,53,40,22,300,1000,4,Normal
83,49,Female,154,48,20.24,Normal,4.0,27.0,Maintain,5,45,Advanced,1,0,1,0,0,6,47.76,20.14,27.4,1611,2142,120,161,53,40,22,300,1000,4,Normal
83,49,Female,154,48,20.24,Normal,4.0,27.0,Maintain,5,45,Advanced,1,0,1,0,0,7,47.5,20.03,27.4,1611,2142,120,161,53,40,22,300,1000,4,Normal
83,49,Female,154,48,20.24,Normal,4.0,27.0,Maintain,5,45,Advanced,1,0,1,0,0,8,47.25,19.92,27.3,1594,2103,119,159,53,39,22,300,1000,4,Normal
83,49,Female,154,48,20.24,Normal,4.0,27.0,Maintain,5,45,Advanced,1,0,1,0,0,9,46.88,19.77,27.3,1594,2103,119,159,53,39,22,300,1000,4,Normal
83,49,Female,154,48,20.24,Normal,4.0,27.0,Maintain,5,45,Advanced,1,0,1,0,0,10,46.95,19.8,27.2,1594,2103,119,159,53,39,22,300,1000,4,Normal
83,49,Female,154,48,20.24,Normal,4.0,27.0,Maintain,5,45,Advanced,1,0,1,0,0,11,46.8,19.73,27.3,1594,2103,119,159,53,39,22,300,1000,4,Normal
83,49,Female,154,48,20.24,Normal,4.0,27.0,Maintain,5,45,Advanced,1,0,1,0,0,12,47.19,19.9,27.4,1594,2101,119,159,53,39,22,300,1000,4,Normal
84,39,Female,182,114,34.42,Obese,5.0,42.5,Weight Loss,2,45,Intermediate,0,0,0,0,1,0,114.0,34.42,42.5,2142,4440,214,160,71,53,29,300,1000,4,Obese
84,39,Female,182,114,34.42,Obese,5.0,42.5,Weight Loss,2,45,Intermediate,0,0,0,0,1,1,113.49,34.26,41.8,2142,4440,214,160,71,53,29,300,1000,4,Obese
84,39,Female,182,114,34.42,Obese,5.0,42.5,Weight Loss,2,45,Intermediate,0,0,0,0,1,2,112.69,34.02,41.4,2142,4440,214,160,71,53,29,300,1000,4,Obese
84,39,Female,182,114,34.42,Obese,5.0,42.5,Weight Loss,2,45,Intermediate,0,0,0,0,1,3,111.55,33.68,40.6,2142,4440,214,160,71,53,29,300,1000,4,Obese
84,39,Female,182,114,34.42,Obese,5.0,42.5,Weight Loss,2,45,Intermediate,0,0,0,0,1,4,110.65,33.4,40.0,2095,4322,209,157,69,52,29,300,1000,4,Obese
84,39,Female,182,114,34.42,Obese,5.0,42.5,Weight Loss,2,45,Intermediate,0,0,0,0,1,5,109.81,33.15,39.5,2095,4322,209,157,69,52,29,300,1000,4,Obese
84,39,Female,182,114,34.42,Obese,5.0,42.5,Weight Loss,2,45,Intermediate,0,0,0,0,1,6,109.5,33.06,38.9,2095,4322,209,157,69,52,29,300,1000,4,Obese
84,39,Female,182,114,34.42,Obese,5.0,42.5,Weight Loss,2,45,Intermediate,0,0,0,0,1,7,108.09,32.63,38.2,2095,4322,209,157,69,52,29,300,1000,4,Obese
84,39,Female,182,114,34.42,Obese,5.0,42.5,Weight Loss,2,45,Intermediate,0,0,0,0,1,8,107.4,32.42,37.5,2051,4209,205,153,68,51,28,300,1000,4,Obese
84,39,Female,182,114,34.42,Obese,5.0,42.5,Weight Loss,2,45,Intermediate,0,0,0,0,1,9,106.16,32.05,37.0,2051,4209,205,153,68,51,28,300,1000,4,Obese
84,39,Female,182,114,34.42,Obese,5.0,42.5,Weight Loss,2,45,Intermediate,0,0,0,0,1,10,105.26,31.78,36.6,2051,4209,205,153,68,51,28,300,1000,4,Obese
84,39,Female,182,114,34.42,Obese,5.0,42.5,Weight Loss,2,45,Intermediate,0,0,0,0,1,11,104.25,31.47,36.2,2051,4209,205,153,68,51,28,300,1000,4,Obese
84,39,Female,182,114,34.42,Obese,5.0,42.5,Weight Loss,2,45,Intermediate,0,0,0,0,1,12,103.64,31.29,35.8,1999,4077,199,149,66,49,27,300,1000,4,Obese
85,40,Male,150,54,24.0,Normal,3.0,19.9,Maintain,4,30,Beginner,0,1,0,0,0,0,54.0,24.0,19.9,1987,2190,149,198,66,49,27,300,1000,4,Normal
85,40,Male,150,54,24.0,Normal,3.0,19.9,Maintain,4,30,Beginner,0,1,0,0,0,1,53.88,23.95,19.8,1987,2190,149,198,66,49,27,300,1000,4,Normal
85,40,Male,150,54,24.0,Normal,3.0,19.9,Maintain,4,30,Beginner,0,1,0,0,0,2,53.84,23.93,19.9,1987,2190,149,198,66,49,27,300,1000,4,Normal
85,40,Male,150,54,24.0,Normal,3.0,19.9,Maintain,4,30,Beginner,0,1,0,0,0,3,54.27,24.12,20.0,1987,2190,149,198,66,49,27,300,1000,4,Normal
85,40,Male,150,54,24.0,Normal,3.0,19.9,Maintain,4,30,Beginner,0,1,0,0,0,4,54.43,24.19,20.1,1994,2205,149,199,66,49,27,300,1000,4,Normal
85,40,Male,150,54,24.0,Normal,3.0,19.9,Maintain,4,30,Beginner,0,1,0,0,0,5,54.03,24.01,20.0,1994,2205,149,199,66,49,27,300,1000,4,Normal
85,40,Male,150,54,24.0,Normal,3.0,19.9,Maintain,4,30,Beginner,0,1,0,0,0,6,54.24,24.11,20.1,1994,2205,149,199,66,49,27,300,1000,4,Normal
85,40,Male,150,54,24.0,Normal,3.0,19.9,Maintain,4,30,Beginner,0,1,0,0,0,7,54.59,24.26,20.1,1994,2205,149,199,66,49,27,300,1000,4,Normal
85,40,Male,150,54,24.0,Normal,3.0,19.9,Maintain,4,30,Beginner,0,1,0,0,0,8,54.18,24.08,20.1,1990,2196,149,199,66,49,27,300,1000,4,Normal
85,40,Male,150,54,24.0,Normal,3.0,19.9,Maintain,4,30,Beginner,0,1,0,0,0,9,53.91,23.96,20.0,1990,2196,149,199,66,49,27,300,1000,4,Normal
85,40,Male,150,54,24.0,Normal,3.0,19.9,Maintain,4,30,Beginner,0,1,0,0,0,10,54.19,24.08,19.8,1990,2196,149,199,66,49,27,300,1000,4,Normal
85,40,Male,150,54,24.0,Normal,3.0,19.9,Maintain,4,30,Beginner,0,1,0,0,0,11,54.51,24.23,19.8,1990,2196,149,199,66,49,27,300,1000,4,Normal
85,40,Male,150,54,24.0,Normal,3.0,19.9,Maintain,4,30,Beginner,0,1,0,0,0,12,54.61,24.27,19.6,1997,2211,149,199,66,49,27,300,1000,4,Normal
86,38,Female,167,63,22.59,Normal,4.0,28.5,Muscle Gain,5,45,Advanced,1,0,0,0,0,0,63.0,22.59,28.5,2350,2655,176,293,52,58,32,300,1000,5,Normal
86,38,Female,167,63,22.59,Normal,4.0,28.5,Muscle Gain,5,45,Advanced,1,0,0,0,0,1,62.97,22.58,28.6,2350,2655,176,293,52,58,32,300,1000,5,Normal
86,38,Female,167,63,22.59,Normal,4.0,28.5,Muscle Gain,5,45,Advanced,1,0,0,0,0,2,63.03,22.6,28.4,2350,2655,176,293,52,58,32,300,1000,5,Normal
86,38,Female,167,63,22.59,Normal,4.0,28.5,Muscle Gain,5,45,Advanced,1,0,0,0,0,3,63.07,22.61,28.1,2350,2655,176,293,52,58,32,300,1000,5,Normal
86,38,Female,167,63,22.59,Normal,4.0,28.5,Muscle Gain,5,45,Advanced,1,0,0,0,0,4,63.22,22.67,27.8,2353,2662,176,294,52,58,32,300,1000,5,Normal
86,38,Female,167,63,22.59,Normal,4.0,28.5,Muscle Gain,5,45,Advanced,1,0,0,0,0,5,63.35,22.72,27.6,2353,2662,176,294,52,58,32,300,1000,5,Normal
86,38,Female,167,63,22.59,Normal,4.0,28.5,Muscle Gain,5,45,Advanced,1,0,0,0,0,6,63.41,22.74,27.7,2353,2662,176,294,52,58,32,300,1000,5,Normal
86,38,Female,167,63,22.59,Normal,4.0,28.5,Muscle Gain,5,45,Advanced,1,0,0,0,0,7,63.56,22.79,27.6,2353,2662,176,294,52,58,32,300,1000,5,Normal
86,38,Female,167,63,22.59,Normal,4.0,28.5,Muscle Gain,5,45,Advanced,1,0,0,0,0,8,63.7,22.84,27.5,2361,2679,177,295,52,59,33,300,1000,5,Normal
86,38,Female,167,63,22.59,Normal,4.0,28.5,Muscle Gain,5,45,Advanced,1,0,0,0,0,9,63.77,22.86,27.3,2361,2679,177,295,52,59,33,300,1000,5,Normal
86,38,Female,167,63,22.59,Normal,4.0,28.5,Muscle Gain,5,45,Advanced,1,0,0,0,0,10,63.71,22.84,27.2,2361,2679,177,295,52,59,33,300,1000,5,Normal
86,38,Female,167,63,22.59,Normal,4.0,28.5,Muscle Gain,5,45,Advanced,1,0,0,0,0,11,63.79,22.87,27.3,2361,2679,177,295,52,59,33,300,1000,5,Normal
86,38,Female,167,63,22.59,Normal,4.0,28.5,Muscle Gain,5,45,Advanced,1,0,0,0,0,12,63.8,22.88,27.1,2362,2682,177,295,52,59,33,300,1000,5,Normal
87,43,Female,181,77,23.5,Normal,5.0,31.9,Muscle Gain,5,60,Advanced,0,0,1,0,1,0,77.0,23.5,31.9,2664,3295,199,333,59,66,37,300,1000,5,Normal
87,43,Female,181,77,23.5,Normal,5.0,31.9,Muscle Gain,5,60,Advanced,0,0,1,0,1,1,77.01,23.51,31.9,2664,3295,199,333,59,66,37,300,1000,5,Normal
87,43,Female,181,77,23.5,Normal,5.0,31.9,Muscle Gain,5,60,Advanced,0,0,1,0,1,2,77.19,23.56,31.7,2664,3295,199,333,59,66,37,300,1000,5,Normal
87,43,Female,181,77,23.5,Normal,5.0,31.9,Muscle Gain,5,60,Advanced,0,0,1,0,1,3,77.25,23.58,31.5,2664,3295,199,333,59,66,37,300,1000,5,Normal
87,43,Female,181,77,23.5,Normal,5.0,31.9,Muscle Gain,5,60,Advanced,0,0,1,0,1,4,77.36,23.61,31.2,2669,3307,200,333,59,66,37,300,1000,5,Normal
87,43,Female,181,77,23.5,Normal,5.0,31.9,Muscle Gain,5,60,Advanced,0,0,1,0,1,5,77.38,23.62,31.2,2669,3307,200,333,59,66,37,300,1000,5,Normal
87,43,Female,181,77,23.5,Normal,5.0,31.9,Muscle Gain,5,60,Advanced,0,0,1,0,1,6,77.55,23.67,30.9,2669,3307,200,333,59,66,37,300,1000,5,Normal
87,43,Female,181,77,23.5,Normal,5.0,31.9,Muscle Gain,5,60,Advanced,0,0,1,0,1,7,77.61,23.69,30.8,2669,3307,200,333,59,66,37,300,1000,5,Normal
87,43,Female,181,77,23.5,Normal,5.0,31.9,Muscle Gain,5,60,Advanced,0,0,1,0,1,8,77.72,23.72,30.9,2675,3320,200,334,59,66,37,300,1000,5,Normal
87,43,Female,181,77,23.5,Normal,5.0,31.9,Muscle Gain,5,60,Advanced,0,0,1,0,1,9,77.87,23.77,30.9,2675,3320,200,334,59,66,37,300,1000,5,Normal
87,43,Female,181,77,23.5,Normal,5.0,31.9,Muscle Gain,5,60,Advanced,0,0,1,0,1,10,78.01,23.81,30.8,2675,3320,200,334,59,66,37,300,1000,5,Normal
87,43,Female,181,77,23.5,Normal,5.0,31.9,Muscle Gain,5,60,Advanced,0,0,1,0,1,11,78.03,23.82,30.6,2675,3320,200,334,59,66,37,300,1000,5,Normal
87,43,Female,181,77,23.5,Normal,5.0,31.9,Muscle Gain,5,60,Advanced,0,0,1,0,1,12,78.19,23.87,30.5,2682,3336,201,335,59,67,37,300,1000,5,Normal
88,17,Male,196,74,19.26,Normal,1.0,7.8,Muscle Gain,4,30,Beginner,1,1,1,0,1,0,74.0,19.26,7.8,3221,2890,241,402,71,80,45,300,1000,5,Normal
88,17,Male,196,74,19.26,Normal,1.0,7.8,Muscle Gain,4,30,Beginner,1,1,1,0,1,1,74.2,19.31,7.5,3221,2890,241,402,71,80,45,300,1000,5,Normal
88,17,Male,196,74,19.26,Normal,1.0,7.8,Muscle Gain,4,30,Beginner,1,1,1,0,1,2,74.34,19.35,7.4,3221,2890,241,402,71,80,45,300,1000,5,Normal
88,17,Male,196,74,19.26,Normal,1.0,7.8,Muscle Gain,4,30,Beginner,1,1,1,0,1,3,74.63,19.43,7.4,3221,2890,241,402,71,80,45,300,1000,5,Normal
88,17,Male,196,74,19.26,Normal,1.0,7.8,Muscle Gain,4,30,Beginner,1,1,1,0,1,4,74.82,19.48,7.2,3234,2918,242,404,71,80,45,300,1000,5,Normal
88,17,Male,196,74,19.26,Normal,1.0,7.8,Muscle Gain,4,30,Beginner,1,1,1,0,1,5,74.99,19.52,6.9,3234,2918,242,404,71,80,45,300,1000,5,Normal
88,17,Male,196,74,19.26,Normal,1.0,7.8,Muscle Gain,4,30,Beginner,1,1,1,0,1,6,75.26,19.59,6.7,3234,2918,242,404,71,80,45,300,1000,5,Normal
88,17,Male,196,74,19.26,Normal,1.0,7.8,Muscle Gain,4,30,Beginner,1,1,1,0,1,7,75.55,19.67,6.7,3234,2918,242,404,71,80,45,300,1000,5,Normal
88,17,Male,196,74,19.26,Normal,1.0,7.8,Muscle Gain,4,30,Beginner,1,1,1,0,1,8,75.81,19.73,6.6,3249,2953,243,406,72,81,45,300,1000,5,Normal
88,17,Male,196,74,19.26,Normal,1.0,7.8,Muscle Gain,4,30,Beginner,1,1,1,0,1,9,76.19,19.83,6.4,3249,2953,243,406,72,81,45,300,1000,5,Normal
88,17,Male,196,74,19.26,Normal,1.0,7.8,Muscle Gain,4,30,Beginner,1,1,1,0,1,10,76.4,19.89,6.2,3249,2953,243,406,72,81,45,300,1000,5,Normal
88,17,Male,196,74,19.26,Normal,1.0,7.8,Muscle Gain,4,30,Beginner,1,1,1,0,1,11,76.64,19.95,6.3,3249,2953,243,406,72,81,45,300,1000,5,Normal
88,17,Male,196,74,19.26,Normal,1.0,7.8,Muscle Gain,4,30,Beginner,1,1,1,0,1,12,76.84,20.0,6.4,3265,2989,244,408,72,81,45,300,1000,5,Normal
89,30,Female,198,88,22.45,Normal,4.0,24.8,Muscle Gain,3,60,Intermediate,0,0,1,1,0,0,88.0,22.45,24.8,2783,3680,208,347,61,69,38,300,1000,5,Normal
89,30,Female,198,88,22.45,Normal,4.0,24.8,Muscle Gain,3,60,Intermediate,0,0,1,1,0,1,88.14,22.48,24.6,2783,3680,208,347,61,69,38,300,1000,5,Normal
89,30,Female,198,88,22.45,Normal,4.0,24.8,Muscle Gain,3,60,Intermediate,0,0,1,1,0,2,88.25,22.51,24.7,2783,3680,208,347,61,69,38,300,1000,5,Normal
89,30,Female,198,88,22.45,Normal,4.0,24.8,Muscle Gain,3,60,Intermediate,0,0,1,1,0,3,88.39,22.55,24.5,2783,3680,208,347,61,69,38,300,1000,5,Normal
89,30,Female,198,88,22.45,Normal,4.0,24.8,Muscle Gain,3,60,Intermediate,0,0,1,1,0,4,88.59,22.6,24.3,2792,3700,209,349,62,69,39,300,1000,5,Normal
89,30,Female,198,88,22.45,Normal,4.0,24.8,Muscle Gain,3,60,Intermediate,0,0,1,1,0,5,88.73,22.63,24.2,2792,3700,209,349,62,69,39,300,1000,5,Normal
89,30,Female,198,88,22.45,Normal,4.0,24.8,Muscle Gain,3,60,Intermediate,0,0,1,1,0,6,88.8,22.65,24.3,2792,3700,209,349,62,69,39,300,1000,5,Normal
89,30,Female,198,88,22.45,Normal,4.0,24.8,Muscle Gain,3,60,Intermediate,0,0,1,1,0,7,89.06,22.72,24.0,2792,3700,209,349,62,69,39,300,1000,5,Normal
89,30,Female,198,88,22.45,Normal,4.0,24.8,Muscle Gain,3,60,Intermediate,0,0,1,1,0,8,89.23,22.76,23.8,2800,3723,210,350,62,70,39,300,1000,5,Normal
89,30,Female,198,88,22.45,Normal,4.0,24.8,Muscle Gain,3,60,Intermediate,0,0,1,1,0,9,89.47,22.82,23.5,2800,3723,210,350,62,70,39,300,1000,5,Normal
89,30,Female,198,88,22.45,Normal,4.0,24.8,Muscle Gain,3,60,Intermediate,0,0,1,1,0,10,89.78,22.9,23.2,2800,3723,210,350,62,70,39,300,1000,5,Normal
89,30,Female,198,88,22.45,Normal,4.0,24.8,Muscle Gain,3,60,Intermediate,0,0,1,1,0,11,89.91,22.93,23.1,2800,3723,210,350,62,70,39,300,1000,5,Normal
89,30,Female,198,88,22.45,Normal,4.0,24.8,Muscle Gain,3,60,Intermediate,0,0,1,1,0,12,90.05,22.97,23.2,2812,3751,210,351,62,70,39,300,1000,5,Normal
90,19,Male,160,108,42.19,Obese,5.0,40.9,Weight Loss,4,45,Intermediate,1,0,0,1,0,0,108.0,42.19,40.9,2584,4230,258,193,86,64,36,300,1000,5,Obese
90,19,Male,160,108,42.19,Obese,5.0,40.9,Weight Loss,4,45,Intermediate,1,0,0,1,0,1,106.77,41.71,40.4,2584,4230,258,193,86,64,36,300,1000,5,Obese
90,19,Male,160,108,42.19,Obese,5.0,40.9,Weight Loss,4,45,Intermediate,1,0,0,1,0,2,106.41,41.57,39.8,2584,4230,258,193,86,64,36,300,1000,5,Obese
90,19,Male,160,108,42.19,Obese,5.0,40.9,Weight Loss,4,45,Intermediate,1,0,0,1,0,3,105.47,41.2,39.4,2584,4230,258,193,86,64,36,300,1000,5,Obese
90,19,Male,160,108,42.19,Obese,5.0,40.9,Weight Loss,4,45,Intermediate,1,0,0,1,0,4,105.07,41.04,38.7,2539,4127,253,190,84,63,35,300,1000,5,Obese
90,19,Male,160,108,42.19,Obese,5.0,40.9,Weight Loss,4,45,Intermediate,1,0,0,1,0,5,104.34,40.76,38.4,2539,4127,253,190,84,63,35,300,1000,5,Obese
90,19,Male,160,108,42.19,Obese,5.0,40.9,Weight Loss,4,45,Intermediate,1,0,0,1,0,6,103.04,40.25,37.8,2539,4127,253,190,84,63,35,300,1000,5,Obese
90,19,Male,160,108,42.19,Obese,5.0,40.9,Weight Loss,4,45,Intermediate,1,0,0,1,0,7,102.46,40.02,37.2,2539,4127,253,190,84,63,35,300,1000,5,Obese
90,19,Male,160,108,42.19,Obese,5.0,40.9,Weight Loss,4,45,Intermediate,1,0,0,1,0,8,101.91,39.81,36.6,2490,4016,249,186,83,62,34,300,1000,5,Obese
90,19,Male,160,108,42.19,Obese,5.0,40.9,Weight Loss,4,45,Intermediate,1,0,0,1,0,9,101.55,39.67,36.2,2490,4016,249,186,83,62,34,300,1000,5,Obese
90,19,Male,160,108,42.19,Obese,5.0,40.9,Weight Loss,4,45,Intermediate,1,0,0,1,0,10,100.86,39.4,35.6,2490,4016,249,186,83,62,34,300,1000,5,Obese
90,19,Male,160,108,42.19,Obese,5.0,40.9,Weight Loss,4,45,Intermediate,1,0,0,1,0,11,99.94,39.04,34.8,2490,4016,249,186,83,62,34,300,1000,5,Obese
90,19,Male,160,108,42.19,Obese,5.0,40.9,Weight Loss,4,45,Intermediate,1,0,0,1,0,12,98.88,38.62,34.0,2443,3910,244,183,81,61,34,300,1000,5,Obese
91,17,Male,170,101,34.95,Obese,5.0,30.6,Weight Loss,5,30,Intermediate,1,1,0,0,1,0,101.0,34.95,30.6,2588,3835,258,194,86,64,36,300,1000,5,Obese
91,17,Male,170,101,34.95,Obese,5.0,30.6,Weight Loss,5,30,Intermediate,1,1,0,0,1,1,100.68,34.84,30.2,2588,3835,258,194,86,64,36,300,1000,5,Obese
91,17,Male,170,101,34.95,Obese,5.0,30.6,Weight Loss,5,30,Intermediate,1,1,0,0,1,2,99.85,34.55,29.9,2588,3835,258,194,86,64,36,300,1000,5,Obese
91,17,Male,170,101,34.95,Obese,5.0,30.6,Weight Loss,5,30,Intermediate,1,1,0,0,1,3,98.97,34.24,29.3,2588,3835,258,194,86,64,36,300,1000,5,Obese
91,17,Male,170,101,34.95,Obese,5.0,30.6,Weight Loss,5,30,Intermediate,1,1,0,0,1,4,98.26,34.0,28.9,2545,3739,254,190,84,63,35,300,1000,5,Obese
91,17,Male,170,101,34.95,Obese,5.0,30.6,Weight Loss,5,30,Intermediate,1,1,0,0,1,5,97.38,33.7,28.6,2545,3739,254,190,84,63,35,300,1000,5,Obese
91,17,Male,170,101,34.95,Obese,5.0,30.6,Weight Loss,5,30,Intermediate,1,1,0,0,1,6,96.58,33.42,28.1,2545,3739,254,190,84,63,35,300,1000,5,Obese
91,17,Male,170,101,34.95,Obese,5.0,30.6,Weight Loss,5,30,Intermediate,1,1,0,0,1,7,95.34,32.99,27.5,2545,3739,254,190,84,63,35,300,1000,5,Obese
91,17,Male,170,101,34.95,Obese,5.0,30.6,Weight Loss,5,30,Intermediate,1,1,0,0,1,8,94.75,32.79,27.0,2491,3616,249,186,83,62,34,300,1000,5,Obese
91,17,Male,170,101,34.95,Obese,5.0,30.6,Weight Loss,5,30,Intermediate,1,1,0,0,1,9,93.72,32.43,26.4,2491,3616,249,186,83,62,34,300,1000,5,Obese
91,17,Male,170,101,34.95,Obese,5.0,30.6,Weight Loss,5,30,Intermediate,1,1,0,0,1,10,93.64,32.4,25.8,2491,3616,249,186,83,62,34,300,1000,5,Obese
91,17,Male,170,101,34.95,Obese,5.0,30.6,Weight Loss,5,30,Intermediate,1,1,0,0,1,11,93.29,32.28,25.3,2491,3616,249,186,83,62,34,300,1000,5,Obese
91,17,Male,170,101,34.95,Obese,5.0,30.6,Weight Loss,5,30,Intermediate,1,1,0,0,1,12,92.99,32.18,24.9,2464,3554,246,184,82,61,34,300,1000,5,Obese
92,21,Female,175,99,32.33,Obese,5.0,40.7,Weight Loss,4,45,Advanced,1,0,0,1,1,0,99.0,32.33,40.7,2317,3915,231,173,77,57,32,300,1000,5,Obese
92,21,Female,175,99,32.33,Obese,5.0,40.7,Weight Loss,4,45,Advanced,1,0,0,1,1,1,97.72,31.91,40.2,2317,3915,231,173,77,57,32,300,1000,5,Obese
92,21,Female,175,99,32.33,Obese,5.0,40.7,Weight Loss,4,45,Advanced,1,0,0,1,1,2,96.49,31.51,39.5,2317,3915,231,173,77,57,32,300,1000,5,Obese
92,21,Female,175,99,32.33,Obese,5.0,40.7,Weight Loss,4,45,Advanced,1,0,0,1,1,3,95.11,31.05,39.1,2317,3915,231,173,77,57,32,300,1000,5,Obese
92,21,Female,175,99,32.33,Obese,5.0,40.7,Weight Loss,4,45,Advanced,1,0,0,1,1,4,94.35,30.81,38.3,2245,3752,224,168,74,56,31,300,1000,5,Obese
92,21,Female,175,99,32.33,Obese,5.0,40.7,Weight Loss,4,45,Advanced,1,0,0,1,1,5,93.35,30.48,37.7,2245,3752,224,168,74,56,31,300,1000,5,Obese
92,21,Female,175,99,32.33,Obese,5.0,40.7,Weight Loss,4,45,Advanced,1,0,0,1,1,6,92.77,30.29,37.4,2245,3752,224,168,74,56,31,300,1000,5,Obese
92,21,Female,175,99,32.33,Obese,5.0,40.7,Weight Loss,4,45,Advanced,1,0,0,1,1,7,91.96,30.03,37.1,2245,3752,224,168,74,56,31,300,1000,5,Obese
92,21,Female,175,99,32.33,Obese,5.0,40.7,Weight Loss,4,45,Advanced,1,0,0,1,1,8,91.01,29.72,36.4,2193,3635,219,164,73,54,30,300,1000,4,Overweight
92,21,Female,175,99,32.33,Obese,5.0,40.7,Weight Loss,4,45,Advanced,1,0,0,1,1,9,90.03,29.4,35.9,2193,3635,219,164,73,54,30,300,1000,4,Overweight
92,21,Female,175,99,32.33,Obese,5.0,40.7,Weight Loss,4,45,Advanced,1,0,0,1,1,10,89.07,29.08,35.4,2193,3635,219,164,73,54,30,300,1000,4,Overweight
92,21,Female,175,99,32.33,Obese,5.0,40.7,Weight Loss,4,45,Advanced,1,0,0,1,1,11,88.51,28.9,34.9,2193,3635,219,164,73,54,30,300,1000,4,Overweight
92,21,Female,175,99,32.33,Obese,5.0,40.7,Weight Loss,4,45,Advanced,1,0,0,1,1,12,88.12,28.77,34.5,2148,3534,214,161,71,53,30,300,1000,4,Overweight
93,42,Female,174,89,29.4,Overweight,5.0,37.1,Weight Loss,2,90,Intermediate,1,0,0,0,0,0,89.0,29.4,37.1,1708,4015,170,128,56,42,23,300,1000,4,Overweight
93,42,Female,174,89,29.4,Overweight,5.0,37.1,Weight Loss,2,90,Intermediate,1,0,0,0,0,1,87.75,28.98,36.4,1708,4015,170,128,56,42,23,300,1000,4,Overweight
93,42,Female,174,89,29.4,Overweight,5.0,37.1,Weight Loss,2,90,Intermediate,1,0,0,0,0,2,87.51,28.9,36.0,1708,4015,170,128,56,42,23,300,1000,4,Overweight
93,42,Female,174,89,29.4,Overweight,5.0,37.1,Weight Loss,2,90,Intermediate,1,0,0,0,0,3,86.51,28.57,35.4,1708,4015,170,128,56,42,23,300,1000,4,Overweight
93,42,Female,174,89,29.4,Overweight,5.0,37.1,Weight Loss,2,90,Intermediate,1,0,0,0,0,4,85.53,28.25,34.6,1661,3893,166,124,55,41,23,300,1000,4,Overweight
93,42,Female,174,89,29.4,Overweight,5.0,37.1,Weight Loss,2,90,Intermediate,1,0,0,0,0,5,84.44,27.89,34.0,1661,3893,166,124,55,41,23,300,1000,4,Overweight
93,42,Female,174,89,29.4,Overweight,5.0,37.1,Weight Loss,2,90,Intermediate,1,0,0,0,0,6,84.41,27.88,33.5,1661,3893,166,124,55,41,23,300,1000,4,Overweight
93,42,Female,174,89,29.4,Overweight,5.0,37.1,Weight Loss,2,90,Intermediate,1,0,0,0,0,7,84.12,27.78,32.8,1661,3893,166,124,55,41,23,300,1000,4,Overweight
93,42,Female,174,89,29.4,Overweight,5.0,37.1,Weight Loss,2,90,Intermediate,1,0,0,0,0,8,82.97,27.41,32.1,1626,3804,162,121,54,40,22,300,1000,4,Overweight
93,42,Female,174,89,29.4,Overweight,5.0,37.1,Weight Loss,2,90,Intermediate,1,0,0,0,0,9,82.48,27.24,31.5,1626,3804,162,121,54,40,22,300,1000,4,Overweight
93,42,Female,174,89,29.4,Overweight,5.0,37.1,Weight Loss,2,90,Intermediate,1,0,0,0,0,10,81.95,27.07,30.7,1626,3804,162,121,54,40,22,300,1000,4,Overweight
93,42,Female,174,89,29.4,Overweight,5.0,37.1,Weight Loss,2,90,Intermediate,1,0,0,0,0,11,81.15,26.8,30.0,1626,3804,162,121,54,40,22,300,1000,4,Overweight
93,42,Female,174,89,29.4,Overweight,5.0,37.1,Weight Loss,2,90,Intermediate,1,0,0,0,0,12,80.19,26.49,29.3,1587,3706,158,119,52,39,22,300,1000,4,Overweight
94,30,Female,171,117,40.01,Obese,5.0,52.2,Weight Loss,5,90,Advanced,1,0,0,0,0,0,117.0,40.01,52.2,2488,4995,248,186,82,62,34,300,1000,5,Obese
94,30,Female,171,117,40.01,Obese,5.0,52.2,Weight Loss,5,90,Advanced,1,0,0,0,0,1,116.49,39.84,51.5,2488,4995,248,186,82,62,34,300,1000,5,Obese
94,30,Female,171,117,40.01,Obese,5.0,52.2,Weight Loss,5,90,Advanced,1,0,0,0,0,2,115.71,39.57,51.1,2488,4995,248,186,82,62,34,300,1000,5,Obese
94,30,Female,171,117,40.01,Obese,5.0,52.2,Weight Loss,5,90,Advanced,1,0,0,0,0,3,115.13,39.37,50.8,2488,4995,248,186,82,62,34,300,1000,5,Obese
94,30,Female,171,117,40.01,Obese,5.0,52.2,Weight Loss,5,90,Advanced,1,0,0,0,0,4,114.21,39.06,50.2,2444,4897,244,183,81,61,34,300,1000,5,Obese
94,30,Female,171,117,40.01,Obese,5.0,52.2,Weight Loss,5,90,Advanced,1,0,0,0,0,5,114.1,39.02,49.6,2444,4897,244,183,81,61,34,300,1000,5,Obese
94,30,Female,171,117,40.01,Obese,5.0,52.2,Weight Loss,5,90,Advanced,1,0,0,0,0,6,113.61,38.85,49.0,2444,4897,244,183,81,61,34,300,1000,5,Obese
94,30,Female,171,117,40.01,Obese,5.0,52.2,Weight Loss,5,90,Advanced,1,0,0,0,0,7,112.79,38.57,48.4,2444,4897,244,183,81,61,34,300,1000,5,Obese
94,30,Female,171,117,40.01,Obese,5.0,52.2,Weight Loss,5,90,Advanced,1,0,0,0,0,8,111.52,38.14,47.8,2403,4803,240,180,80,60,33,300,1000,5,Obese
94,30,Female,171,117,40.01,Obese,5.0,52.2,Weight Loss,5,90,Advanced,1,0,0,0,0,9,110.83,37.9,47.4,2403,4803,240,180,80,60,33,300,1000,5,Obese
94,30,Female,171,117,40.01,Obese,5.0,52.2,Weight Loss,5,90,Advanced,1,0,0,0,0,10,110.2,37.69,46.7,2403,4803,240,180,80,60,33,300,1000,5,Obese
94,30,Female,171,117,40.01,Obese,5.0,52.2,Weight Loss,5,90,Advanced,1,0,0,0,0,11,109.02,37.28,46.2,2403,4803,240,180,80,60,33,300,1000,5,Obese
94,30,Female,171,117,40.01,Obese,5.0,52.2,Weight Loss,5,90,Advanced,1,0,0,0,0,12,108.17,36.99,45.7,2351,4685,235,176,78,58,32,300,1000,5,Obese
95,43,Female,176,114,36.8,Obese,5.0,49.0,Weight Loss,4,90,Intermediate,0,1,1,1,1,0,114.0,36.8,49.0,2389,4890,238,179,79,59,33,300,1000,5,Obese
95,43,Female,176,114,36.8,Obese,5.0,49.0,Weight Loss,4,90,Intermediate,0,1,1,1,1,1,112.96,36.47,48.7,2389,4890,238,179,79,59,33,300,1000,5,Obese
95,43,Female,176,114,36.8,Obese,5.0,49.0,Weight Loss,4,90,Intermediate,0,1,1,1,1,2,112.11,36.19,47.9,2389,4890,238,179,79,59,33,300,1000,5,Obese
95,43,Female,176,114,36.8,Obese,5.0,49.0,Weight Loss,4,90,Intermediate,0,1,1,1,1,3,110.85,35.78,47.6,2389,4890,238,179,79,59,33,300,1000,5,Obese
95,43,Female,176,114,36.8,Obese,5.0,49.0,Weight Loss,4,90,Intermediate,0,1,1,1,1,4,110.23,35.59,47.0,2330,4758,233,174,77,58,32,300,1000,5,Obese
95,43,Female,176,114,36.8,Obese,5.0,49.0,Weight Loss,4,90,Intermediate,0,1,1,1,1,5,109.58,35.38,46.3,2330,4758,233,174,77,58,32,300,1000,5,Obese
95,43,Female,176,114,36.8,Obese,5.0,49.0,Weight Loss,4,90,Intermediate,0,1,1,1,1,6,108.24,34.94,45.7,2330,4758,233,174,77,58,32,300,1000,5,Obese
95,43,Female,176,114,36.8,Obese,5.0,49.0,Weight Loss,4,90,Intermediate,0,1,1,1,1,7,107.3,34.64,45.1,2330,4758,233,174,77,58,32,300,1000,5,Obese
95,43,Female,176,114,36.8,Obese,5.0,49.0,Weight Loss,4,90,Intermediate,0,1,1,1,1,8,106.65,34.43,44.4,2275,4632,227,170,75,56,31,300,1000,5,Obese
95,43,Female,176,114,36.8,Obese,5.0,49.0,Weight Loss,4,90,Intermediate,0,1,1,1,1,9,105.53,34.07,43.9,2275,4632,227,170,75,56,31,300,1000,5,Obese
95,43,Female,176,114,36.8,Obese,5.0,49.0,Weight Loss,4,90,Intermediate,0,1,1,1,1,10,104.73,33.81,43.4,2275,4632,227,170,75,56,31,300,1000,5,Obese
95,43,Female,176,114,36.8,Obese,5.0,49.0,Weight Loss,4,90,Intermediate,0,1,1,1,1,11,104.29,33.67,42.8,2275,4632,227,170,75,56,31,300,1000,5,Obese
95,43,Female,176,114,36.8,Obese,5.0,49.0,Weight Loss,4,90,Intermediate,0,1,1,1,1,12,103.67,33.47,42.1,2229,4528,222,167,74,55,31,300,1000,5,Obese
96,25,Male,198,48,12.24,Underweight,1.0,3.0,Muscle Gain,4,45,Intermediate,1,1,0,0,0,0,48.0,12.24,3.0,2776,2130,208,347,61,69,38,300,1000,5,Underweight
96,25,Male,198,48,12.24,Underweight,1.0,3.0,Muscle Gain,4,45,Intermediate,1,1,0,0,0,1,48.12,12.27,5.0,2776,2130,208,347,61,69,38,300,1000,5,Underweight
96,25,Male,198,48,12.24,Underweight,1.0,3.0,Muscle Gain,4,45,Intermediate,1,1,0,0,0,2,48.1,12.27,5.1,2776,2130,208,347,61,69,38,300,1000,5,Underweight
96,25,Male,198,48,12.24,Underweight,1.0,3.0,Muscle Gain,4,45,Intermediate,1,1,0,0,0,3,48.13,12.28,5.0,2776,2130,208,347,61,69,38,300,1000,5,Underweight
96,25,Male,198,48,12.24,Underweight,1.0,3.0,Muscle Gain,4,45,Intermediate,1,1,0,0,0,4,48.29,12.32,5.0,2780,2140,208,347,61,69,38,300,1000,5,Underweight
96,25,Male,198,48,12.24,Underweight,1.0,3.0,Muscle Gain,4,45,Intermediate,1,1,0,0,0,5,48.44,12.36,5.0,2780,2140,208,347,61,69,38,300,1000,5,Underweight
96,25,Male,198,48,12.24,Underweight,1.0,3.0,Muscle Gain,4,45,Intermediate,1,1,0,0,0,6,48.6,12.4,5.0,2780,2140,208,347,61,69,38,300,1000,5,Underweight
96,25,Male,198,48,12.24,Underweight,1.0,3.0,Muscle Gain,4,45,Intermediate,1,1,0,0,0,7,48.59,12.39,5.0,2780,2140,208,347,61,69,38,300,1000,5,Underweight
96,25,Male,198,48,12.24,Underweight,1.0,3.0,Muscle Gain,4,45,Intermediate,1,1,0,0,0,8,48.74,12.43,5.0,2787,2156,209,348,61,69,39,300,1000,5,Underweight
96,25,Male,198,48,12.24,Underweight,1.0,3.0,Muscle Gain,4,45,Intermediate,1,1,0,0,0,9,48.93,12.48,5.0,2787,2156,209,348,61,69,39,300,1000,5,Underweight
96,25,Male,198,48,12.24,Underweight,1.0,3.0,Muscle Gain,4,45,Intermediate,1,1,0,0,0,10,49.01,12.5,5.1,2787,2156,209,348,61,69,39,300,1000,5,Underweight
96,25,Male,198,48,12.24,Underweight,1.0,3.0,Muscle Gain,4,45,Intermediate,1,1,0,0,0,11,49.03,12.51,5.0,2787,2156,209,348,61,69,39,300,1000,5,Underweight
96,25,Male,198,48,12.24,Underweight,1.0,3.0,Muscle Gain,4,45,Intermediate,1,1,0,0,0,12,49.21,12.55,5.0,2794,2172,209,349,62,69,39,300,1000,5,Underweight
97,31,Female,162,73,27.82,Overweight,5.0,36.7,Weight Loss,3,30,Intermediate,0,0,0,1,0,0,73.0,27.82,36.7,1461,2855,146,109,48,36,20,300,1000,3,Overweight
97,31,Female,162,73,27.82,Overweight,5.0,36.7,Weight Loss,3,30,Intermediate,0,0,0,1,0,1,72.82,27.75,36.1,1461,2855,146,109,48,36,20,300,1000,3,Overweight
97,31,Female,162,73,27.82,Overweight,5.0,36.7,Weight Loss,3,30,Intermediate,0,0,0,1,0,2,71.85,27.38,35.4,1461,2855,146,109,48,36,20,300,1000,3,Overweight
97,31,Female,162,73,27.82,Overweight,5.0,36.7,Weight Loss,3,30,Intermediate,0,0,0,1,0,3,71.82,27.37,34.8,1461,2855,146,109,48,36,20,300,1000,3,Overweight
97,31,Female,162,73,27.82,Overweight,5.0,36.7,Weight Loss,3,30,Intermediate,0,0,0,1,0,4,71.47,27.23,34.1,1440,2801,144,108,48,36,20,300,1000,3,Overweight
97,31,Female,162,73,27.82,Overweight,5.0,36.7,Weight Loss,3,30,Intermediate,0,0,0,1,0,5,71.17,27.12,33.7,1440,2801,144,108,48,36,20,300,1000,3,Overweight
97,31,Female,162,73,27.82,Overweight,5.0,36.7,Weight Loss,3,30,Intermediate,0,0,0,1,0,6,70.76,26.96,33.0,1440,2801,144,108,48,36,20,300,1000,3,Overweight
97,31,Female,162,73,27.82,Overweight,5.0,36.7,Weight Loss,3,30,Intermediate,0,0,0,1,0,7,69.71,26.56,32.6,1440,2801,144,108,48,36,20,300,1000,3,Overweight
97,31,Female,162,73,27.82,Overweight,5.0,36.7,Weight Loss,3,30,Intermediate,0,0,0,1,0,8,69.7,26.56,32.1,1416,2739,141,106,47,35,19,300,1000,3,Overweight
97,31,Female,162,73,27.82,Overweight,5.0,36.7,Weight Loss,3,30,Intermediate,0,0,0,1,0,9,68.81,26.22,31.5,1416,2739,141,106,47,35,19,300,1000,3,Overweight
97,31,Female,162,73,27.82,Overweight,5.0,36.7,Weight Loss,3,30,Intermediate,0,0,0,1,0,10,68.52,26.11,30.8,1416,2739,141,106,47,35,19,300,1000,3,Overweight
97,31,Female,162,73,27.82,Overweight,5.0,36.7,Weight Loss,3,30,Intermediate,0,0,0,1,0,11,68.24,26.0,30.1,1416,2739,141,106,47,35,19,300,1000,3,Overweight
97,31,Female,162,73,27.82,Overweight,5.0,36.7,Weight Loss,3,30,Intermediate,0,0,0,1,0,12,67.64,25.77,29.5,1387,2667,138,104,46,34,19,300,1000,3,Overweight
98,31,Male,182,115,34.72,Obese,5.0,33.3,Weight Loss,4,60,Intermediate,0,1,0,0,1,0,115.0,34.72,33.3,2813,4625,281,210,93,70,39,300,1000,5,Obese
98,31,Male,182,115,34.72,Obese,5.0,33.3,Weight Loss,4,60,Intermediate,0,1,0,0,1,1,114.33,34.51,32.9,2813,4625,281,210,93,70,39,300,1000,5,Obese
98,31,Male,182,115,34.72,Obese,5.0,33.3,Weight Loss,4,60,Intermediate,0,1,0,0,1,2,113.65,34.31,32.4,2813,4625,281,210,93,70,39,300,1000,5,Obese
98,31,Male,182,115,34.72,Obese,5.0,33.3,Weight Loss,4,60,Intermediate,0,1,0,0,1,3,112.23,33.88,32.0,2813,4625,281,210,93,70,39,300,1000,5,Obese
98,31,Male,182,115,34.72,Obese,5.0,33.3,Weight Loss,4,60,Intermediate,0,1,0,0,1,4,111.17,33.56,31.4,2753,4491,275,206,91,68,38,300,1000,5,Obese
98,31,Male,182,115,34.72,Obese,5.0,33.3,Weight Loss,4,60,Intermediate,0,1,0,0,1,5,110.73,33.43,30.8,2753,4491,275,206,91,68,38,300,1000,5,Obese
98,31,Male,182,115,34.72,Obese,5.0,33.3,Weight Loss,4,60,Intermediate,0,1,0,0,1,6,109.36,33.02,30.2,2753,4491,275,206,91,68,38,300,1000,5,Obese
98,31,Male,182,115,34.72,Obese,5.0,33.3,Weight Loss,4,60,Intermediate,0,1,0,0,1,7,108.54,32.77,29.5,2753,4491,275,206,91,68,38,300,1000,5,Obese
98,31,Male,182,115,34.72,Obese,5.0,33.3,Weight Loss,4,60,Intermediate,0,1,0,0,1,8,107.46,32.44,28.9,2696,4361,269,202,89,67,37,300,1000,5,Obese
98,31,Male,182,115,34.72,Obese,5.0,33.3,Weight Loss,4,60,Intermediate,0,1,0,0,1,9,106.78,32.24,28.2,2696,4361,269,202,89,67,37,300,1000,5,Obese
98,31,Male,182,115,34.72,Obese,5.0,33.3,Weight Loss,4,60,Intermediate,0,1,0,0,1,10,105.84,31.95,27.6,2696,4361,269,202,89,67,37,300,1000,5,Obese
98,31,Male,182,115,34.72,Obese,5.0,33.3,Weight Loss,4,60,Intermediate,0,1,0,0,1,11,105.15,31.75,27.1,2696,4361,269,202,89,67,37,300,1000,5,Obese
98,31,Male,182,115,34.72,Obese,5.0,33.3,Weight Loss,4,60,Intermediate,0,1,0,0,1,12,104.38,31.51,26.4,2648,4253,264,198,88,66,37,300,1000,5,Obese
99,42,Female,183,74,22.1,Normal,5.0,30.1,Muscle Gain,3,45,Beginner,1,0,1,0,0,0,74.0,22.1,30.1,2380,3040,178,297,52,59,33,300,1000,5,Normal
99,42,Female,183,74,22.1,Normal,5.0,30.1,Muscle Gain,3,45,Beginner,1,0,1,0,0,1,74.27,22.18,29.9,2380,3040,178,297,52,59,33,300,1000,5,Normal
99,42,Female,183,74,22.1,Normal,5.0,30.1,Muscle Gain,3,45,Beginner,1,0,1,0,0,2,74.62,22.28,29.9,2380,3040,178,297,52,59,33,300,1000,5,Normal
99,42,Female,183,74,22.1,Normal,5.0,30.1,Muscle Gain,3,45,Beginner,1,0,1,0,0,3,74.77,22.33,29.8,2380,3040,178,297,52,59,33,300,1000,5,Normal
99,42,Female,183,74,22.1,Normal,5.0,30.1,Muscle Gain,3,45,Beginner,1,0,1,0,0,4,75.05,22.41,29.6,2394,3076,179,299,53,59,33,300,1000,5,Normal
99,42,Female,183,74,22.1,Normal,5.0,30.1,Muscle Gain,3,45,Beginner,1,0,1,0,0,5,75.25,22.47,29.5,2394,3076,179,299,53,59,33,300,1000,5,Normal
99,42,Female,183,74,22.1,Normal,5.0,30.1,Muscle Gain,3,45,Beginner,1,0,1,0,0,6,75.5,22.55,29.2,2394,3076,179,299,53,59,33,300,1000,5,Normal
99,42,Female,183,74,22.1,Normal,5.0,30.1,Muscle Gain,3,45,Beginner,1,0,1,0,0,7,75.72,22.61,29.0,2394,3076,179,299,53,59,33,300,1000,5,Normal
99,42,Female,183,74,22.1,Normal,5.0,30.1,Muscle Gain,3,45,Beginner,1,0,1,0,0,8,75.98,22.69,29.0,2407,3109,180,300,53,60,33,300,1000,5,Normal
99,42,Female,183,74,22.1,Normal,5.0,30.1,Muscle Gain,3,45,Beginner,1,0,1,0,0,9,76.35,22.8,29.1,2407,3109,180,300,53,60,33,300,1000,5,Normal
99,42,Female,183,74,22.1,Normal,5.0,30.1,Muscle Gain,3,45,Beginner,1,0,1,0,0,10,76.49,22.84,28.9,2407,3109,180,300,53,60,33,300,1000,5,Normal
99,42,Female,183,74,22.1,Normal,5.0,30.1,Muscle Gain,3,45,Beginner,1,0,1,0,0,11,76.86,22.95,28.9,2407,3109,180,300,53,60,33,300,1000,5,Normal
99,42,Female,183,74,22.1,Normal,5.0,30.1,Muscle Gain,3,45,Beginner,1,0,1,0,0,12,77.16,23.04,28.8,2423,3150,181,302,53,60,33,300,1000,5,Normal
100,29,Female,190,40,11.08,Underweight,2.0,10.6,Muscle Gain,4,90,Intermediate,1,0,0,0,0,0,40.0,11.08,10.6,2286,2300,171,285,50,57,32,300,1000,5,Underweight
100,29,Female,190,40,11.08,Underweight,2.0,10.6,Muscle Gain,4,90,Intermediate,1,0,0,0,0,1,40.04,11.09,12.0,2286,2300,171,285,50,57,32,300,1000,5,Underweight
100,29,Female,190,40,11.08,Underweight,2.0,10.6,Muscle Gain,4,90,Intermediate,1,0,0,0,0,2,40.08,11.1,12.0,2286,2300,171,285,50,57,32,300,1000,5,Underweight
100,29,Female,190,40,11.08,Underweight,2.0,10.6,Muscle Gain,4,90,Intermediate,1,0,0,0,0,3,40.23,11.15,12.0,2286,2300,171,285,50,57,32,300,1000,5,Underweight
100,29,Female,190,40,11.08,Underweight,2.0,10.6,Muscle Gain,4,90,Intermediate,1,0,0,0,0,4,40.37,11.18,12.1,2292,2312,171,286,50,57,32,300,1000,5,Underweight
100,29,Female,190,40,11.08,Underweight,2.0,10.6,Muscle Gain,4,90,Intermediate,1,0,0,0,0,5,40.43,11.2,12.0,2292,2312,171,286,50,57,32,300,1000,5,Underweight
100,29,Female,190,40,11.08,Underweight,2.0,10.6,Muscle Gain,4,90,Intermediate,1,0,0,0,0,6,40.52,11.22,12.0,2292,2312,171,286,50,57,32,300,1000,5,Underweight
100,29,Female,190,40,11.08,Underweight,2.0,10.6,Muscle Gain,4,90,Intermediate,1,0,0,0,0,7,40.64,11.26,12.1,2292,2312,171,286,50,57,32,300,1000,5,Underweight
100,29,Female,190,40,11.08,Underweight,2.0,10.6,Muscle Gain,4,90,Intermediate,1,0,0,0,0,8,40.69,11.27,12.1,2296,2323,172,287,51,57,32,300,1000,5,Underweight
100,29,Female,190,40,11.08,Underweight,2.0,10.6,Muscle Gain,4,90,Intermediate,1,0,0,0,0,9,40.76,11.29,12.0,2296,2323,172,287,51,57,32,300,1000,5,Underweight
100,29,Female,190,40,11.08,Underweight,2.0,10.6,Muscle Gain,4,90,Intermediate,1,0,0,0,0,10,40.86,11.32,12.0,2296,2323,172,287,51,57,32,300,1000,5,Underweight
100,29,Female,190,40,11.08,Underweight,2.0,10.6,Muscle Gain,4,90,Intermediate,1,0,0,0,0,11,40.86,11.32,12.0,2296,2323,172,287,51,57,32,300,1000,5,Underweight
100,29,Female,190,40,11.08,Underweight,2.0,10.6,Muscle Gain,4,90,Intermediate,1,0,0,0,0,12,40.97,11.35,12.0,2301,2333,172,287,51,57,32,300,1000,5,Underweight
101,48,Female,184,79,23.33,Normal,5.0,30.2,Muscle Gain,2,30,Intermediate,1,0,0,1,0,0,79.0,23.33,30.2,2416,3065,181,302,53,60,33,300,1000,5,Normal
101,48,Female,184,79,23.33,Normal,5.0,30.2,Muscle Gain,2,30,Intermediate,1,0,0,1,0,1,79.09,23.36,30.1,2416,3065,181,302,53,60,33,300,1000,5,Normal
101,48,Female,184,79,23.33,Normal,5.0,30.2,Muscle Gain,2,30,Intermediate,1,0,0,1,0,2,79.19,23.39,30.2,2416,3065,181,302,53,60,33,300,1000,5,Normal
101,48,Female,184,79,23.33,Normal,5.0,30.2,Muscle Gain,2,30,Intermediate,1,0,0,1,0,3,79.25,23.41,30.1,2416,3065,181,302,53,60,33,300,1000,5,Normal
101,48,Female,184,79,23.33,Normal,5.0,30.2,Muscle Gain,2,30,Intermediate,1,0,0,1,0,4,79.4,23.45,29.8,2421,3078,181,302,53,60,33,300,1000,5,Normal
101,48,Female,184,79,23.33,Normal,5.0,30.2,Muscle Gain,2,30,Intermediate,1,0,0,1,0,5,79.59,23.51,29.7,2421,3078,181,302,53,60,33,300,1000,5,Normal
101,48,Female,184,79,23.33,Normal,5.0,30.2,Muscle Gain,2,30,Intermediate,1,0,0,1,0,6,79.62,23.52,29.7,2421,3078,181,302,53,60,33,300,1000,5,Normal
101,48,Female,184,79,23.33,Normal,5.0,30.2,Muscle Gain,2,30,Intermediate,1,0,0,1,0,7,79.74,23.55,29.6,2421,3078,181,302,53,60,33,300,1000,5,Normal
101,48,Female,184,79,23.33,Normal,5.0,30.2,Muscle Gain,2,30,Intermediate,1,0,0,1,0,8,79.96,23.62,29.6,2429,3098,182,303,53,60,34,300,1000,5,Normal
101,48,Female,184,79,23.33,Normal,5.0,30.2,Muscle Gain,2,30,Intermediate,1,0,0,1,0,9,80.04,23.64,29.4,2429,3098,182,303,53,60,34,300,1000,5,Normal
101,48,Female,184,79,23.33,Normal,5.0,30.2,Muscle Gain,2,30,Intermediate,1,0,0,1,0,10,80.12,23.67,29.5,2429,3098,182,303,53,60,34,300,1000,5,Normal
101,48,Female,184,79,23.33,Normal,5.0,30.2,Muscle Gain,2,30,Intermediate,1,0,0,1,0,11,80.23,23.7,29.3,2429,3098,182,303,53,60,34,300,1000,5,Normal
101,48,Female,184,79,23.33,Normal,5.0,30.2,Muscle Gain,2,30,Intermediate,1,0,0,1,0,12,80.32,23.72,29.2,2434,3111,182,304,54,60,34,300,1000,5,Normal
102,48,Male,150,103,45.78,Obese,5.0,54.7,Weight Loss,4,45,Intermediate,1,1,0,0,0,0,103.0,45.78,54.7,2185,4055,218,163,72,54,30,300,1000,4,Obese
102,48,Male,150,103,45.78,Obese,5.0,54.7,Weight Loss,4,45,Intermediate,1,1,0,0,0,1,102.73,45.66,53.9,2185,4055,218,163,72,54,30,300,1000,4,Obese
102,48,Male,150,103,45.78,Obese,5.0,54.7,Weight Loss,4,45,Intermediate,1,1,0,0,0,2,102.08,45.37,53.3,2185,4055,218,163,72,54,30,300,1000,4,Obese
102,48,Male,150,103,45.78,Obese,5.0,54.7,Weight Loss,4,45,Intermediate,1,1,0,0,0,3,100.7,44.76,53.0,2185,4055,218,163,72,54,30,300,1000,4,Obese
102,48,Male,150,103,45.78,Obese,5.0,54.7,Weight Loss,4,45,Intermediate,1,1,0,0,0,4,99.73,44.33,52.3,2134,3940,213,160,71,53,29,300,1000,4,Obese
102,48,Male,150,103,45.78,Obese,5.0,54.7,Weight Loss,4,45,Intermediate,1,1,0,0,0,5,99.69,44.31,51.6,2134,3940,213,160,71,53,29,300,1000,4,Obese
102,48,Male,150,103,45.78,Obese,5.0,54.7,Weight Loss,4,45,Intermediate,1,1,0,0,0,6,98.81,43.92,51.2,2134,3940,213,160,71,53,29,300,1000,4,Obese
102,48,Male,150,103,45.78,Obese,5.0,54.7,Weight Loss,4,45,Intermediate,1,1,0,0,0,7,98.23,43.66,50.7,2134,3940,213,160,71,53,29,300,1000,4,Obese
102,48,Male,150,103,45.78,Obese,5.0,54.7,Weight Loss,4,45,Intermediate,1,1,0,0,0,8,96.96,43.09,50.0,2091,3843,209,156,69,52,29,300,1000,4,Obese
102,48,Male,150,103,45.78,Obese,5.0,54.7,Weight Loss,4,45,Intermediate,1,1,0,0,0,9,96.61,42.94,49.3,2091,3843,209,156,69,52,29,300,1000,4,Obese
102,48,Male,150,103,45.78,Obese,5.0,54.7,Weight Loss,4,45,Intermediate,1,1,0,0,0,10,95.56,42.47,48.9,2091,3843,209,156,69,52,29,300,1000,4,Obese
102,48,Male,150,103,45.78,Obese,5.0,54.7,Weight Loss,4,45,Intermediate,1,1,0,0,0,11,94.65,42.07,48.3,2091,3843,209,156,69,52,29,300,1000,4,Obese
102,48,Male,150,103,45.78,Obese,5.0,54.7,Weight Loss,4,45,Intermediate,1,1,0,0,0,12,93.62,41.61,47.6,2039,3726,203,152,67,50,28,300,1000,4,Obese
103,20,Female,170,61,21.11,Normal,3.0,21.6,Muscle Gain,5,30,Beginner,1,0,0,0,0,0,61.0,21.11,21.6,2487,2435,186,310,55,62,34,300,1000,5,Normal
103,20,Female,170,61,21.11,Normal,3.0,21.6,Muscle Gain,5,30,Beginner,1,0,0,0,0,1,61.21,21.18,21.7,2487,2435,186,310,55,62,34,300,1000,5,Normal
103,20,Female,170,61,21.11,Normal,3.0,21.6,Muscle Gain,5,30,Beginner,1,0,0,0,0,2,61.43,21.26,21.6,2487,2435,186,310,55,62,34,300,1000,5,Normal
103,20,Female,170,61,21.11,Normal,3.0,21.6,Muscle Gain,5,30,Beginner,1,0,0,0,0,3,61.58,21.31,21.5,2487,2435,186,310,55,62,34,300,1000,5,Normal
103,20,Female,170,61,21.11,Normal,3.0,21.6,Muscle Gain,5,30,Beginner,1,0,0,0,0,4,61.82,21.39,21.5,2500,2463,187,312,55,62,35,300,1000,5,Normal
103,20,Female,170,61,21.11,Normal,3.0,21.6,Muscle Gain,5,30,Beginner,1,0,0,0,0,5,61.9,21.42,21.4,2500,2463,187,312,55,62,35,300,1000,5,Normal
103,20,Female,170,61,21.11,Normal,3.0,21.6,Muscle Gain,5,30,Beginner,1,0,0,0,0,6,62.04,21.47,21.4,2500,2463,187,312,55,62,35,300,1000,5,Normal
103,20,Female,170,61,21.11,Normal,3.0,21.6,Muscle Gain,5,30,Beginner,1,0,0,0,0,7,62.36,21.58,21.2,2500,2463,187,312,55,62,35,300,1000,5,Normal
103,20,Female,170,61,21.11,Normal,3.0,21.6,Muscle Gain,5,30,Beginner,1,0,0,0,0,8,62.63,21.67,21.1,2513,2492,188,314,55,62,35,300,1000,5,Normal
103,20,Female,170,61,21.11,Normal,3.0,21.6,Muscle Gain,5,30,Beginner,1,0,0,0,0,9,62.9,21.76,21.0,2513,2492,188,314,55,62,35,300,1000,5,Normal
103,20,Female,170,61,21.11,Normal,3.0,21.6,Muscle Gain,5,30,Beginner,1,0,0,0,0,10,63.09,21.83,20.9,2513,2492,188,314,55,62,35,300,1000,5,Normal
103,20,Female,170,61,21.11,Normal,3.0,21.6,Muscle Gain,5,30,Beginner,1,0,0,0,0,11,63.34,21.92,20.9,2513,2492,188,314,55,62,35,300,1000,5,Normal
103,20,Female,170,61,21.11,Normal,3.0,21.6,Muscle Gain,5,30,Beginner,1,0,0,0,0,12,63.47,21.96,20.8,2526,2521,189,315,56,63,35,300,1000,5,Normal
104,46,Female,197,99,25.51,Overweight,5.0,31.4,Maintain,2,45,Intermediate,0,0,0,0,1,0,99.0,25.51,31.4,2516,3915,188,251,83,62,35,300,1000,5,Overweight
104,46,Female,197,99,25.51,Overweight,5.0,31.4,Maintain,2,45,Intermediate,0,0,0,0,1,1,98.62,25.41,31.2,2516,3915,188,251,83,62,35,300,1000,5,Overweight
104,46,Female,197,99,25.51,Overweight,5.0,31.4,Maintain,2,45,Intermediate,0,0,0,0,1,2,98.65,25.42,31.2,2516,3915,188,251,83,62,35,300,1000,5,Overweight
104,46,Female,197,99,25.51,Overweight,5.0,31.4,Maintain,2,45,Intermediate,0,0,0,0,1,3,98.74,25.44,31.0,2516,3915,188,251,83,62,35,300,1000,5,Overweight
104,46,Female,197,99,25.51,Overweight,5.0,31.4,Maintain,2,45,Intermediate,0,0,0,0,1,4,98.67,25.42,30.9,2512,3903,188,251,83,62,35,300,1000,5,Overweight
104,46,Female,197,99,25.51,Overweight,5.0,31.4,Maintain,2,45,Intermediate,0,0,0,0,1,5,99.16,25.55,30.9,2512,3903,188,251,83,62,35,300,1000,5,Overweight
104,46,Female,197,99,25.51,Overweight,5.0,31.4,Maintain,2,45,Intermediate,0,0,0,0,1,6,99.34,25.6,30.9,2512,3903,188,251,83,62,35,300,1000,5,Overweight
104,46,Female,197,99,25.51,Overweight,5.0,31.4,Maintain,2,45,Intermediate,0,0,0,0,1,7,98.94,25.49,31.0,2512,3903,188,251,83,62,35,300,1000,5,Overweight
104,46,Female,197,99,25.51,Overweight,5.0,31.4,Maintain,2,45,Intermediate,0,0,0,0,1,8,98.72,25.44,31.0,2512,3905,188,251,83,62,35,300,1000,5,Overweight
104,46,Female,197,99,25.51,Overweight,5.0,31.4,Maintain,2,45,Intermediate,0,0,0,0,1,9,98.87,25.48,30.8,2512,3905,188,251,83,62,35,300,1000,5,Overweight
104,46,Female,197,99,25.51,Overweight,5.0,31.4,Maintain,2,45,Intermediate,0,0,0,0,1,10,99.18,25.56,30.8,2512,3905,188,251,83,62,35,300,1000,5,Overweight
104,46,Female,197,99,25.51,Overweight,5.0,31.4,Maintain,2,45,Intermediate,0,0,0,0,1,11,98.96,25.5,30.7,2512,3905,188,251,83,62,35,300,1000,5,Overweight
104,46,Female,197,99,25.51,Overweight,5.0,31.4,Maintain,2,45,Intermediate,0,0,0,0,1,12,98.62,25.41,30.8,2511,3901,188,251,83,62,35,300,1000,5,Overweight
105,39,Female,155,103,42.87,Obese,5.0,58.5,Weight Loss,5,60,Intermediate,1,0,1,0,1,0,103.0,42.87,58.5,2046,4205,204,153,68,51,28,300,1000,4,Obese
105,39,Female,155,103,42.87,Obese,5.0,58.5,Weight Loss,5,60,Intermediate,1,0,1,0,1,1,101.88,42.41,57.7,2046,4205,204,153,68,51,28,300,1000,4,Obese
105,39,Female,155,103,42.87,Obese,5.0,58.5,Weight Loss,5,60,Intermediate,1,0,1,0,1,2,101.09,42.08,57.1,2046,4205,204,153,68,51,28,300,1000,4,Obese
105,39,Female,155,103,42.87,Obese,5.0,58.5,Weight Loss,5,60,Intermediate,1,0,1,0,1,3,100.12,41.67,56.7,2046,4205,204,153,68,51,28,300,1000,4,Obese
105,39,Female,155,103,42.87,Obese,5.0,58.5,Weight Loss,5,60,Intermediate,1,0,1,0,1,4,98.81,41.13,56.2,1981,4058,198,148,66,49,27,300,1000,4,Obese
105,39,Female,155,103,42.87,Obese,5.0,58.5,Weight Loss,5,60,Intermediate,1,0,1,0,1,5,98.05,40.81,55.5,1981,4058,198,148,66,49,27,300,1000,4,Obese
105,39,Female,155,103,42.87,Obese,5.0,58.5,Weight Loss,5,60,Intermediate,1,0,1,0,1,6,97.14,40.43,55.0,1981,4058,198,148,66,49,27,300,1000,4,Obese
105,39,Female,155,103,42.87,Obese,5.0,58.5,Weight Loss,5,60,Intermediate,1,0,1,0,1,7,96.19,40.04,54.2,1981,4058,198,148,66,49,27,300,1000,4,Obese
105,39,Female,155,103,42.87,Obese,5.0,58.5,Weight Loss,5,60,Intermediate,1,0,1,0,1,8,95.06,39.57,53.8,1923,3927,192,144,64,48,26,300,1000,4,Obese
105,39,Female,155,103,42.87,Obese,5.0,58.5,Weight Loss,5,60,Intermediate,1,0,1,0,1,9,94.32,39.26,53.2,1923,3927,192,144,64,48,26,300,1000,4,Obese
105,39,Female,155,103,42.87,Obese,5.0,58.5,Weight Loss,5,60,Intermediate,1,0,1,0,1,10,93.27,38.82,52.5,1923,3927,192,144,64,48,26,300,1000,4,Obese
105,39,Female,155,103,42.87,Obese,5.0,58.5,Weight Loss,5,60,Intermediate,1,0,1,0,1,11,92.66,38.57,51.9,1923,3927,192,144,64,48,26,300,1000,4,Obese
105,39,Female,155,103,42.87,Obese,5.0,58.5,Weight Loss,5,60,Intermediate,1,0,1,0,1,12,91.68,38.16,51.2,1870,3808,187,140,62,46,26,300,1000,4,Obese
106,31,Female,177,111,35.43,Obese,5.0,42.6,Weight Loss,3,45,Intermediate,0,1,1,0,1,0,111.0,35.43,42.6,2112,4335,211,158,70,52,29,300,1000,4,Obese
106,31,Female,177,111,35.43,Obese,5.0,42.6,Weight Loss,3,45,Intermediate,0,1,1,0,1,1,110.83,35.38,41.9,2112,4335,211,158,70,52,29,300,1000,4,Obese
106,31,Female,177,111,35.43,Obese,5.0,42.6,Weight Loss,3,45,Intermediate,0,1,1,0,1,2,109.93,35.09,41.2,2112,4335,211,158,70,52,29,300,1000,4,Obese
106,31,Female,177,111,35.43,Obese,5.0,42.6,Weight Loss,3,45,Intermediate,0,1,1,0,1,3,108.6,34.67,40.4,2112,4335,211,158,70,52,29,300,1000,4,Obese
106,31,Female,177,111,35.43,Obese,5.0,42.6,Weight Loss,3,45,Intermediate,0,1,1,0,1,4,107.55,34.33,40.0,2065,4214,206,154,68,51,28,300,1000,4,Obese
106,31,Female,177,111,35.43,Obese,5.0,42.6,Weight Loss,3,45,Intermediate,0,1,1,0,1,5,106.47,33.98,39.5,2065,4214,206,154,68,51,28,300,1000,4,Obese
106,31,Female,177,111,35.43,Obese,5.0,42.6,Weight Loss,3,45,Intermediate,0,1,1,0,1,6,105.91,33.81,38.9,2065,4214,206,154,68,51,28,300,1000,4,Obese
106,31,Female,177,111,35.43,Obese,5.0,42.6,Weight Loss,3,45,Intermediate,0,1,1,0,1,7,105.34,33.62,38.6,2065,4214,206,154,68,51,28,300,1000,4,Obese
106,31,Female,177,111,35.43,Obese,5.0,42.6,Weight Loss,3,45,Intermediate,0,1,1,0,1,8,104.4,33.32,38.0,2022,4103,202,151,67,50,28,300,1000,4,Obese
106,31,Female,177,111,35.43,Obese,5.0,42.6,Weight Loss,3,45,Intermediate,0,1,1,0,1,9,103.51,33.04,37.4,2022,4103,202,151,67,50,28,300,1000,4,Obese
106,31,Female,177,111,35.43,Obese,5.0,42.6,Weight Loss,3,45,Intermediate,0,1,1,0,1,10,103.22,32.95,36.8,2022,4103,202,151,67,50,28,300,1000,4,Obese
106,31,Female,177,111,35.43,Obese,5.0,42.6,Weight Loss,3,45,Intermediate,0,1,1,0,1,11,102.4,32.68,36.4,2022,4103,202,151,67,50,28,300,1000,4,Obese
106,31,Female,177,111,35.43,Obese,5.0,42.6,Weight Loss,3,45,Intermediate,0,1,1,0,1,12,101.66,32.45,35.8,1984,4008,198,148,66,49,27,300,1000,4,Obese
107,45,Male,166,50,18.14,Underweight,2.0,15.1,Muscle Gain,5,45,Intermediate,1,0,0,0,0,0,50.0,18.14,15.1,2342,2200,175,292,52,58,32,300,1000,5,Underweight
107,45,Male,166,50,18.14,Underweight,2.0,15.1,Muscle Gain,5,45,Intermediate,1,0,0,0,0,1,50.02,18.15,15.1,2342,2200,175,292,52,58,32,300,1000,5,Underweight
107,45,Male,166,50,18.14,Underweight,2.0,15.1,Muscle Gain,5,45,Intermediate,1,0,0,0,0,2,50.09,18.18,15.0,2342,2200,175,292,52,58,32,300,1000,5,Underweight
107,45,Male,166,50,18.14,Underweight,2.0,15.1,Muscle Gain,5,45,Intermediate,1,0,0,0,0,3,50.1,18.18,15.1,2342,2200,175,292,52,58,32,300,1000,5,Underweight
107,45,Male,166,50,18.14,Underweight,2.0,15.1,Muscle Gain,5,45,Intermediate,1,0,0,0,0,4,50.16,18.2,14.9,2344,2205,175,293,52,58,32,300,1000,5,Underweight
107,45,Male,166,50,18.14,Underweight,2.0,15.1,Muscle Gain,5,45,Intermediate,1,0,0,0,0,5,50.25,18.23,14.7,2344,2205,175,293,52,58,32,300,1000,5,Underweight
107,45,Male,166,50,18.14,Underweight,2.0,15.1,Muscle Gain,5,45,Intermediate,1,0,0,0,0,6,50.33,18.27,14.8,2344,2205,175,293,52,58,32,300,1000,5,Underweight
107,45,Male,166,50,18.14,Underweight,2.0,15.1,Muscle Gain,5,45,Intermediate,1,0,0,0,0,7,50.5,18.32,14.5,2344,2205,175,293,52,58,32,300,1000,5,Underweight
107,45,Male,166,50,18.14,Underweight,2.0,15.1,Muscle Gain,5,45,Intermediate,1,0,0,0,0,8,50.55,18.34,14.5,2350,2219,176,293,52,58,32,300,1000,5,Underweight
107,45,Male,166,50,18.14,Underweight,2.0,15.1,Muscle Gain,5,45,Intermediate,1,0,0,0,0,9,50.58,18.36,14.2,2350,2219,176,293,52,58,32,300,1000,5,Underweight
107,45,Male,166,50,18.14,Underweight,2.0,15.1,Muscle Gain,5,45,Intermediate,1,0,0,0,0,10,50.64,18.38,14.2,2350,2219,176,293,52,58,32,300,1000,5,Underweight
107,45,Male,166,50,18.14,Underweight,2.0,15.1,Muscle Gain,5,45,Intermediate,1,0,0,0,0,11,50.81,18.44,13.9,2350,2219,176,293,52,58,32,300,1000,5,Underweight
107,45,Male,166,50,18.14,Underweight,2.0,15.1,Muscle Gain,5,45,Intermediate,1,0,0,0,0,12,50.89,18.47,14.0,2355,2231,176,294,52,58,32,300,1000,5,Underweight
108,29,Female,154,53,22.35,Normal,4.0,26.3,Maintain,4,45,Intermediate,1,1,0,1,1,0,53.0,22.35,26.3,1839,2305,137,183,61,45,25,300,1000,4,Normal
108,29,Female,154,53,22.35,Normal,4.0,26.3,Maintain,4,45,Intermediate,1,1,0,1,1,1,52.91,22.31,26.2,1839,2305,137,183,61,45,25,300,1000,4,Normal
108,29,Female,154,53,22.35,Normal,4.0,26.3,Maintain,4,45,Intermediate,1,1,0,1,1,2,53.02,22.36,26.4,1839,2305,137,183,61,45,25,300,1000,4,Normal
108,29,Female,154,53,22.35,Normal,4.0,26.3,Maintain,4,45,Intermediate,1,1,0,1,1,3,53.36,22.5,26.6,1839,2305,137,183,61,45,25,300,1000,4,Normal
108,29,Female,154,53,22.35,Normal,4.0,26.3,Maintain,4,45,Intermediate,1,1,0,1,1,4,52.88,22.3,26.4,1837,2300,137,183,61,45,25,300,1000,4,Normal
108,29,Female,154,53,22.35,Normal,4.0,26.3,Maintain,4,45,Intermediate,1,1,0,1,1,5,52.99,22.34,26.6,1837,2300,137,183,61,45,25,300,1000,4,Normal
108,29,Female,154,53,22.35,Normal,4.0,26.3,Maintain,4,45,Intermediate,1,1,0,1,1,6,52.78,22.25,26.5,1837,2300,137,183,61,45,25,300,1000,4,Normal
108,29,Female,154,53,22.35,Normal,4.0,26.3,Maintain,4,45,Intermediate,1,1,0,1,1,7,53.06,22.37,26.3,1837,2300,137,183,61,45,25,300,1000,4,Normal
108,29,Female,154,53,22.35,Normal,4.0,26.3,Maintain,4,45,Intermediate,1,1,0,1,1,8,52.93,22.32,26.3,1838,2302,137,183,61,45,25,300,1000,4,Normal
108,29,Female,154,53,22.35,Normal,4.0,26.3,Maintain,4,45,Intermediate,1,1,0,1,1,9,52.99,22.34,26.4,1838,2302,137,183,61,45,25,300,1000,4,Normal
108,29,Female,154,53,22.35,Normal,4.0,26.3,Maintain,4,45,Intermediate,1,1,0,1,1,10,52.85,22.28,26.4,1838,2302,137,183,61,45,25,300,1000,4,Normal
108,29,Female,154,53,22.35,Normal,4.0,26.3,Maintain,4,45,Intermediate,1,1,0,1,1,11,52.93,22.32,26.5,1838,2302,137,183,61,45,25,300,1000,4,Normal
108,29,Female,154,53,22.35,Normal,4.0,26.3,Maintain,4,45,Intermediate,1,1,0,1,1,12,53.07,22.38,26.4,1840,2307,138,184,61,46,25,300,1000,4,Normal
109,48,Male,180,99,30.56,Obese,5.0,33.3,Weight Loss,4,45,Intermediate,1,1,0,1,1,0,99.0,30.56,33.3,2414,3915,241,181,80,60,33,300,1000,5,Obese
109,48,Male,180,99,30.56,Obese,5.0,33.3,Weight Loss,4,45,Intermediate,1,1,0,1,1,1,98.08,30.27,32.6,2414,3915,241,181,80,60,33,300,1000,5,Obese
109,48,Male,180,99,30.56,Obese,5.0,33.3,Weight Loss,4,45,Intermediate,1,1,0,1,1,2,97.69,30.15,32.2,2414,3915,241,181,80,60,33,300,1000,5,Obese
109,48,Male,180,99,30.56,Obese,5.0,33.3,Weight Loss,4,45,Intermediate,1,1,0,1,1,3,96.66,29.83,31.6,2414,3915,241,181,80,60,33,300,1000,5,Overweight
109,48,Male,180,99,30.56,Obese,5.0,33.3,Weight Loss,4,45,Intermediate,1,1,0,1,1,4,95.68,29.53,30.8,2362,3798,236,177,78,59,33,300,1000,5,Overweight
109,48,Male,180,99,30.56,Obese,5.0,33.3,Weight Loss,4,45,Intermediate,1,1,0,1,1,5,95.41,29.45,30.1,2362,3798,236,177,78,59,33,300,1000,5,Overweight
109,48,Male,180,99,30.56,Obese,5.0,33.3,Weight Loss,4,45,Intermediate,1,1,0,1,1,6,95.19,29.38,29.4,2362,3798,236,177,78,59,33,300,1000,5,Overweight
109,48,Male,180,99,30.56,Obese,5.0,33.3,Weight Loss,4,45,Intermediate,1,1,0,1,1,7,94.52,29.17,29.1,2362,3798,236,177,78,59,33,300,1000,5,Overweight
109,48,Male,180,99,30.56,Obese,5.0,33.3,Weight Loss,4,45,Intermediate,1,1,0,1,1,8,94.02,29.02,28.5,2336,3740,233,175,77,58,32,300,1000,5,Overweight
109,48,Male,180,99,30.56,Obese,5.0,33.3,Weight Loss,4,45,Intermediate,1,1,0,1,1,9,93.2,28.77,27.8,2336,3740,233,175,77,58,32,300,1000,5,Overweight
109,48,Male,180,99,30.56,Obese,5.0,33.3,Weight Loss,4,45,Intermediate,1,1,0,1,1,10,92.53,28.56,27.4,2336,3740,233,175,77,58,32,300,1000,5,Overweight
109,48,Male,180,99,30.56,Obese,5.0,33.3,Weight Loss,4,45,Intermediate,1,1,0,1,1,11,91.89,28.36,26.7,2336,3740,233,175,77,58,32,300,1000,5,Overweight
109,48,Male,180,99,30.56,Obese,5.0,33.3,Weight Loss,4,45,Intermediate,1,1,0,1,1,12,91.1,28.12,26.3,2291,3638,229,171,76,57,32,300,1000,5,Overweight
110,23,Male,154,69,29.09,Overweight,4.0,26.1,Weight Loss,4,60,Intermediate,0,1,1,0,1,0,69.0,29.09,26.1,1890,3015,189,141,63,47,26,300,1000,4,Overweight
110,23,Male,154,69,29.09,Overweight,4.0,26.1,Weight Loss,4,60,Intermediate,0,1,1,0,1,1,67.89,28.63,25.7,1890,3015,189,141,63,47,26,300,1000,4,Overweight
110,23,Male,154,69,29.09,Overweight,4.0,26.1,Weight Loss,4,60,Intermediate,0,1,1,0,1,2,67.41,28.42,25.2,1890,3015,189,141,63,47,26,300,1000,4,Overweight
110,23,Male,154,69,29.09,Overweight,4.0,26.1,Weight Loss,4,60,Intermediate,0,1,1,0,1,3,67.27,28.36,24.4,1890,3015,189,141,63,47,26,300,1000,4,Overweight
110,23,Male,154,69,29.09,Overweight,4.0,26.1,Weight Loss,4,60,Intermediate,0,1,1,0,1,4,66.95,28.23,23.9,1859,2943,185,139,61,46,26,300,1000,4,Overweight
110,23,Male,154,69,29.09,Overweight,4.0,26.1,Weight Loss,4,60,Intermediate,0,1,1,0,1,5,66.52,28.05,23.5,1859,2943,185,139,61,46,26,300,1000,4,Overweight
110,23,Male,154,69,29.09,Overweight,4.0,26.1,Weight Loss,4,60,Intermediate,0,1,1,0,1,6,65.56,27.64,22.7,1859,2943,185,139,61,46,26,300,1000,4,Overweight
110,23,Male,154,69,29.09,Overweight,4.0,26.1,Weight Loss,4,60,Intermediate,0,1,1,0,1,7,65.23,27.5,22.1,1859,2943,185,139,61,46,26,300,1000,4,Overweight
110,23,Male,154,69,29.09,Overweight,4.0,26.1,Weight Loss,4,60,Intermediate,0,1,1,0,1,8,64.69,27.28,21.4,1824,2864,182,136,60,45,25,300,1000,4,Overweight
110,23,Male,154,69,29.09,Overweight,4.0,26.1,Weight Loss,4,60,Intermediate,0,1,1,0,1,9,64.64,27.26,20.9,1824,2864,182,136,60,45,25,300,1000,4,Overweight
110,23,Male,154,69,29.09,Overweight,4.0,26.1,Weight Loss,4,60,Intermediate,0,1,1,0,1,10,63.65,26.84,20.6,1824,2864,182,136,60,45,25,300,1000,4,Overweight
110,23,Male,154,69,29.09,Overweight,4.0,26.1,Weight Loss,4,60,Intermediate,0,1,1,0,1,11,62.77,26.47,20.3,1824,2864,182,136,60,45,25,300,1000,4,Overweight
110,23,Male,154,69,29.09,Overweight,4.0,26.1,Weight Loss,4,60,Intermediate,0,1,1,0,1,12,62.54,26.37,19.6,1790,2788,179,134,59,44,25,300,1000,4,Overweight
111,38,Male,187,74,21.16,Normal,2.0,16.8,Muscle Gain,5,90,Intermediate,1,0,0,1,0,0,74.0,21.16,16.8,2971,3490,222,371,66,74,41,300,1000,5,Normal
111,38,Male,187,74,21.16,Normal,2.0,16.8,Muscle Gain,5,90,Intermediate,1,0,0,1,0,1,74.23,21.23,16.6,2971,3490,222,371,66,74,41,300,1000,5,Normal
111,38,Male,187,74,21.16,Normal,2.0,16.8,Muscle Gain,5,90,Intermediate,1,0,0,1,0,2,74.32,21.25,16.6,2971,3490,222,371,66,74,41,300,1000,5,Normal
111,38,Male,187,74,21.16,Normal,2.0,16.8,Muscle Gain,5,90,Intermediate,1,0,0,1,0,3,74.38,21.27,16.4,2971,3490,222,371,66,74,41,300,1000,5,Normal
111,38,Male,187,74,21.16,Normal,2.0,16.8,Muscle Gain,5,90,Intermediate,1,0,0,1,0,4,74.57,21.32,16.3,2980,3509,223,372,66,74,41,300,1000,5,Normal
111,38,Male,187,74,21.16,Normal,2.0,16.8,Muscle Gain,5,90,Intermediate,1,0,0,1,0,5,74.67,21.35,16.1,2980,3509,223,372,66,74,41,300,1000,5,Normal
111,38,Male,187,74,21.16,Normal,2.0,16.8,Muscle Gain,5,90,Intermediate,1,0,0,1,0,6,74.93,21.43,16.0,2980,3509,223,372,66,74,41,300,1000,5,Normal
111,38,Male,187,74,21.16,Normal,2.0,16.8,Muscle Gain,5,90,Intermediate,1,0,0,1,0,7,75.11,21.48,15.7,2980,3509,223,372,66,74,41,300,1000,5,Normal
111,38,Male,187,74,21.16,Normal,2.0,16.8,Muscle Gain,5,90,Intermediate,1,0,0,1,0,8,75.27,21.53,15.7,2991,3534,224,373,66,74,41,300,1000,5,Normal
111,38,Male,187,74,21.16,Normal,2.0,16.8,Muscle Gain,5,90,Intermediate,1,0,0,1,0,9,75.44,21.57,15.7,2991,3534,224,373,66,74,41,300,1000,5,Normal
111,38,Male,187,74,21.16,Normal,2.0,16.8,Muscle Gain,5,90,Intermediate,1,0,0,1,0,10,75.6,21.62,15.7,2991,3534,224,373,66,74,41,300,1000,5,Normal
111,38,Male,187,74,21.16,Normal,2.0,16.8,Muscle Gain,5,90,Intermediate,1,0,0,1,0,11,75.82,21.68,15.7,2991,3534,224,373,66,74,41,300,1000,5,Normal
111,38,Male,187,74,21.16,Normal,2.0,16.8,Muscle Gain,5,90,Intermediate,1,0,0,1,0,12,75.88,21.7,15.6,3000,3555,225,375,66,75,42,300,1000,5,Normal
112,44,Male,152,124,53.67,Obese,5.0,60.0,Weight Loss,3,90,Advanced,0,0,0,1,0,0,124.0,53.67,60.0,2215,5240,221,166,73,55,31,300,1000,5,Obese
112,44,Male,152,124,53.67,Obese,5.0,60.0,Weight Loss,3,90,Advanced,0,0,0,1,0,1,122.87,53.18,59.4,2215,5240,221,166,73,55,31,300,1000,5,Obese
112,44,Male,152,124,53.67,Obese,5.0,60.0,Weight Loss,3,90,Advanced,0,0,0,1,0,2,121.99,52.8,58.8,2215,5240,221,166,73,55,31,300,1000,5,Obese
112,44,Male,152,124,53.67,Obese,5.0,60.0,Weight Loss,3,90,Advanced,0,0,0,1,0,3,121.47,52.57,58.2,2215,5240,221,166,73,55,31,300,1000,5,Obese
112,44,Male,152,124,53.67,Obese,5.0,60.0,Weight Loss,3,90,Advanced,0,0,0,1,0,4,120.56,52.18,57.7,2168,5119,216,162,72,54,30,300,1000,4,Obese
112,44,Male,152,124,53.67,Obese,5.0,60.0,Weight Loss,3,90,Advanced,0,0,0,1,0,5,119.56,51.75,56.9,2168,5119,216,162,72,54,30,300,1000,4,Obese
112,44,Male,152,124,53.67,Obese,5.0,60.0,Weight Loss,3,90,Advanced,0,0,0,1,0,6,118.73,51.39,56.5,2168,5119,216,162,72,54,30,300,1000,4,Obese
112,44,Male,152,124,53.67,Obese,5.0,60.0,Weight Loss,3,90,Advanced,0,0,0,1,0,7,117.88,51.02,56.0,2168,5119,216,162,72,54,30,300,1000,4,Obese
112,44,Male,152,124,53.67,Obese,5.0,60.0,Weight Loss,3,90,Advanced,0,0,0,1,0,8,116.45,50.4,55.5,2111,4975,211,158,70,52,29,300,1000,4,Obese
112,44,Male,152,124,53.67,Obese,5.0,60.0,Weight Loss,3,90,Advanced,0,0,0,1,0,9,115.41,49.95,54.9,2111,4975,211,158,70,52,29,300,1000,4,Obese
112,44,Male,152,124,53.67,Obese,5.0,60.0,Weight Loss,3,90,Advanced,0,0,0,1,0,10,114.82,49.7,54.4,2111,4975,211,158,70,52,29,300,1000,4,Obese
112,44,Male,152,124,53.67,Obese,5.0,60.0,Weight Loss,3,90,Advanced,0,0,0,1,0,11,113.59,49.16,54.0,2111,4975,211,158,70,52,29,300,1000,4,Obese
112,44,Male,152,124,53.67,Obese,5.0,60.0,Weight Loss,3,90,Advanced,0,0,0,1,0,12,113.08,48.95,53.4,2065,4857,206,154,68,51,28,300,1000,4,Obese
113,18,Male,172,76,25.69,Overweight,3.0,18.6,Muscle Gain,3,60,Advanced,1,0,0,1,1,0,76.0,25.69,18.6,2706,3260,202,338,60,67,37,300,1000,5,Overweight
113,18,Male,172,76,25.69,Overweight,3.0,18.6,Muscle Gain,3,60,Advanced,1,0,0,1,1,1,76.08,25.72,18.6,2706,3260,202,338,60,67,37,300,1000,5,Overweight
113,18,Male,172,76,25.69,Overweight,3.0,18.6,Muscle Gain,3,60,Advanced,1,0,0,1,1,2,76.09,25.72,18.3,2706,3260,202,338,60,67,37,300,1000,5,Overweight
113,18,Male,172,76,25.69,Overweight,3.0,18.6,Muscle Gain,3,60,Advanced,1,0,0,1,1,3,76.18,25.75,18.3,2706,3260,202,338,60,67,37,300,1000,5,Overweight
113,18,Male,172,76,25.69,Overweight,3.0,18.6,Muscle Gain,3,60,Advanced,1,0,0,1,1,4,76.17,25.75,18.3,2708,3265,203,338,60,67,37,300,1000,5,Overweight
113,18,Male,172,76,25.69,Overweight,3.0,18.6,Muscle Gain,3,60,Advanced,1,0,0,1,1,5,76.21,25.76,18.1,2708,3265,203,338,60,67,37,300,1000,5,Overweight
113,18,Male,172,76,25.69,Overweight,3.0,18.6,Muscle Gain,3,60,Advanced,1,0,0,1,1,6,76.21,25.76,18.1,2708,3265,203,338,60,67,37,300,1000,5,Overweight
113,18,Male,172,76,25.69,Overweight,3.0,18.6,Muscle Gain,3,60,Advanced,1,0,0,1,1,7,76.29,25.79,18.2,2708,3265,203,338,60,67,37,300,1000,5,Overweight
113,18,Male,172,76,25.69,Overweight,3.0,18.6,Muscle Gain,3,60,Advanced,1,0,0,1,1,8,76.35,25.81,18.2,2711,3272,203,338,60,67,37,300,1000,5,Overweight
113,18,Male,172,76,25.69,Overweight,3.0,18.6,Muscle Gain,3,60,Advanced,1,0,0,1,1,9,76.36,25.81,18.3,2711,3272,203,338,60,67,37,300,1000,5,Overweight
113,18,Male,172,76,25.69,Overweight,3.0,18.6,Muscle Gain,3,60,Advanced,1,0,0,1,1,10,76.47,25.85,18.1,2711,3272,203,338,60,67,37,300,1000,5,Overweight
113,18,Male,172,76,25.69,Overweight,3.0,18.6,Muscle Gain,3,60,Advanced,1,0,0,1,1,11,76.43,25.83,18.1,2711,3272,203,338,60,67,37,300,1000,5,Overweight
113,18,Male,172,76,25.69,Overweight,3.0,18.6,Muscle Gain,3,60,Advanced,1,0,0,1,1,12,76.52,25.86,18.1,2713,3278,203,339,60,67,37,300,1000,5,Overweight
114,22,Male,186,44,12.72,Underweight,1.0,4.6,Muscle Gain,4,45,Advanced,0,1,0,0,1,0,44.0,12.72,4.6,2621,1990,196,327,58,65,36,300,1000,5,Underweight
114,22,Male,186,44,12.72,Underweight,1.0,4.6,Muscle Gain,4,45,Advanced,0,1,0,0,1,1,44.0,12.72,5.0,2621,1990,196,327,58,65,36,300,1000,5,Underweight
114,22,Male,186,44,12.72,Underweight,1.0,4.6,Muscle Gain,4,45,Advanced,0,1,0,0,1,2,43.95,12.7,5.1,2621,1990,196,327,58,65,36,300,1000,5,Underweight
114,22,Male,186,44,12.72,Underweight,1.0,4.6,Muscle Gain,4,45,Advanced,0,1,0,0,1,3,44.07,12.74,5.0,2621,1990,196,327,58,65,36,300,1000,5,Underweight
114,22,Male,186,44,12.72,Underweight,1.0,4.6,Muscle Gain,4,45,Advanced,0,1,0,0,1,4,44.13,12.76,5.1,2623,1994,196,327,58,65,36,300,1000,5,Underweight
114,22,Male,186,44,12.72,Underweight,1.0,4.6,Muscle Gain,4,45,Advanced,0,1,0,0,1,5,44.21,12.78,5.1,2623,1994,196,327,58,65,36,300,1000,5,Underweight
114,22,Male,186,44,12.72,Underweight,1.0,4.6,Muscle Gain,4,45,Advanced,0,1,0,0,1,6,44.16,12.76,5.0,2623,1994,196,327,58,65,36,300,1000,5,Underweight
114,22,Male,186,44,12.72,Underweight,1.0,4.6,Muscle Gain,4,45,Advanced,0,1,0,0,1,7,44.22,12.78,5.0,2623,1994,196,327,58,65,36,300,1000,5,Underweight
114,22,Male,186,44,12.72,Underweight,1.0,4.6,Muscle Gain,4,45,Advanced,0,1,0,0,1,8,44.15,12.76,5.0,2623,1995,196,327,58,65,36,300,1000,5,Underweight
114,22,Male,186,44,12.72,Underweight,1.0,4.6,Muscle Gain,4,45,Advanced,0,1,0,0,1,9,44.2,12.78,5.1,2623,1995,196,327,58,65,36,300,1000,5,Underweight
114,22,Male,186,44,12.72,Underweight,1.0,4.6,Muscle Gain,4,45,Advanced,0,1,0,0,1,10,44.27,12.8,5.0,2623,1995,196,327,58,65,36,300,1000,5,Underweight
114,22,Male,186,44,12.72,Underweight,1.0,4.6,Muscle Gain,4,45,Advanced,0,1,0,0,1,11,44.25,12.79,5.0,2623,1995,196,327,58,65,36,300,1000,5,Underweight
114,22,Male,186,44,12.72,Underweight,1.0,4.6,Muscle Gain,4,45,Advanced,0,1,0,0,1,12,44.27,12.8,5.0,2625,1999,196,328,58,65,36,300,1000,5,Underweight
115,44,Female,186,122,35.26,Obese,5.0,44.9,Weight Loss,5,60,Intermediate,0,0,0,1,1,0,122.0,35.26,44.9,2602,4870,260,195,86,65,36,300,1000,5,Obese
115,44,Female,186,122,35.26,Obese,5.0,44.9,Weight Loss,5,60,Intermediate,0,0,0,1,1,1,121.53,35.13,44.3,2602,4870,260,195,86,65,36,300,1000,5,Obese
115,44,Female,186,122,35.26,Obese,5.0,44.9,Weight Loss,5,60,Intermediate,0,0,0,1,1,2,120.18,34.74,43.8,2602,4870,260,195,86,65,36,300,1000,5,Obese
115,44,Female,186,122,35.26,Obese,5.0,44.9,Weight Loss,5,60,Intermediate,0,0,0,1,1,3,119.42,34.52,43.1,2602,4870,260,195,86,65,36,300,1000,5,Obese
115,44,Female,186,122,35.26,Obese,5.0,44.9,Weight Loss,5,60,Intermediate,0,0,0,1,1,4,118.14,34.15,42.8,2542,4734,254,190,84,63,35,300,1000,5,Obese
115,44,Female,186,122,35.26,Obese,5.0,44.9,Weight Loss,5,60,Intermediate,0,0,0,1,1,5,116.72,33.74,42.3,2542,4734,254,190,84,63,35,300,1000,5,Obese
115,44,Female,186,122,35.26,Obese,5.0,44.9,Weight Loss,5,60,Intermediate,0,0,0,1,1,6,115.98,33.52,41.8,2542,4734,254,190,84,63,35,300,1000,5,Obese
115,44,Female,186,122,35.26,Obese,5.0,44.9,Weight Loss,5,60,Intermediate,0,0,0,1,1,7,115.14,33.28,41.2,2542,4734,254,190,84,63,35,300,1000,5,Obese
115,44,Female,186,122,35.26,Obese,5.0,44.9,Weight Loss,5,60,Intermediate,0,0,0,1,1,8,113.95,32.94,40.7,2477,4588,247,185,82,61,34,300,1000,5,Obese
115,44,Female,186,122,35.26,Obese,5.0,44.9,Weight Loss,5,60,Intermediate,0,0,0,1,1,9,113.3,32.75,40.0,2477,4588,247,185,82,61,34,300,1000,5,Obese
115,44,Female,186,122,35.26,Obese,5.0,44.9,Weight Loss,5,60,Intermediate,0,0,0,1,1,10,112.38,32.48,39.3,2477,4588,247,185,82,61,34,300,1000,5,Obese
115,44,Female,186,122,35.26,Obese,5.0,44.9,Weight Loss,5,60,Intermediate,0,0,0,1,1,11,111.93,32.35,38.9,2477,4588,247,185,82,61,34,300,1000,5,Obese
115,44,Female,186,122,35.26,Obese,5.0,44.9,Weight Loss,5,60,Intermediate,0,0,0,1,1,12,111.04,32.1,38.1,2432,4486,243,182,81,60,34,300,1000,5,Obese
116,44,Male,159,117,46.28,Obese,5.0,51.9,Weight Loss,4,45,Intermediate,0,1,0,0,1,0,117.0,46.28,51.9,2520,4545,252,189,84,63,35,300,1000,5,Obese
116,44,Male,159,117,46.28,Obese,5.0,51.9,Weight Loss,4,45,Intermediate,0,1,0,0,1,1,115.41,45.65,51.6,2520,4545,252,189,84,63,35,300,1000,5,Obese
116,44,Male,159,117,46.28,Obese,5.0,51.9,Weight Loss,4,45,Intermediate,0,1,0,0,1,2,114.4,45.25,51.2,2520,4545,252,189,84,63,35,300,1000,5,Obese
116,44,Male,159,117,46.28,Obese,5.0,51.9,Weight Loss,4,45,Intermediate,0,1,0,0,1,3,113.89,45.05,50.7,2520,4545,252,189,84,63,35,300,1000,5,Obese
116,44,Male,159,117,46.28,Obese,5.0,51.9,Weight Loss,4,45,Intermediate,0,1,0,0,1,4,113.13,44.75,50.2,2460,4409,246,184,82,61,34,300,1000,5,Obese
116,44,Male,159,117,46.28,Obese,5.0,51.9,Weight Loss,4,45,Intermediate,0,1,0,0,1,5,111.65,44.16,49.9,2460,4409,246,184,82,61,34,300,1000,5,Obese
116,44,Male,159,117,46.28,Obese,5.0,51.9,Weight Loss,4,45,Intermediate,0,1,0,0,1,6,110.73,43.8,49.2,2460,4409,246,184,82,61,34,300,1000,5,Obese
116,44,Male,159,117,46.28,Obese,5.0,51.9,Weight Loss,4,45,Intermediate,0,1,0,0,1,7,109.78,43.42,48.9,2460,4409,246,184,82,61,34,300,1000,5,Obese
116,44,Male,159,117,46.28,Obese,5.0,51.9,Weight Loss,4,45,Intermediate,0,1,0,0,1,8,108.68,42.99,48.2,2391,4253,239,179,79,59,33,300,1000,5,Obese
116,44,Male,159,117,46.28,Obese,5.0,51.9,Weight Loss,4,45,Intermediate,0,1,0,0,1,9,108.1,42.76,47.5,2391,4253,239,179,79,59,33,300,1000,5,Obese
116,44,Male,159,117,46.28,Obese,5.0,51.9,Weight Loss,4,45,Intermediate,0,1,0,0,1,10,107.27,42.43,46.7,2391,4253,239,179,79,59,33,300,1000,5,Obese
116,44,Male,159,117,46.28,Obese,5.0,51.9,Weight Loss,4,45,Intermediate,0,1,0,0,1,11,106.61,42.17,46.1,2391,4253,239,179,79,59,33,300,1000,5,Obese
116,44,Male,159,117,46.28,Obese,5.0,51.9,Weight Loss,4,45,Intermediate,0,1,0,0,1,12,105.55,41.75,45.7,2343,4144,234,175,78,58,32,300,1000,5,Obese
117,36,Male,159,65,25.71,Overweight,3.0,20.8,Maintain,4,45,Advanced,1,1,0,0,1,0,65.0,25.71,20.8,2276,2725,170,227,75,56,31,300,1000,5,Overweight
117,36,Male,159,65,25.71,Overweight,3.0,20.8,Maintain,4,45,Advanced,1,1,0,0,1,1,65.41,25.87,20.8,2276,2725,170,227,75,56,31,300,1000,5,Overweight
117,36,Male,159,65,25.71,Overweight,3.0,20.8,Maintain,4,45,Advanced,1,1,0,0,1,2,65.26,25.81,20.8,2276,2725,170,227,75,56,31,300,1000,5,Overweight
117,36,Male,159,65,25.71,Overweight,3.0,20.8,Maintain,4,45,Advanced,1,1,0,0,1,3,65.17,25.78,20.9,2276,2725,170,227,75,56,31,300,1000,5,Overweight
117,36,Male,159,65,25.71,Overweight,3.0,20.8,Maintain,4,45,Advanced,1,1,0,0,1,4,65.12,25.76,21.0,2278,2729,170,227,75,56,31,300,1000,5,Overweight
117,36,Male,159,65,25.71,Overweight,3.0,20.8,Maintain,4,45,Advanced,1,1,0,0,1,5,65.57,25.94,20.9,2278,2729,170,227,75,56,31,300,1000,5,Overweight
117,36,Male,159,65,25.71,Overweight,3.0,20.8,Maintain,4,45,Advanced,1,1,0,0,1,6,65.63,25.96,20.8,2278,2729,170,227,75,56,31,300,1000,5,Overweight
117,36,Male,159,65,25.71,Overweight,3.0,20.8,Maintain,4,45,Advanced,1,1,0,0,1,7,65.33,25.84,20.8,2278,2729,170,227,75,56,31,300,1000,5,Overweight
117,36,Male,159,65,25.71,Overweight,3.0,20.8,Maintain,4,45,Advanced,1,1,0,0,1,8,65.04,25.72,20.9,2277,2726,170,227,75,56,31,300,1000,5,Overweight
117,36,Male,159,65,25.71,Overweight,3.0,20.8,Maintain,4,45,Advanced,1,1,0,0,1,9,64.69,25.59,20.9,2277,2726,170,227,75,56,31,300,1000,5,Overweight
117,36,Male,159,65,25.71,Overweight,3.0,20.8,Maintain,4,45,Advanced,1,1,0,0,1,10,64.8,25.63,21.0,2277,2726,170,227,75,56,31,300,1000,5,Overweight
117,36,Male,159,65,25.71,Overweight,3.0,20.8,Maintain,4,45,Advanced,1,1,0,0,1,11,64.68,25.59,21.1,2277,2726,170,227,75,56,31,300,1000,5,Overweight
117,36,Male,159,65,25.71,Overweight,3.0,20.8,Maintain,4,45,Advanced,1,1,0,0,1,12,64.75,25.61,21.1,2272,2716,170,227,75,56,31,300,1000,5,Overweight
118,46,Male,168,101,35.79,Obese,5.0,38.0,Weight Loss,3,90,Intermediate,1,1,0,0,0,0,101.0,35.79,38.0,2023,4435,202,151,67,50,28,300,1000,4,Obese
118,46,Male,168,101,35.79,Obese,5.0,38.0,Weight Loss,3,90,Intermediate,1,1,0,0,0,1,100.43,35.58,37.6,2023,4435,202,151,67,50,28,300,1000,4,Obese
118,46,Male,168,101,35.79,Obese,5.0,38.0,Weight Loss,3,90,Intermediate,1,1,0,0,0,2,99.95,35.41,37.1,2023,4435,202,151,67,50,28,300,1000,4,Obese
118,46,Male,168,101,35.79,Obese,5.0,38.0,Weight Loss,3,90,Intermediate,1,1,0,0,0,3,98.9,35.04,36.4,2023,4435,202,151,67,50,28,300,1000,4,Obese
118,46,Male,168,101,35.79,Obese,5.0,38.0,Weight Loss,3,90,Intermediate,1,1,0,0,0,4,98.35,34.85,35.8,1986,4342,198,148,66,49,27,300,1000,4,Obese
118,46,Male,168,101,35.79,Obese,5.0,38.0,Weight Loss,3,90,Intermediate,1,1,0,0,0,5,97.54,34.56,35.2,1986,4342,198,148,66,49,27,300,1000,4,Obese
118,46,Male,168,101,35.79,Obese,5.0,38.0,Weight Loss,3,90,Intermediate,1,1,0,0,0,6,96.57,34.22,34.5,1986,4342,198,148,66,49,27,300,1000,4,Obese
118,46,Male,168,101,35.79,Obese,5.0,38.0,Weight Loss,3,90,Intermediate,1,1,0,0,0,7,95.76,33.93,33.7,1986,4342,198,148,66,49,27,300,1000,4,Obese
118,46,Male,168,101,35.79,Obese,5.0,38.0,Weight Loss,3,90,Intermediate,1,1,0,0,0,8,94.8,33.59,33.4,1937,4217,193,145,64,48,27,300,1000,4,Obese
118,46,Male,168,101,35.79,Obese,5.0,38.0,Weight Loss,3,90,Intermediate,1,1,0,0,0,9,94.08,33.33,32.7,1937,4217,193,145,64,48,27,300,1000,4,Obese
118,46,Male,168,101,35.79,Obese,5.0,38.0,Weight Loss,3,90,Intermediate,1,1,0,0,0,10,93.94,33.29,31.9,1937,4217,193,145,64,48,27,300,1000,4,Obese
118,46,Male,168,101,35.79,Obese,5.0,38.0,Weight Loss,3,90,Intermediate,1,1,0,0,0,11,93.43,33.1,31.4,1937,4217,193,145,64,48,27,300,1000,4,Obese
118,46,Male,168,101,35.79,Obese,5.0,38.0,Weight Loss,3,90,Intermediate,1,1,0,0,0,12,92.86,32.9,30.8,1911,4150,191,143,63,47,26,300,1000,4,Obese
119,27,Female,166,43,15.6,Underweight,2.0,15.0,Muscle Gain,5,30,Beginner,0,1,0,0,0,0,43.0,15.6,15.0,2115,1805,158,264,47,52,29,300,1000,4,Underweight
119,27,Female,166,43,15.6,Underweight,2.0,15.0,Muscle Gain,5,30,Beginner,0,1,0,0,0,1,43.05,15.62,14.7,2115,1805,158,264,47,52,29,300,1000,4,Underweight
119,27,Female,166,43,15.6,Underweight,2.0,15.0,Muscle Gain,5,30,Beginner,0,1,0,0,0,2,43.2,15.68,14.8,2115,1805,158,264,47,52,29,300,1000,4,Underweight
119,27,Female,166,43,15.6,Underweight,2.0,15.0,Muscle Gain,5,30,Beginner,0,1,0,0,0,3,43.37,15.74,14.6,2115,1805,158,264,47,52,29,300,1000,4,Underweight
119,27,Female,166,43,15.6,Underweight,2.0,15.0,Muscle Gain,5,30,Beginner,0,1,0,0,0,4,43.47,15.77,14.4,2123,1821,159,265,47,53,29,300,1000,4,Underweight
119,27,Female,166,43,15.6,Underweight,2.0,15.0,Muscle Gain,5,30,Beginner,0,1,0,0,0,5,43.59,15.82,14.4,2123,1821,159,265,47,53,29,300,1000,4,Underweight
119,27,Female,166,43,15.6,Underweight,2.0,15.0,Muscle Gain,5,30,Beginner,0,1,0,0,0,6,43.72,15.87,14.5,2123,1821,159,265,47,53,29,300,1000,4,Underweight
119,27,Female,166,43,15.6,Underweight,2.0,15.0,Muscle Gain,5,30,Beginner,0,1,0,0,0,7,43.87,15.92,14.3,2123,1821,159,265,47,53,29,300,1000,4,Underweight
119,27,Female,166,43,15.6,Underweight,2.0,15.0,Muscle Gain,5,30,Beginner,0,1,0,0,0,8,44.04,15.98,14.1,2131,1841,159,266,47,53,29,300,1000,4,Underweight
119,27,Female,166,43,15.6,Underweight,2.0,15.0,Muscle Gain,5,30,Beginner,0,1,0,0,0,9,44.23,16.05,13.8,2131,1841,159,266,47,53,29,300,1000,4,Underweight
119,27,Female,166,43,15.6,Underweight,2.0,15.0,Muscle Gain,5,30,Beginner,0,1,0,0,0,10,44.32,16.08,13.8,2131,1841,159,266,47,53,29,300,1000,4,Underweight
119,27,Female,166,43,15.6,Underweight,2.0,15.0,Muscle Gain,5,30,Beginner,0,1,0,0,0,11,44.45,16.13,13.9,2131,1841,159,266,47,53,29,300,1000,4,Underweight
119,27,Female,166,43,15.6,Underweight,2.0,15.0,Muscle Gain,5,30,Beginner,0,1,0,0,0,12,44.6,16.18,13.6,2140,1860,160,267,47,53,29,300,1000,4,Underweight
120,44,Female,170,128,44.29,Obese,5.0,60.0,Weight Loss,2,90,Beginner,0,0,0,1,0,0,128.0,44.29,60.0,2197,5380,219,164,73,54,30,300,1000,4,Obese
120,44,Female,170,128,44.29,Obese,5.0,60.0,Weight Loss,2,90,Beginner,0,0,0,1,0,1,127.1,43.98,59.5,2197,5380,219,164,73,54,30,300,1000,4,Obese
120,44,Female,170,128,44.29,Obese,5.0,60.0,Weight Loss,2,90,Beginner,0,0,0,1,0,2,126.0,43.6,58.9,2197,5380,219,164,73,54,30,300,1000,4,Obese
120,44,Female,170,128,44.29,Obese,5.0,60.0,Weight Loss,2,90,Beginner,0,0,0,1,0,3,125.18,43.31,58.2,2197,5380,219,164,73,54,30,300,1000,4,Obese
120,44,Female,170,128,44.29,Obese,5.0,60.0,Weight Loss,2,90,Beginner,0,0,0,1,0,4,124.94,43.23,57.6,2155,5273,215,161,71,53,30,300,1000,4,Obese
120,44,Female,170,128,44.29,Obese,5.0,60.0,Weight Loss,2,90,Beginner,0,0,0,1,0,5,124.15,42.96,57.2,2155,5273,215,161,71,53,30,300,1000,4,Obese
120,44,Female,170,128,44.29,Obese,5.0,60.0,Weight Loss,2,90,Beginner,0,0,0,1,0,6,123.74,42.82,56.7,2155,5273,215,161,71,53,30,300,1000,4,Obese
120,44,Female,170,128,44.29,Obese,5.0,60.0,Weight Loss,2,90,Beginner,0,0,0,1,0,7,122.59,42.42,56.1,2155,5273,215,161,71,53,30,300,1000,4,Obese
120,44,Female,170,128,44.29,Obese,5.0,60.0,Weight Loss,2,90,Beginner,0,0,0,1,0,8,121.92,42.19,55.6,2113,5167,211,158,70,52,29,300,1000,4,Obese
120,44,Female,170,128,44.29,Obese,5.0,60.0,Weight Loss,2,90,Beginner,0,0,0,1,0,9,121.06,41.89,54.9,2113,5167,211,158,70,52,29,300,1000,4,Obese
120,44,Female,170,128,44.29,Obese,5.0,60.0,Weight Loss,2,90,Beginner,0,0,0,1,0,10,120.47,41.69,54.2,2113,5167,211,158,70,52,29,300,1000,4,Obese
120,44,Female,170,128,44.29,Obese,5.0,60.0,Weight Loss,2,90,Beginner,0,0,0,1,0,11,119.28,41.27,53.7,2113,5167,211,158,70,52,29,300,1000,4,Obese
120,44,Female,170,128,44.29,Obese,5.0,60.0,Weight Loss,2,90,Beginner,0,0,0,1,0,12,118.68,41.07,53.1,2068,5053,206,155,68,51,28,300,1000,4,Obese
121,41,Male,163,81,30.49,Obese,5.0,31.7,Weight Loss,4,45,Intermediate,1,1,0,0,0,0,81.0,30.49,31.7,2024,3285,202,151,67,50,28,300,1000,4,Obese
121,41,Male,163,81,30.49,Obese,5.0,31.7,Weight Loss,4,45,Intermediate,1,1,0,0,0,1,79.77,30.03,31.2,2024,3285,202,151,67,50,28,300,1000,4,Obese
121,41,Male,163,81,30.49,Obese,5.0,31.7,Weight Loss,4,45,Intermediate,1,1,0,0,0,2,79.75,30.01,30.7,2024,3285,202,151,67,50,28,300,1000,4,Obese
121,41,Male,163,81,30.49,Obese,5.0,31.7,Weight Loss,4,45,Intermediate,1,1,0,0,0,3,79.41,29.89,29.9,2024,3285,202,151,67,50,28,300,1000,4,Overweight
121,41,Male,163,81,30.49,Obese,5.0,31.7,Weight Loss,4,45,Intermediate,1,1,0,0,0,4,79.38,29.88,29.3,1999,3228,199,149,66,49,27,300,1000,4,Overweight
121,41,Male,163,81,30.49,Obese,5.0,31.7,Weight Loss,4,45,Intermediate,1,1,0,0,0,5,78.9,29.7,28.8,1999,3228,199,149,66,49,27,300,1000,4,Overweight
121,41,Male,163,81,30.49,Obese,5.0,31.7,Weight Loss,4,45,Intermediate,1,1,0,0,0,6,78.27,29.46,28.0,1999,3228,199,149,66,49,27,300,1000,4,Overweight
121,41,Male,163,81,30.49,Obese,5.0,31.7,Weight Loss,4,45,Intermediate,1,1,0,0,0,7,78.11,29.4,27.7,1999,3228,199,149,66,49,27,300,1000,4,Overweight
121,41,Male,163,81,30.49,Obese,5.0,31.7,Weight Loss,4,45,Intermediate,1,1,0,0,0,8,77.13,29.03,27.4,1964,3149,196,147,65,49,27,300,1000,4,Overweight
121,41,Male,163,81,30.49,Obese,5.0,31.7,Weight Loss,4,45,Intermediate,1,1,0,0,0,9,76.2,28.68,27.0,1964,3149,196,147,65,49,27,300,1000,4,Overweight
121,41,Male,163,81,30.49,Obese,5.0,31.7,Weight Loss,4,45,Intermediate,1,1,0,0,0,10,75.76,28.51,26.6,1964,3149,196,147,65,49,27,300,1000,4,Overweight
121,41,Male,163,81,30.49,Obese,5.0,31.7,Weight Loss,4,45,Intermediate,1,1,0,0,0,11,75.02,28.23,26.1,1964,3149,196,147,65,49,27,300,1000,4,Overweight
121,41,Male,163,81,30.49,Obese,5.0,31.7,Weight Loss,4,45,Intermediate,1,1,0,0,0,12,74.5,28.04,25.7,1923,3057,192,144,64,48,26,300,1000,4,Overweight
122,49,Female,158,128,51.27,Obese,5.0,60.0,Weight Loss,2,60,Advanced,1,0,0,1,1,0,128.0,51.27,60.0,2059,5080,205,154,68,51,28,300,1000,4,Obese
122,49,Female,158,128,51.27,Obese,5.0,60.0,Weight Loss,2,60,Advanced,1,0,0,1,1,1,126.81,50.8,59.6,2059,5080,205,154,68,51,28,300,1000,4,Obese
122,49,Female,158,128,51.27,Obese,5.0,60.0,Weight Loss,2,60,Advanced,1,0,0,1,1,2,125.8,50.39,58.9,2059,5080,205,154,68,51,28,300,1000,4,Obese
122,49,Female,158,128,51.27,Obese,5.0,60.0,Weight Loss,2,60,Advanced,1,0,0,1,1,3,124.81,50.0,58.2,2059,5080,205,154,68,51,28,300,1000,4,Obese
122,49,Female,158,128,51.27,Obese,5.0,60.0,Weight Loss,2,60,Advanced,1,0,0,1,1,4,123.73,49.56,57.6,2000,4930,200,150,66,50,28,300,1000,4,Obese
122,49,Female,158,128,51.27,Obese,5.0,60.0,Weight Loss,2,60,Advanced,1,0,0,1,1,5,122.15,48.93,57.2,2000,4930,200,150,66,50,28,300,1000,4,Obese
122,49,Female,158,128,51.27,Obese,5.0,60.0,Weight Loss,2,60,Advanced,1,0,0,1,1,6,120.72,48.36,56.8,2000,4930,200,150,66,50,28,300,1000,4,Obese
122,49,Female,158,128,51.27,Obese,5.0,60.0,Weight Loss,2,60,Advanced,1,0,0,1,1,7,119.64,47.92,56.4,2000,4930,200,150,66,50,28,300,1000,4,Obese
122,49,Female,158,128,51.27,Obese,5.0,60.0,Weight Loss,2,60,Advanced,1,0,0,1,1,8,119.08,47.7,55.6,1936,4767,193,145,64,48,27,300,1000,4,Obese
122,49,Female,158,128,51.27,Obese,5.0,60.0,Weight Loss,2,60,Advanced,1,0,0,1,1,9,117.93,47.24,55.1,1936,4767,193,145,64,48,27,300,1000,4,Obese
122,49,Female,158,128,51.27,Obese,5.0,60.0,Weight Loss,2,60,Advanced,1,0,0,1,1,10,117.39,47.02,54.7,1936,4767,193,145,64,48,27,300,1000,4,Obese
122,49,Female,158,128,51.27,Obese,5.0,60.0,Weight Loss,2,60,Advanced,1,0,0,1,1,11,116.64,46.72,54.1,1936,4767,193,145,64,48,27,300,1000,4,Obese
122,49,Female,158,128,51.27,Obese,5.0,60.0,Weight Loss,2,60,Advanced,1,0,0,1,1,12,115.53,46.28,53.8,1888,4643,188,141,62,47,26,300,1000,4,Obese
123,17,Male,195,57,14.99,Underweight,1.0,3.0,Muscle Gain,3,60,Intermediate,1,1,1,0,0,0,57.0,14.99,3.0,2649,2595,198,331,58,66,37,300,1000,5,Underweight
123,17,Male,195,57,14.99,Underweight,1.0,3.0,Muscle Gain,3,60,Intermediate,1,1,1,0,0,1,57.11,15.02,5.0,2649,2595,198,331,58,66,37,300,1000,5,Underweight
123,17,Male,195,57,14.99,Underweight,1.0,3.0,Muscle Gain,3,60,Intermediate,1,1,1,0,0,2,57.27,15.06,5.0,2649,2595,198,331,58,66,37,300,1000,5,Underweight
123,17,Male,195,57,14.99,Underweight,1.0,3.0,Muscle Gain,3,60,Intermediate,1,1,1,0,0,3,57.44,15.11,5.0,2649,2595,198,331,58,66,37,300,1000,5,Underweight
123,17,Male,195,57,14.99,Underweight,1.0,3.0,Muscle Gain,3,60,Intermediate,1,1,1,0,0,4,57.51,15.12,5.0,2656,2612,199,332,59,66,37,300,1000,5,Underweight
123,17,Male,195,57,14.99,Underweight,1.0,3.0,Muscle Gain,3,60,Intermediate,1,1,1,0,0,5,57.56,15.14,5.0,2656,2612,199,332,59,66,37,300,1000,5,Underweight
123,17,Male,195,57,14.99,Underweight,1.0,3.0,Muscle Gain,3,60,Intermediate,1,1,1,0,0,6,57.66,15.16,5.1,2656,2612,199,332,59,66,37,300,1000,5,Underweight
123,17,Male,195,57,14.99,Underweight,1.0,3.0,Muscle Gain,3,60,Intermediate,1,1,1,0,0,7,57.76,15.19,5.0,2656,2612,199,332,59,66,37,300,1000,5,Underweight
123,17,Male,195,57,14.99,Underweight,1.0,3.0,Muscle Gain,3,60,Intermediate,1,1,1,0,0,8,57.87,15.22,5.0,2661,2625,199,332,59,66,37,300,1000,5,Underweight
123,17,Male,195,57,14.99,Underweight,1.0,3.0,Muscle Gain,3,60,Intermediate,1,1,1,0,0,9,57.9,15.23,5.0,2661,2625,199,332,59,66,37,300,1000,5,Underweight
123,17,Male,195,57,14.99,Underweight,1.0,3.0,Muscle Gain,3,60,Intermediate,1,1,1,0,0,10,57.9,15.23,5.0,2661,2625,199,332,59,66,37,300,1000,5,Underweight
123,17,Male,195,57,14.99,Underweight,1.0,3.0,Muscle Gain,3,60,Intermediate,1,1,1,0,0,11,58.08,15.27,5.0,2661,2625,199,332,59,66,37,300,1000,5,Underweight
123,17,Male,195,57,14.99,Underweight,1.0,3.0,Muscle Gain,3,60,Intermediate,1,1,1,0,0,12,58.15,15.29,5.0,2665,2635,199,333,59,66,37,300,1000,5,Underweight
124,43,Male,150,79,35.11,Obese,5.0,37.1,Weight Loss,3,90,Intermediate,1,1,0,0,1,0,79.0,35.11,37.1,1586,3665,158,118,52,39,22,300,1000,4,Obese
124,43,Male,150,79,35.11,Obese,5.0,37.1,Weight Loss,3,90,Intermediate,1,1,0,0,1,1,78.47,34.87,36.6,1586,3665,158,118,52,39,22,300,1000,4,Obese
124,43,Male,150,79,35.11,Obese,5.0,37.1,Weight Loss,3,90,Intermediate,1,1,0,0,1,2,78.42,34.85,35.9,1586,3665,158,118,52,39,22,300,1000,4,Obese
124,43,Male,150,79,35.11,Obese,5.0,37.1,Weight Loss,3,90,Intermediate,1,1,0,0,1,3,77.17,34.3,35.3,1586,3665,158,118,52,39,22,300,1000,4,Obese
124,43,Male,150,79,35.11,Obese,5.0,37.1,Weight Loss,3,90,Intermediate,1,1,0,0,1,4,76.6,34.04,34.8,1553,3581,155,116,51,38,21,300,1000,4,Obese
124,43,Male,150,79,35.11,Obese,5.0,37.1,Weight Loss,3,90,Intermediate,1,1,0,0,1,5,75.97,33.76,34.4,1553,3581,155,116,51,38,21,300,1000,4,Obese
124,43,Male,150,79,35.11,Obese,5.0,37.1,Weight Loss,3,90,Intermediate,1,1,0,0,1,6,75.66,33.63,33.7,1553,3581,155,116,51,38,21,300,1000,4,Obese
124,43,Male,150,79,35.11,Obese,5.0,37.1,Weight Loss,3,90,Intermediate,1,1,0,0,1,7,75.14,33.39,33.1,1553,3581,155,116,51,38,21,300,1000,4,Obese
124,43,Male,150,79,35.11,Obese,5.0,37.1,Weight Loss,3,90,Intermediate,1,1,0,0,1,8,74.39,33.06,32.4,1523,3503,152,114,50,38,21,300,1000,4,Obese
124,43,Male,150,79,35.11,Obese,5.0,37.1,Weight Loss,3,90,Intermediate,1,1,0,0,1,9,73.54,32.69,31.9,1523,3503,152,114,50,38,21,300,1000,4,Obese
124,43,Male,150,79,35.11,Obese,5.0,37.1,Weight Loss,3,90,Intermediate,1,1,0,0,1,10,73.38,32.62,31.5,1523,3503,152,114,50,38,21,300,1000,4,Obese
124,43,Male,150,79,35.11,Obese,5.0,37.1,Weight Loss,3,90,Intermediate,1,1,0,0,1,11,73.38,32.61,31.1,1523,3503,152,114,50,38,21,300,1000,4,Obese
124,43,Male,150,79,35.11,Obese,5.0,37.1,Weight Loss,3,90,Intermediate,1,1,0,0,1,12,72.94,32.42,30.8,1503,3452,150,112,50,37,21,300,1000,4,Obese
125,29,Female,194,111,29.49,Overweight,5.0,36.5,Weight Loss,3,60,Beginner,1,0,0,1,0,0,111.0,29.49,36.5,2272,4485,227,170,75,56,31,300,1000,5,Overweight
125,29,Female,194,111,29.49,Overweight,5.0,36.5,Weight Loss,3,60,Beginner,1,0,0,1,0,1,110.55,29.37,35.7,2272,4485,227,170,75,56,31,300,1000,5,Overweight
125,29,Female,194,111,29.49,Overweight,5.0,36.5,Weight Loss,3,60,Beginner,1,0,0,1,0,2,109.84,29.18,35.2,2272,4485,227,170,75,56,31,300,1000,5,Overweight
125,29,Female,194,111,29.49,Overweight,5.0,36.5,Weight Loss,3,60,Beginner,1,0,0,1,0,3,109.33,29.05,34.6,2272,4485,227,170,75,56,31,300,1000,5,Overweight
125,29,Female,194,111,29.49,Overweight,5.0,36.5,Weight Loss,3,60,Beginner,1,0,0,1,0,4,109.06,28.98,34.1,2245,4416,224,168,74,56,31,300,1000,5,Overweight
125,29,Female,194,111,29.49,Overweight,5.0,36.5,Weight Loss,3,60,Beginner,1,0,0,1,0,5,108.4,28.8,33.7,2245,4416,224,168,74,56,31,300,1000,5,Overweight
125,29,Female,194,111,29.49,Overweight,5.0,36.5,Weight Loss,3,60,Beginner,1,0,0,1,0,6,107.44,28.55,33.1,2245,4416,224,168,74,56,31,300,1000,5,Overweight
125,29,Female,194,111,29.49,Overweight,5.0,36.5,Weight Loss,3,60,Beginner,1,0,0,1,0,7,106.54,28.31,32.5,2245,4416,224,168,74,56,31,300,1000,5,Overweight
125,29,Female,194,111,29.49,Overweight,5.0,36.5,Weight Loss,3,60,Beginner,1,0,0,1,0,8,106.09,28.19,31.8,2205,4313,220,165,73,55,30,300,1000,5,Overweight
125,29,Female,194,111,29.49,Overweight,5.0,36.5,Weight Loss,3,60,Beginner,1,0,0,1,0,9,105.5,28.03,31.1,2205,4313,220,165,73,55,30,300,1000,5,Overweight
125,29,Female,194,111,29.49,Overweight,5.0,36.5,Weight Loss,3,60,Beginner,1,0,0,1,0,10,104.26,27.7,30.7,2205,4313,220,165,73,55,30,300,1000,5,Overweight
125,29,Female,194,111,29.49,Overweight,5.0,36.5,Weight Loss,3,60,Beginner,1,0,0,1,0,11,103.09,27.39,29.9,2205,4313,220,165,73,55,30,300,1000,5,Overweight
125,29,Female,194,111,29.49,Overweight,5.0,36.5,Weight Loss,3,60,Beginner,1,0,0,1,0,12,102.46,27.22,29.2,2155,4186,215,161,71,53,30,300,1000,4,Overweight
126,19,Male,162,78,29.72,Overweight,4.0,24.1,Weight Loss,4,60,Intermediate,1,1,1,0,1,0,78.0,29.72,24.1,2138,3330,213,160,71,53,29,300,1000,4,Overweight
126,19,Male,162,78,29.72,Overweight,4.0,24.1,Weight Loss,4,60,Intermediate,1,1,1,0,1,1,77.42,29.5,23.8,2138,3330,213,160,71,53,29,300,1000,4,Overweight
126,19,Male,162,78,29.72,Overweight,4.0,24.1,Weight Loss,4,60,Intermediate,1,1,1,0,1,2,77.06,29.36,23.0,2138,3330,213,160,71,53,29,300,1000,4,Overweight
126,19,Male,162,78,29.72,Overweight,4.0,24.1,Weight Loss,4,60,Intermediate,1,1,1,0,1,3,76.99,29.34,22.5,2138,3330,213,160,71,53,29,300,1000,4,Overweight
126,19,Male,162,78,29.72,Overweight,4.0,24.1,Weight Loss,4,60,Intermediate,1,1,1,0,1,4,76.12,29.0,22.0,2109,3264,210,158,70,52,29,300,1000,4,Overweight
126,19,Male,162,78,29.72,Overweight,4.0,24.1,Weight Loss,4,60,Intermediate,1,1,1,0,1,5,75.36,28.72,21.7,2109,3264,210,158,70,52,29,300,1000,4,Overweight
126,19,Male,162,78,29.72,Overweight,4.0,24.1,Weight Loss,4,60,Intermediate,1,1,1,0,1,6,74.78,28.49,21.4,2109,3264,210,158,70,52,29,300,1000,4,Overweight
126,19,Male,162,78,29.72,Overweight,4.0,24.1,Weight Loss,4,60,Intermediate,1,1,1,0,1,7,74.04,28.21,20.8,2109,3264,210,158,70,52,29,300,1000,4,Overweight
126,19,Male,162,78,29.72,Overweight,4.0,24.1,Weight Loss,4,60,Intermediate,1,1,1,0,1,8,72.97,27.8,20.5,2060,3153,206,154,68,51,28,300,1000,4,Overweight
126,19,Male,162,78,29.72,Overweight,4.0,24.1,Weight Loss,4,60,Intermediate,1,1,1,0,1,9,71.99,27.43,20.1,2060,3153,206,154,68,51,28,300,1000,4,Overweight
126,19,Male,162,78,29.72,Overweight,4.0,24.1,Weight Loss,4,60,Intermediate,1,1,1,0,1,10,71.4,27.21,19.7,2060,3153,206,154,68,51,28,300,1000,4,Overweight
126,19,Male,162,78,29.72,Overweight,4.0,24.1,Weight Loss,4,60,Intermediate,1,1,1,0,1,11,70.32,26.8,19.1,2060,3153,206,154,68,51,28,300,1000,4,Overweight
126,19,Male,162,78,29.72,Overweight,4.0,24.1,Weight Loss,4,60,Intermediate,1,1,1,0,1,12,69.68,26.55,18.5,2009,3038,200,150,66,50,28,300,1000,4,Overweight
127,22,Female,153,53,22.64,Normal,4.0,25.1,Maintain,3,30,Intermediate,1,0,0,1,0,0,53.0,22.64,25.1,1670,2155,125,167,55,41,23,300,1000,4,Normal
127,22,Female,153,53,22.64,Normal,4.0,25.1,Maintain,3,30,Intermediate,1,0,0,1,0,1,52.55,22.45,25.2,1670,2155,125,167,55,41,23,300,1000,4,Normal
127,22,Female,153,53,22.64,Normal,4.0,25.1,Maintain,3,30,Intermediate,1,0,0,1,0,2,52.49,22.42,25.1,1670,2155,125,167,55,41,23,300,1000,4,Normal
127,22,Female,153,53,22.64,Normal,4.0,25.1,Maintain,3,30,Intermediate,1,0,0,1,0,3,52.8,22.56,25.2,1670,2155,125,167,55,41,23,300,1000,4,Normal
127,22,Female,153,53,22.64,Normal,4.0,25.1,Maintain,3,30,Intermediate,1,0,0,1,0,4,52.79,22.55,25.1,1668,2147,125,166,55,41,23,300,1000,4,Normal
127,22,Female,153,53,22.64,Normal,4.0,25.1,Maintain,3,30,Intermediate,1,0,0,1,0,5,52.93,22.61,25.0,1668,2147,125,166,55,41,23,300,1000,4,Normal
127,22,Female,153,53,22.64,Normal,4.0,25.1,Maintain,3,30,Intermediate,1,0,0,1,0,6,52.67,22.5,25.1,1668,2147,125,166,55,41,23,300,1000,4,Normal
127,22,Female,153,53,22.64,Normal,4.0,25.1,Maintain,3,30,Intermediate,1,0,0,1,0,7,52.21,22.3,24.9,1668,2147,125,166,55,41,23,300,1000,4,Normal
127,22,Female,153,53,22.64,Normal,4.0,25.1,Maintain,3,30,Intermediate,1,0,0,1,0,8,51.71,22.09,24.8,1653,2109,123,165,55,41,23,300,1000,4,Normal
127,22,Female,153,53,22.64,Normal,4.0,25.1,Maintain,3,30,Intermediate,1,0,0,1,0,9,51.28,21.91,25.0,1653,2109,123,165,55,41,23,300,1000,4,Normal
127,22,Female,153,53,22.64,Normal,4.0,25.1,Maintain,3,30,Intermediate,1,0,0,1,0,10,51.07,21.82,24.9,1653,2109,123,165,55,41,23,300,1000,4,Normal
127,22,Female,153,53,22.64,Normal,4.0,25.1,Maintain,3,30,Intermediate,1,0,0,1,0,11,50.81,21.71,25.0,1653,2109,123,165,55,41,23,300,1000,4,Normal
127,22,Female,153,53,22.64,Normal,4.0,25.1,Maintain,3,30,Intermediate,1,0,0,1,0,12,50.83,21.71,25.0,1641,2079,123,164,54,41,22,300,1000,4,Normal
128,24,Female,150,71,31.56,Obese,5.0,38.2,Weight Loss,3,60,Intermediate,1,0,0,0,1,0,71.0,31.56,38.2,1378,3085,137,103,45,34,19,300,1000,3,Obese
128,24,Female,150,71,31.56,Obese,5.0,38.2,Weight Loss,3,60,Intermediate,1,0,0,0,1,1,70.23,31.21,37.6,1378,3085,137,103,45,34,19,300,1000,3,Obese
128,24,Female,150,71,31.56,Obese,5.0,38.2,Weight Loss,3,60,Intermediate,1,0,0,0,1,2,69.68,30.97,36.9,1378,3085,137,103,45,34,19,300,1000,3,Obese
128,24,Female,150,71,31.56,Obese,5.0,38.2,Weight Loss,3,60,Intermediate,1,0,0,0,1,3,68.89,30.62,36.4,1378,3085,137,103,45,34,19,300,1000,3,Obese
128,24,Female,150,71,31.56,Obese,5.0,38.2,Weight Loss,3,60,Intermediate,1,0,0,0,1,4,68.21,30.32,35.8,1340,2987,134,100,44,33,18,300,1000,3,Obese
128,24,Female,150,71,31.56,Obese,5.0,38.2,Weight Loss,3,60,Intermediate,1,0,0,0,1,5,67.43,29.97,35.4,1340,2987,134,100,44,33,18,300,1000,3,Overweight
128,24,Female,150,71,31.56,Obese,5.0,38.2,Weight Loss,3,60,Intermediate,1,0,0,0,1,6,66.63,29.61,34.6,1340,2987,134,100,44,33,18,300,1000,3,Overweight
128,24,Female,150,71,31.56,Obese,5.0,38.2,Weight Loss,3,60,Intermediate,1,0,0,0,1,7,65.86,29.27,33.9,1340,2987,134,100,44,33,18,300,1000,3,Overweight
128,24,Female,150,71,31.56,Obese,5.0,38.2,Weight Loss,3,60,Intermediate,1,0,0,0,1,8,64.79,28.8,33.3,1293,2867,129,96,43,32,18,300,1000,3,Overweight
128,24,Female,150,71,31.56,Obese,5.0,38.2,Weight Loss,3,60,Intermediate,1,0,0,0,1,9,64.35,28.6,32.8,1293,2867,129,96,43,32,18,300,1000,3,Overweight
128,24,Female,150,71,31.56,Obese,5.0,38.2,Weight Loss,3,60,Intermediate,1,0,0,0,1,10,63.72,28.32,32.4,1293,2867,129,96,43,32,18,300,1000,3,Overweight
128,24,Female,150,71,31.56,Obese,5.0,38.2,Weight Loss,3,60,Intermediate,1,0,0,0,1,11,62.82,27.92,31.6,1293,2867,129,96,43,32,18,300,1000,3,Overweight
128,24,Female,150,71,31.56,Obese,5.0,38.2,Weight Loss,3,60,Intermediate,1,0,0,0,1,12,62.07,27.59,31.1,1256,2772,125,94,41,31,17,300,1000,3,Overweight
129,43,Male,198,90,22.96,Normal,3.0,20.7,Muscle Gain,3,30,Intermediate,0,1,0,0,1,0,90.0,22.96,20.7,2950,3450,221,368,65,73,41,300,1000,5,Normal
129,43,Male,198,90,22.96,Normal,3.0,20.7,Muscle Gain,3,30,Intermediate,0,1,0,0,1,1,90.08,22.98,20.6,2950,3450,221,368,65,73,41,300,1000,5,Normal
129,43,Male,198,90,22.96,Normal,3.0,20.7,Muscle Gain,3,30,Intermediate,0,1,0,0,1,2,90.19,23.0,20.5,2950,3450,221,368,65,73,41,300,1000,5,Normal
129,43,Male,198,90,22.96,Normal,3.0,20.7,Muscle Gain,3,30,Intermediate,0,1,0,0,1,3,90.41,23.06,20.3,2950,3450,221,368,65,73,41,300,1000,5,Normal
129,43,Male,198,90,22.96,Normal,3.0,20.7,Muscle Gain,3,30,Intermediate,0,1,0,0,1,4,90.62,23.11,20.3,2958,3471,221,369,65,73,41,300,1000,5,Normal
129,43,Male,198,90,22.96,Normal,3.0,20.7,Muscle Gain,3,30,Intermediate,0,1,0,0,1,5,90.73,23.14,20.3,2958,3471,221,369,65,73,41,300,1000,5,Normal
129,43,Male,198,90,22.96,Normal,3.0,20.7,Muscle Gain,3,30,Intermediate,0,1,0,0,1,6,90.83,23.17,20.1,2958,3471,221,369,65,73,41,300,1000,5,Normal
129,43,Male,198,90,22.96,Normal,3.0,20.7,Muscle Gain,3,30,Intermediate,0,1,0,0,1,7,91.01,23.21,19.9,2958,3471,221,369,65,73,41,300,1000,5,Normal
129,43,Male,198,90,22.96,Normal,3.0,20.7,Muscle Gain,3,30,Intermediate,0,1,0,0,1,8,91.27,23.28,19.9,2967,3494,222,370,65,74,41,300,1000,5,Normal
129,43,Male,198,90,22.96,Normal,3.0,20.7,Muscle Gain,3,30,Intermediate,0,1,0,0,1,9,91.58,23.36,19.6,2967,3494,222,370,65,74,41,300,1000,5,Normal
129,43,Male,198,90,22.96,Normal,3.0,20.7,Muscle Gain,3,30,Intermediate,0,1,0,0,1,10,91.75,23.4,19.7,2967,3494,222,370,65,74,41,300,1000,5,Normal
129,43,Male,198,90,22.96,Normal,3.0,20.7,Muscle Gain,3,30,Intermediate,0,1,0,0,1,11,91.99,23.46,19.6,2967,3494,222,370,65,74,41,300,1000,5,Normal
129,43,Male,198,90,22.96,Normal,3.0,20.7,Muscle Gain,3,30,Intermediate,0,1,0,0,1,12,92.11,23.49,19.4,2979,3523,223,372,66,74,41,300,1000,5,Normal
130,25,Male,189,77,21.56,Normal,2.0,15.2,Maintain,3,60,Advanced,1,1,0,0,0,0,77.0,21.56,15.2,2517,3295,188,251,83,62,35,300,1000,5,Normal
130,25,Male,189,77,21.56,Normal,2.0,15.2,Maintain,3,60,Advanced,1,1,0,0,0,1,77.26,21.63,15.0,2517,3295,188,251,83,62,35,300,1000,5,Normal
130,25,Male,189,77,21.56,Normal,2.0,15.2,Maintain,3,60,Advanced,1,1,0,0,0,2,77.58,21.72,14.8,2517,3295,188,251,83,62,35,300,1000,5,Normal
130,25,Male,189,77,21.56,Normal,2.0,15.2,Maintain,3,60,Advanced,1,1,0,0,0,3,77.73,21.76,14.8,2517,3295,188,251,83,62,35,300,1000,5,Normal
130,25,Male,189,77,21.56,Normal,2.0,15.2,Maintain,3,60,Advanced,1,1,0,0,0,4,77.84,21.79,14.8,2529,3324,189,252,84,63,35,300,1000,5,Normal
130,25,Male,189,77,21.56,Normal,2.0,15.2,Maintain,3,60,Advanced,1,1,0,0,0,5,77.69,21.75,14.7,2529,3324,189,252,84,63,35,300,1000,5,Normal
130,25,Male,189,77,21.56,Normal,2.0,15.2,Maintain,3,60,Advanced,1,1,0,0,0,6,77.26,21.63,14.7,2529,3324,189,252,84,63,35,300,1000,5,Normal
130,25,Male,189,77,21.56,Normal,2.0,15.2,Maintain,3,60,Advanced,1,1,0,0,0,7,77.28,21.63,14.8,2529,3324,189,252,84,63,35,300,1000,5,Normal
130,25,Male,189,77,21.56,Normal,2.0,15.2,Maintain,3,60,Advanced,1,1,0,0,0,8,77.29,21.64,14.8,2521,3305,189,252,84,63,35,300,1000,5,Normal
130,25,Male,189,77,21.56,Normal,2.0,15.2,Maintain,3,60,Advanced,1,1,0,0,0,9,77.18,21.61,14.6,2521,3305,189,252,84,63,35,300,1000,5,Normal
130,25,Male,189,77,21.56,Normal,2.0,15.2,Maintain,3,60,Advanced,1,1,0,0,0,10,77.02,21.56,14.8,2521,3305,189,252,84,63,35,300,1000,5,Normal
130,25,Male,189,77,21.56,Normal,2.0,15.2,Maintain,3,60,Advanced,1,1,0,0,0,11,77.39,21.67,14.7,2521,3305,189,252,84,63,35,300,1000,5,Normal
130,25,Male,189,77,21.56,Normal,2.0,15.2,Maintain,3,60,Advanced,1,1,0,0,0,12,77.48,21.69,14.9,2524,3311,189,252,84,63,35,300,1000,5,Normal
131,49,Female,181,62,18.92,Normal,4.0,24.9,Muscle Gain,3,60,Intermediate,1,1,0,0,1,0,62.0,18.92,24.9,2149,2770,161,268,47,53,30,300,1000,4,Normal
131,49,Female,181,62,18.92,Normal,4.0,24.9,Muscle Gain,3,60,Intermediate,1,1,0,0,1,1,62.01,18.93,24.6,2149,2770,161,268,47,53,30,300,1000,4,Normal
131,49,Female,181,62,18.92,Normal,4.0,24.9,Muscle Gain,3,60,Intermediate,1,1,0,0,1,2,62.22,18.99,24.6,2149,2770,161,268,47,53,30,300,1000,4,Normal
131,49,Female,181,62,18.92,Normal,4.0,24.9,Muscle Gain,3,60,Intermediate,1,1,0,0,1,3,62.24,19.0,24.6,2149,2770,161,268,47,53,30,300,1000,4,Normal
131,49,Female,181,62,18.92,Normal,4.0,24.9,Muscle Gain,3,60,Intermediate,1,1,0,0,1,4,62.41,19.05,24.6,2155,2784,161,269,47,53,30,300,1000,4,Normal
131,49,Female,181,62,18.92,Normal,4.0,24.9,Muscle Gain,3,60,Intermediate,1,1,0,0,1,5,62.55,19.09,24.6,2155,2784,161,269,47,53,30,300,1000,4,Normal
131,49,Female,181,62,18.92,Normal,4.0,24.9,Muscle Gain,3,60,Intermediate,1,1,0,0,1,6,62.69,19.14,24.4,2155,2784,161,269,47,53,30,300,1000,4,Normal
131,49,Female,181,62,18.92,Normal,4.0,24.9,Muscle Gain,3,60,Intermediate,1,1,0,0,1,7,62.71,19.14,24.1,2155,2784,161,269,47,53,30,300,1000,4,Normal
131,49,Female,181,62,18.92,Normal,4.0,24.9,Muscle Gain,3,60,Intermediate,1,1,0,0,1,8,62.79,19.17,24.0,2160,2797,162,270,48,54,30,300,1000,4,Normal
131,49,Female,181,62,18.92,Normal,4.0,24.9,Muscle Gain,3,60,Intermediate,1,1,0,0,1,9,62.86,19.19,23.8,2160,2797,162,270,48,54,30,300,1000,4,Normal
131,49,Female,181,62,18.92,Normal,4.0,24.9,Muscle Gain,3,60,Intermediate,1,1,0,0,1,10,62.97,19.22,23.6,2160,2797,162,270,48,54,30,300,1000,4,Normal
131,49,Female,181,62,18.92,Normal,4.0,24.9,Muscle Gain,3,60,Intermediate,1,1,0,0,1,11,63.16,19.28,23.6,2160,2797,162,270,48,54,30,300,1000,4,Normal
131,49,Female,181,62,18.92,Normal,4.0,24.9,Muscle Gain,3,60,Intermediate,1,1,0,0,1,12,63.2,19.29,23.6,2166,2812,162,270,48,54,30,300,1000,4,Normal
132,40,Male,183,102,30.46,Obese,4.0,26.9,Maintain,2,60,Beginner,1,1,0,0,1,0,102.0,30.46,26.9,2707,4170,203,270,90,67,37,300,1000,5,Obese
132,40,Male,183,102,30.46,Obese,4.0,26.9,Maintain,2,60,Beginner,1,1,0,0,1,1,101.71,30.37,26.9,2707,4170,203,270,90,67,37,300,1000,5,Obese
132,40,Male,183,102,30.46,Obese,4.0,26.9,Maintain,2,60,Beginner,1,1,0,0,1,2,101.27,30.24,27.0,2707,4170,203,270,90,67,37,300,1000,5,Obese
132,40,Male,183,102,30.46,Obese,4.0,26.9,Maintain,2,60,Beginner,1,1,0,0,1,3,100.9,30.13,27.2,2707,4170,203,270,90,67,37,300,1000,5,Obese
132,40,Male,183,102,30.46,Obese,4.0,26.9,Maintain,2,60,Beginner,1,1,0,0,1,4,101.26,30.24,27.2,2696,4144,202,269,89,67,37,300,1000,5,Obese
132,40,Male,183,102,30.46,Obese,4.0,26.9,Maintain,2,60,Beginner,1,1,0,0,1,5,101.51,30.31,27.2,2696,4144,202,269,89,67,37,300,1000,5,Obese
132,40,Male,183,102,30.46,Obese,4.0,26.9,Maintain,2,60,Beginner,1,1,0,0,1,6,101.81,30.4,27.2,2696,4144,202,269,89,67,37,300,1000,5,Obese
132,40,Male,183,102,30.46,Obese,4.0,26.9,Maintain,2,60,Beginner,1,1,0,0,1,7,102.09,30.49,27.2,2696,4144,202,269,89,67,37,300,1000,5,Obese
132,40,Male,183,102,30.46,Obese,4.0,26.9,Maintain,2,60,Beginner,1,1,0,0,1,8,102.54,30.62,27.2,2714,4188,203,271,90,67,37,300,1000,5,Obese
132,40,Male,183,102,30.46,Obese,4.0,26.9,Maintain,2,60,Beginner,1,1,0,0,1,9,102.5,30.61,27.3,2714,4188,203,271,90,67,37,300,1000,5,Obese
132,40,Male,183,102,30.46,Obese,4.0,26.9,Maintain,2,60,Beginner,1,1,0,0,1,10,102.82,30.7,27.3,2714,4188,203,271,90,67,37,300,1000,5,Obese
132,40,Male,183,102,30.46,Obese,4.0,26.9,Maintain,2,60,Beginner,1,1,0,0,1,11,102.5,30.61,27.3,2714,4188,203,271,90,67,37,300,1000,5,Obese
132,40,Male,183,102,30.46,Obese,4.0,26.9,Maintain,2,60,Beginner,1,1,0,0,1,12,102.97,30.75,27.4,2720,4203,204,272,90,68,38,300,1000,5,Obese
133,31,Male,177,54,17.24,Underweight,1.0,7.1,Muscle Gain,4,30,Intermediate,1,0,0,1,1,0,54.0,17.24,7.1,2619,2190,196,327,58,65,36,300,1000,5,Underweight
133,31,Male,177,54,17.24,Underweight,1.0,7.1,Muscle Gain,4,30,Intermediate,1,0,0,1,1,1,54.03,17.25,7.0,2619,2190,196,327,58,65,36,300,1000,5,Underweight
133,31,Male,177,54,17.24,Underweight,1.0,7.1,Muscle Gain,4,30,Intermediate,1,0,0,1,1,2,54.2,17.3,6.7,2619,2190,196,327,58,65,36,300,1000,5,Underweight
133,31,Male,177,54,17.24,Underweight,1.0,7.1,Muscle Gain,4,30,Intermediate,1,0,0,1,1,3,54.34,17.34,6.5,2619,2190,196,327,58,65,36,300,1000,5,Underweight
133,31,Male,177,54,17.24,Underweight,1.0,7.1,Muscle Gain,4,30,Intermediate,1,0,0,1,1,4,54.38,17.36,6.4,2625,2203,196,328,58,65,36,300,1000,5,Underweight
133,31,Male,177,54,17.24,Underweight,1.0,7.1,Muscle Gain,4,30,Intermediate,1,0,0,1,1,5,54.38,17.36,6.4,2625,2203,196,328,58,65,36,300,1000,5,Underweight
133,31,Male,177,54,17.24,Underweight,1.0,7.1,Muscle Gain,4,30,Intermediate,1,0,0,1,1,6,54.41,17.37,6.3,2625,2203,196,328,58,65,36,300,1000,5,Underweight
133,31,Male,177,54,17.24,Underweight,1.0,7.1,Muscle Gain,4,30,Intermediate,1,0,0,1,1,7,54.56,17.42,6.2,2625,2203,196,328,58,65,36,300,1000,5,Underweight
133,31,Male,177,54,17.24,Underweight,1.0,7.1,Muscle Gain,4,30,Intermediate,1,0,0,1,1,8,54.71,17.46,5.9,2630,2214,197,328,58,65,36,300,1000,5,Underweight
133,31,Male,177,54,17.24,Underweight,1.0,7.1,Muscle Gain,4,30,Intermediate,1,0,0,1,1,9,54.77,17.48,5.8,2630,2214,197,328,58,65,36,300,1000,5,Underweight
133,31,Male,177,54,17.24,Underweight,1.0,7.1,Muscle Gain,4,30,Intermediate,1,0,0,1,1,10,54.9,17.52,5.6,2630,2214,197,328,58,65,36,300,1000,5,Underweight
133,31,Male,177,54,17.24,Underweight,1.0,7.1,Muscle Gain,4,30,Intermediate,1,0,0,1,1,11,54.93,17.53,5.6,2630,2214,197,328,58,65,36,300,1000,5,Underweight
133,31,Male,177,54,17.24,Underweight,1.0,7.1,Muscle Gain,4,30,Intermediate,1,0,0,1,1,12,55.03,17.56,5.3,2635,2225,197,329,58,65,36,300,1000,5,Underweight
134,48,Male,180,64,19.75,Normal,2.0,12.8,Muscle Gain,4,30,Intermediate,1,1,0,0,1,0,64.0,19.75,12.8,2671,2540,200,333,59,66,37,300,1000,5,Normal
134,48,Male,180,64,19.75,Normal,2.0,12.8,Muscle Gain,4,30,Intermediate,1,1,0,0,1,1,64.2,19.82,12.6,2671,2540,200,333,59,66,37,300,1000,5,Normal
134,48,Male,180,64,19.75,Normal,2.0,12.8,Muscle Gain,4,30,Intermediate,1,1,0,0,1,2,64.42,19.88,12.4,2671,2540,200,333,59,66,37,300,1000,5,Normal
134,48,Male,180,64,19.75,Normal,2.0,12.8,Muscle Gain,4,30,Intermediate,1,1,0,0,1,3,64.46,19.9,12.4,2671,2540,200,333,59,66,37,300,1000,5,Normal
134,48,Male,180,64,19.75,Normal,2.0,12.8,Muscle Gain,4,30,Intermediate,1,1,0,0,1,4,64.64,19.95,12.4,2681,2562,201,335,59,67,37,300,1000,5,Normal
134,48,Male,180,64,19.75,Normal,2.0,12.8,Muscle Gain,4,30,Intermediate,1,1,0,0,1,5,64.82,20.01,12.3,2681,2562,201,335,59,67,37,300,1000,5,Normal
134,48,Male,180,64,19.75,Normal,2.0,12.8,Muscle Gain,4,30,Intermediate,1,1,0,0,1,6,65.01,20.06,12.4,2681,2562,201,335,59,67,37,300,1000,5,Normal
134,48,Male,180,64,19.75,Normal,2.0,12.8,Muscle Gain,4,30,Intermediate,1,1,0,0,1,7,65.22,20.13,12.3,2681,2562,201,335,59,67,37,300,1000,5,Normal
134,48,Male,180,64,19.75,Normal,2.0,12.8,Muscle Gain,4,30,Intermediate,1,1,0,0,1,8,65.33,20.16,12.1,2692,2586,201,336,59,67,37,300,1000,5,Normal
134,48,Male,180,64,19.75,Normal,2.0,12.8,Muscle Gain,4,30,Intermediate,1,1,0,0,1,9,65.36,20.17,12.0,2692,2586,201,336,59,67,37,300,1000,5,Normal
134,48,Male,180,64,19.75,Normal,2.0,12.8,Muscle Gain,4,30,Intermediate,1,1,0,0,1,10,65.46,20.2,12.1,2692,2586,201,336,59,67,37,300,1000,5,Normal
134,48,Male,180,64,19.75,Normal,2.0,12.8,Muscle Gain,4,30,Intermediate,1,1,0,0,1,11,65.56,20.23,11.9,2692,2586,201,336,59,67,37,300,1000,5,Normal
134,48,Male,180,64,19.75,Normal,2.0,12.8,Muscle Gain,4,30,Intermediate,1,1,0,0,1,12,65.69,20.28,11.8,2697,2599,202,337,59,67,37,300,1000,5,Normal
135,48,Female,157,56,22.72,Normal,5.0,33.1,Maintain,4,60,Intermediate,0,0,1,0,1,0,56.0,22.72,33.1,1767,2560,132,176,58,44,24,300,1000,4,Normal
135,48,Female,157,56,22.72,Normal,5.0,33.1,Maintain,4,60,Intermediate,0,0,1,0,1,1,56.26,22.82,33.0,1767,2560,132,176,58,44,24,300,1000,4,Normal
135,48,Female,157,56,22.72,Normal,5.0,33.1,Maintain,4,60,Intermediate,0,0,1,0,1,2,56.33,22.85,32.9,1767,2560,132,176,58,44,24,300,1000,4,Normal
135,48,Female,157,56,22.72,Normal,5.0,33.1,Maintain,4,60,Intermediate,0,0,1,0,1,3,56.06,22.74,32.7,1767,2560,132,176,58,44,24,300,1000,4,Normal
135,48,Female,157,56,22.72,Normal,5.0,33.1,Maintain,4,60,Intermediate,0,0,1,0,1,4,55.69,22.59,32.6,1762,2549,132,176,58,44,24,300,1000,4,Normal
135,48,Female,157,56,22.72,Normal,5.0,33.1,Maintain,4,60,Intermediate,0,0,1,0,1,5,55.31,22.44,32.8,1762,2549,132,176,58,44,24,300,1000,4,Normal
135,48,Female,157,56,22.72,Normal,5.0,33.1,Maintain,4,60,Intermediate,0,0,1,0,1,6,55.12,22.36,32.6,1762,2549,132,176,58,44,24,300,1000,4,Normal
135,48,Female,157,56,22.72,Normal,5.0,33.1,Maintain,4,60,Intermediate,0,0,1,0,1,7,54.82,22.24,32.7,1762,2549,132,176,58,44,24,300,1000,4,Normal
135,48,Female,157,56,22.72,Normal,5.0,33.1,Maintain,4,60,Intermediate,0,0,1,0,1,8,54.38,22.06,32.8,1742,2503,130,174,58,43,24,300,1000,4,Normal
135,48,Female,157,56,22.72,Normal,5.0,33.1,Maintain,4,60,Intermediate,0,0,1,0,1,9,54.84,22.25,32.7,1742,2503,130,174,58,43,24,300,1000,4,Normal
135,48,Female,157,56,22.72,Normal,5.0,33.1,Maintain,4,60,Intermediate,0,0,1,0,1,10,54.79,22.23,32.5,1742,2503,130,174,58,43,24,300,1000,4,Normal
135,48,Female,157,56,22.72,Normal,5.0,33.1,Maintain,4,60,Intermediate,0,0,1,0,1,11,54.93,22.29,32.5,1742,2503,130,174,58,43,24,300,1000,4,Normal
135,48,Female,157,56,22.72,Normal,5.0,33.1,Maintain,4,60,Intermediate,0,0,1,0,1,12,54.7,22.19,32.4,1747,2514,131,174,58,43,24,300,1000,4,Normal
136,40,Female,188,105,29.71,Overweight,5.0,35.7,Weight Loss,3,30,Intermediate,1,1,0,0,1,0,105.0,29.71,35.7,2063,3975,206,154,68,51,28,300,1000,4,Overweight
136,40,Female,188,105,29.71,Overweight,5.0,35.7,Weight Loss,3,30,Intermediate,1,1,0,0,1,1,104.05,29.44,35.0,2063,3975,206,154,68,51,28,300,1000,4,Overweight
136,40,Female,188,105,29.71,Overweight,5.0,35.7,Weight Loss,3,30,Intermediate,1,1,0,0,1,2,103.23,29.21,34.6,2063,3975,206,154,68,51,28,300,1000,4,Overweight
136,40,Female,188,105,29.71,Overweight,5.0,35.7,Weight Loss,3,30,Intermediate,1,1,0,0,1,3,102.94,29.13,34.2,2063,3975,206,154,68,51,28,300,1000,4,Overweight
136,40,Female,188,105,29.71,Overweight,5.0,35.7,Weight Loss,3,30,Intermediate,1,1,0,0,1,4,102.56,29.02,33.6,2029,3889,202,152,67,50,28,300,1000,4,Overweight
136,40,Female,188,105,29.71,Overweight,5.0,35.7,Weight Loss,3,30,Intermediate,1,1,0,0,1,5,101.21,28.64,33.1,2029,3889,202,152,67,50,28,300,1000,4,Overweight
136,40,Female,188,105,29.71,Overweight,5.0,35.7,Weight Loss,3,30,Intermediate,1,1,0,0,1,6,100.97,28.57,32.5,2029,3889,202,152,67,50,28,300,1000,4,Overweight
136,40,Female,188,105,29.71,Overweight,5.0,35.7,Weight Loss,3,30,Intermediate,1,1,0,0,1,7,100.38,28.4,31.8,2029,3889,202,152,67,50,28,300,1000,4,Overweight
136,40,Female,188,105,29.71,Overweight,5.0,35.7,Weight Loss,3,30,Intermediate,1,1,0,0,1,8,99.97,28.28,31.1,1993,3798,199,149,66,49,27,300,1000,4,Overweight
136,40,Female,188,105,29.71,Overweight,5.0,35.7,Weight Loss,3,30,Intermediate,1,1,0,0,1,9,99.27,28.09,30.5,1993,3798,199,149,66,49,27,300,1000,4,Overweight
136,40,Female,188,105,29.71,Overweight,5.0,35.7,Weight Loss,3,30,Intermediate,1,1,0,0,1,10,98.49,27.86,29.8,1993,3798,199,149,66,49,27,300,1000,4,Overweight
136,40,Female,188,105,29.71,Overweight,5.0,35.7,Weight Loss,3,30,Intermediate,1,1,0,0,1,11,97.45,27.57,29.4,1993,3798,199,149,66,49,27,300,1000,4,Overweight
136,40,Female,188,105,29.71,Overweight,5.0,35.7,Weight Loss,3,30,Intermediate,1,1,0,0,1,12,96.2,27.22,29.0,1941,3666,194,145,64,48,27,300,1000,4,Overweight
137,28,Male,175,117,38.2,Obese,5.0,35.9,Weight Loss,3,30,Intermediate,1,1,1,0,0,0,117.0,38.2,35.9,2427,4395,242,182,80,60,33,300,1000,5,Obese
137,28,Male,175,117,38.2,Obese,5.0,35.9,Weight Loss,3,30,Intermediate,1,1,1,0,0,1,116.49,38.04,35.1,2427,4395,242,182,80,60,33,300,1000,5,Obese
137,28,Male,175,117,38.2,Obese,5.0,35.9,Weight Loss,3,30,Intermediate,1,1,1,0,0,2,116.19,37.94,34.8,2427,4395,242,182,80,60,33,300,1000,5,Obese
137,28,Male,175,117,38.2,Obese,5.0,35.9,Weight Loss,3,30,Intermediate,1,1,1,0,0,3,115.46,37.7,34.0,2427,4395,242,182,80,60,33,300,1000,5,Obese
137,28,Male,175,117,38.2,Obese,5.0,35.9,Weight Loss,3,30,Intermediate,1,1,1,0,0,4,114.31,37.33,33.3,2390,4300,239,179,79,59,33,300,1000,5,Obese
137,28,Male,175,117,38.2,Obese,5.0,35.9,Weight Loss,3,30,Intermediate,1,1,1,0,0,5,112.91,36.87,32.7,2390,4300,239,179,79,59,33,300,1000,5,Obese
137,28,Male,175,117,38.2,Obese,5.0,35.9,Weight Loss,3,30,Intermediate,1,1,1,0,0,6,111.51,36.41,32.4,2390,4300,239,179,79,59,33,300,1000,5,Obese
137,28,Male,175,117,38.2,Obese,5.0,35.9,Weight Loss,3,30,Intermediate,1,1,1,0,0,7,110.45,36.06,31.7,2390,4300,239,179,79,59,33,300,1000,5,Obese
137,28,Male,175,117,38.2,Obese,5.0,35.9,Weight Loss,3,30,Intermediate,1,1,1,0,0,8,109.65,35.8,31.1,2325,4137,232,174,77,58,32,300,1000,5,Obese
137,28,Male,175,117,38.2,Obese,5.0,35.9,Weight Loss,3,30,Intermediate,1,1,1,0,0,9,109.42,35.73,30.3,2325,4137,232,174,77,58,32,300,1000,5,Obese
137,28,Male,175,117,38.2,Obese,5.0,35.9,Weight Loss,3,30,Intermediate,1,1,1,0,0,10,107.97,35.26,29.8,2325,4137,232,174,77,58,32,300,1000,5,Obese
137,28,Male,175,117,38.2,Obese,5.0,35.9,Weight Loss,3,30,Intermediate,1,1,1,0,0,11,106.72,34.85,29.1,2325,4137,232,174,77,58,32,300,1000,5,Obese
137,28,Male,175,117,38.2,Obese,5.0,35.9,Weight Loss,3,30,Intermediate,1,1,1,0,0,12,106.05,34.63,28.7,2276,4011,227,170,75,56,31,300,1000,5,Obese
138,18,Female,183,92,27.47,Overweight,5.0,31.0,Maintain,5,30,Advanced,1,0,1,1,1,0,92.0,27.47,31.0,2809,3520,210,280,93,70,39,300,1000,5,Overweight
138,18,Female,183,92,27.47,Overweight,5.0,31.0,Maintain,5,30,Advanced,1,0,1,1,1,1,91.82,27.42,30.9,2809,3520,210,280,93,70,39,300,1000,5,Overweight
138,18,Female,183,92,27.47,Overweight,5.0,31.0,Maintain,5,30,Advanced,1,0,1,1,1,2,92.28,27.55,31.1,2809,3520,210,280,93,70,39,300,1000,5,Overweight
138,18,Female,183,92,27.47,Overweight,5.0,31.0,Maintain,5,30,Advanced,1,0,1,1,1,3,92.23,27.54,31.2,2809,3520,210,280,93,70,39,300,1000,5,Overweight
138,18,Female,183,92,27.47,Overweight,5.0,31.0,Maintain,5,30,Advanced,1,0,1,1,1,4,92.18,27.53,31.2,2812,3526,210,281,93,70,39,300,1000,5,Overweight
138,18,Female,183,92,27.47,Overweight,5.0,31.0,Maintain,5,30,Advanced,1,0,1,1,1,5,91.84,27.42,31.1,2812,3526,210,281,93,70,39,300,1000,5,Overweight
138,18,Female,183,92,27.47,Overweight,5.0,31.0,Maintain,5,30,Advanced,1,0,1,1,1,6,91.88,27.44,31.0,2812,3526,210,281,93,70,39,300,1000,5,Overweight
138,18,Female,183,92,27.47,Overweight,5.0,31.0,Maintain,5,30,Advanced,1,0,1,1,1,7,91.82,27.42,31.1,2812,3526,210,281,93,70,39,300,1000,5,Overweight
138,18,Female,183,92,27.47,Overweight,5.0,31.0,Maintain,5,30,Advanced,1,0,1,1,1,8,92.0,27.47,31.1,2809,3520,210,280,93,70,39,300,1000,5,Overweight
138,18,Female,183,92,27.47,Overweight,5.0,31.0,Maintain,5,30,Advanced,1,0,1,1,1,9,92.41,27.59,30.9,2809,3520,210,280,93,70,39,300,1000,5,Overweight
138,18,Female,183,92,27.47,Overweight,5.0,31.0,Maintain,5,30,Advanced,1,0,1,1,1,10,92.47,27.61,31.0,2809,3520,210,280,93,70,39,300,1000,5,Overweight
138,18,Female,183,92,27.47,Overweight,5.0,31.0,Maintain,5,30,Advanced,1,0,1,1,1,11,92.51,27.62,31.0,2809,3520,210,280,93,70,39,300,1000,5,Overweight
138,18,Female,183,92,27.47,Overweight,5.0,31.0,Maintain,5,30,Advanced,1,0,1,1,1,12,92.15,27.52,31.1,2812,3525,210,281,93,70,39,300,1000,5,Overweight
139,19,Female,152,90,38.95,Obese,5.0,50.0,Weight Loss,4,90,Advanced,1,0,1,0,1,0,90.0,38.95,50.0,1970,4050,197,147,65,49,27,300,1000,4,Obese
139,19,Female,152,90,38.95,Obese,5.0,50.0,Weight Loss,4,90,Advanced,1,0,1,0,1,1,89.72,38.83,49.5,1970,4050,197,147,65,49,27,300,1000,4,Obese
139,19,Female,152,90,38.95,Obese,5.0,50.0,Weight Loss,4,90,Advanced,1,0,1,0,1,2,89.27,38.64,49.0,1970,4050,197,147,65,49,27,300,1000,4,Obese
139,19,Female,152,90,38.95,Obese,5.0,50.0,Weight Loss,4,90,Advanced,1,0,1,0,1,3,88.66,38.37,48.6,1970,4050,197,147,65,49,27,300,1000,4,Obese
139,19,Female,152,90,38.95,Obese,5.0,50.0,Weight Loss,4,90,Advanced,1,0,1,0,1,4,87.94,38.06,47.9,1938,3977,193,145,64,48,27,300,1000,4,Obese
139,19,Female,152,90,38.95,Obese,5.0,50.0,Weight Loss,4,90,Advanced,1,0,1,0,1,5,86.69,37.52,47.4,1938,3977,193,145,64,48,27,300,1000,4,Obese
139,19,Female,152,90,38.95,Obese,5.0,50.0,Weight Loss,4,90,Advanced,1,0,1,0,1,6,85.98,37.21,46.9,1938,3977,193,145,64,48,27,300,1000,4,Obese
139,19,Female,152,90,38.95,Obese,5.0,50.0,Weight Loss,4,90,Advanced,1,0,1,0,1,7,85.62,37.06,46.5,1938,3977,193,145,64,48,27,300,1000,4,Obese
139,19,Female,152,90,38.95,Obese,5.0,50.0,Weight Loss,4,90,Advanced,1,0,1,0,1,8,84.5,36.58,46.2,1885,3857,188,141,62,47,26,300,1000,4,Obese
139,19,Female,152,90,38.95,Obese,5.0,50.0,Weight Loss,4,90,Advanced,1,0,1,0,1,9,84.19,36.44,45.6,1885,3857,188,141,62,47,26,300,1000,4,Obese
139,19,Female,152,90,38.95,Obese,5.0,50.0,Weight Loss,4,90,Advanced,1,0,1,0,1,10,83.96,36.34,45.3,1885,3857,188,141,62,47,26,300,1000,4,Obese
139,19,Female,152,90,38.95,Obese,5.0,50.0,Weight Loss,4,90,Advanced,1,0,1,0,1,11,83.12,35.98,44.7,1885,3857,188,141,62,47,26,300,1000,4,Obese
139,19,Female,152,90,38.95,Obese,5.0,50.0,Weight Loss,4,90,Advanced,1,0,1,0,1,12,82.33,35.64,44.0,1851,3781,185,138,61,46,25,300,1000,4,Obese
140,33,Female,199,78,19.7,Normal,4.0,26.4,Muscle Gain,3,60,Intermediate,1,0,1,0,0,0,78.0,19.7,26.4,2634,3330,197,329,58,65,36,300,1000,5,Normal
140,33,Female,199,78,19.7,Normal,4.0,26.4,Muscle Gain,3,60,Intermediate,1,0,1,0,0,1,78.09,19.72,26.4,2634,3330,197,329,58,65,36,300,1000,5,Normal
140,33,Female,199,78,19.7,Normal,4.0,26.4,Muscle Gain,3,60,Intermediate,1,0,1,0,0,2,78.18,19.74,26.1,2634,3330,197,329,58,65,36,300,1000,5,Normal
140,33,Female,199,78,19.7,Normal,4.0,26.4,Muscle Gain,3,60,Intermediate,1,0,1,0,0,3,78.35,19.78,26.1,2634,3330,197,329,58,65,36,300,1000,5,Normal
140,33,Female,199,78,19.7,Normal,4.0,26.4,Muscle Gain,3,60,Intermediate,1,0,1,0,0,4,78.46,19.81,26.0,2640,3346,198,330,58,66,36,300,1000,5,Normal
140,33,Female,199,78,19.7,Normal,4.0,26.4,Muscle Gain,3,60,Intermediate,1,0,1,0,0,5,78.7,19.87,25.9,2640,3346,198,330,58,66,36,300,1000,5,Normal
140,33,Female,199,78,19.7,Normal,4.0,26.4,Muscle Gain,3,60,Intermediate,1,0,1,0,0,6,78.93,19.93,25.6,2640,3346,198,330,58,66,36,300,1000,5,Normal
140,33,Female,199,78,19.7,Normal,4.0,26.4,Muscle Gain,3,60,Intermediate,1,0,1,0,0,7,79.15,19.99,25.6,2640,3346,198,330,58,66,36,300,1000,5,Normal
140,33,Female,199,78,19.7,Normal,4.0,26.4,Muscle Gain,3,60,Intermediate,1,0,1,0,0,8,79.3,20.03,25.5,2652,3375,198,331,58,66,37,300,1000,5,Normal
140,33,Female,199,78,19.7,Normal,4.0,26.4,Muscle Gain,3,60,Intermediate,1,0,1,0,0,9,79.48,20.07,25.3,2652,3375,198,331,58,66,37,300,1000,5,Normal
140,33,Female,199,78,19.7,Normal,4.0,26.4,Muscle Gain,3,60,Intermediate,1,0,1,0,0,10,79.72,20.13,25.1,2652,3375,198,331,58,66,37,300,1000,5,Normal
140,33,Female,199,78,19.7,Normal,4.0,26.4,Muscle Gain,3,60,Intermediate,1,0,1,0,0,11,79.85,20.16,25.1,2652,3375,198,331,58,66,37,300,1000,5,Normal
140,33,Female,199,78,19.7,Normal,4.0,26.4,Muscle Gain,3,60,Intermediate,1,0,1,0,0,12,80.0,20.2,25.1,2661,3399,199,332,59,66,37,300,1000,5,Normal
141,18,Female,161,90,34.72,Obese,5.0,43.9,Weight Loss,2,45,Beginner,1,1,1,0,1,0,90.0,34.72,43.9,1775,3600,177,133,59,44,24,300,1000,4,Obese
141,18,Female,161,90,34.72,Obese,5.0,43.9,Weight Loss,2,45,Beginner,1,1,1,0,1,1,89.77,34.63,43.6,1775,3600,177,133,59,44,24,300,1000,4,Obese
141,18,Female,161,90,34.72,Obese,5.0,43.9,Weight Loss,2,45,Beginner,1,1,1,0,1,2,89.01,34.34,43.3,1775,3600,177,133,59,44,24,300,1000,4,Obese
141,18,Female,161,90,34.72,Obese,5.0,43.9,Weight Loss,2,45,Beginner,1,1,1,0,1,3,87.74,33.85,42.5,1775,3600,177,133,59,44,24,300,1000,4,Obese
141,18,Female,161,90,34.72,Obese,5.0,43.9,Weight Loss,2,45,Beginner,1,1,1,0,1,4,87.72,33.84,41.8,1744,3520,174,130,58,43,24,300,1000,4,Obese
141,18,Female,161,90,34.72,Obese,5.0,43.9,Weight Loss,2,45,Beginner,1,1,1,0,1,5,87.41,33.72,41.0,1744,3520,174,130,58,43,24,300,1000,4,Obese
141,18,Female,161,90,34.72,Obese,5.0,43.9,Weight Loss,2,45,Beginner,1,1,1,0,1,6,86.49,33.37,40.6,1744,3520,174,130,58,43,24,300,1000,4,Obese
141,18,Female,161,90,34.72,Obese,5.0,43.9,Weight Loss,2,45,Beginner,1,1,1,0,1,7,86.12,33.22,40.1,1744,3520,174,130,58,43,24,300,1000,4,Obese
141,18,Female,161,90,34.72,Obese,5.0,43.9,Weight Loss,2,45,Beginner,1,1,1,0,1,8,85.13,32.84,39.6,1708,3429,170,128,56,42,23,300,1000,4,Obese
141,18,Female,161,90,34.72,Obese,5.0,43.9,Weight Loss,2,45,Beginner,1,1,1,0,1,9,84.89,32.75,39.2,1708,3429,170,128,56,42,23,300,1000,4,Obese
141,18,Female,161,90,34.72,Obese,5.0,43.9,Weight Loss,2,45,Beginner,1,1,1,0,1,10,84.38,32.55,38.7,1708,3429,170,128,56,42,23,300,1000,4,Obese
141,18,Female,161,90,34.72,Obese,5.0,43.9,Weight Loss,2,45,Beginner,1,1,1,0,1,11,83.53,32.23,38.0,1708,3429,170,128,56,42,23,300,1000,4,Obese
141,18,Female,161,90,34.72,Obese,5.0,43.9,Weight Loss,2,45,Beginner,1,1,1,0,1,12,83.04,32.04,37.4,1680,3356,168,126,56,42,23,300,1000,4,Obese
142,18,Female,150,109,48.44,Obese,5.0,60.0,Weight Loss,3,45,Intermediate,1,1,0,0,0,0,109.0,48.44,60.0,1942,4265,194,145,64,48,27,300,1000,4,Obese
142,18,Female,150,109,48.44,Obese,5.0,60.0,Weight Loss,3,45,Intermediate,1,1,0,0,0,1,107.81,47.91,59.6,1942,4265,194,145,64,48,27,300,1000,4,Obese
142,18,Female,150,109,48.44,Obese,5.0,60.0,Weight Loss,3,45,Intermediate,1,1,0,0,0,2,106.85,47.49,59.0,1942,4265,194,145,64,48,27,300,1000,4,Obese
142,18,Female,150,109,48.44,Obese,5.0,60.0,Weight Loss,3,45,Intermediate,1,1,0,0,0,3,106.28,47.23,58.4,1942,4265,194,145,64,48,27,300,1000,4,Obese
142,18,Female,150,109,48.44,Obese,5.0,60.0,Weight Loss,3,45,Intermediate,1,1,0,0,0,4,105.54,46.91,57.7,1895,4144,189,142,63,47,26,300,1000,4,Obese
142,18,Female,150,109,48.44,Obese,5.0,60.0,Weight Loss,3,45,Intermediate,1,1,0,0,0,5,105.31,46.81,57.1,1895,4144,189,142,63,47,26,300,1000,4,Obese
142,18,Female,150,109,48.44,Obese,5.0,60.0,Weight Loss,3,45,Intermediate,1,1,0,0,0,6,104.11,46.27,56.5,1895,4144,189,142,63,47,26,300,1000,4,Obese
142,18,Female,150,109,48.44,Obese,5.0,60.0,Weight Loss,3,45,Intermediate,1,1,0,0,0,7,103.36,45.94,56.1,1895,4144,189,142,63,47,26,300,1000,4,Obese
142,18,Female,150,109,48.44,Obese,5.0,60.0,Weight Loss,3,45,Intermediate,1,1,0,0,0,8,102.5,45.56,55.7,1853,4037,185,138,61,46,25,300,1000,4,Obese
142,18,Female,150,109,48.44,Obese,5.0,60.0,Weight Loss,3,45,Intermediate,1,1,0,0,0,9,101.14,44.95,55.1,1853,4037,185,138,61,46,25,300,1000,4,Obese
142,18,Female,150,109,48.44,Obese,5.0,60.0,Weight Loss,3,45,Intermediate,1,1,0,0,0,10,100.08,44.48,54.5,1853,4037,185,138,61,46,25,300,1000,4,Obese
142,18,Female,150,109,48.44,Obese,5.0,60.0,Weight Loss,3,45,Intermediate,1,1,0,0,0,11,99.72,44.32,54.0,1853,4037,185,138,61,46,25,300,1000,4,Obese
142,18,Female,150,109,48.44,Obese,5.0,60.0,Weight Loss,3,45,Intermediate,1,1,0,0,0,12,98.66,43.85,53.6,1800,3903,180,135,60,45,25,300,1000,4,Obese
143,44,Male,193,45,12.08,Underweight,1.0,4.6,Muscle Gain,3,45,Intermediate,1,1,0,0,1,0,45.0,12.08,4.6,2281,2025,171,285,50,57,31,300,1000,5,Underweight
143,44,Male,193,45,12.08,Underweight,1.0,4.6,Muscle Gain,3,45,Intermediate,1,1,0,0,1,1,45.09,12.1,5.0,2281,2025,171,285,50,57,31,300,1000,5,Underweight
143,44,Male,193,45,12.08,Underweight,1.0,4.6,Muscle Gain,3,45,Intermediate,1,1,0,0,1,2,45.14,12.12,5.0,2281,2025,171,285,50,57,31,300,1000,5,Underweight
143,44,Male,193,45,12.08,Underweight,1.0,4.6,Muscle Gain,3,45,Intermediate,1,1,0,0,1,3,45.14,12.12,5.0,2281,2025,171,285,50,57,31,300,1000,5,Underweight
143,44,Male,193,45,12.08,Underweight,1.0,4.6,Muscle Gain,3,45,Intermediate,1,1,0,0,1,4,45.19,12.13,5.0,2284,2031,171,285,50,57,31,300,1000,5,Underweight
143,44,Male,193,45,12.08,Underweight,1.0,4.6,Muscle Gain,3,45,Intermediate,1,1,0,0,1,5,45.29,12.16,5.1,2284,2031,171,285,50,57,31,300,1000,5,Underweight
143,44,Male,193,45,12.08,Underweight,1.0,4.6,Muscle Gain,3,45,Intermediate,1,1,0,0,1,6,45.38,12.18,5.0,2284,2031,171,285,50,57,31,300,1000,5,Underweight
143,44,Male,193,45,12.08,Underweight,1.0,4.6,Muscle Gain,3,45,Intermediate,1,1,0,0,1,7,45.55,12.23,5.0,2284,2031,171,285,50,57,31,300,1000,5,Underweight
143,44,Male,193,45,12.08,Underweight,1.0,4.6,Muscle Gain,3,45,Intermediate,1,1,0,0,1,8,45.57,12.23,5.0,2289,2045,171,286,50,57,32,300,1000,5,Underweight
143,44,Male,193,45,12.08,Underweight,1.0,4.6,Muscle Gain,3,45,Intermediate,1,1,0,0,1,9,45.67,12.26,5.0,2289,2045,171,286,50,57,32,300,1000,5,Underweight
143,44,Male,193,45,12.08,Underweight,1.0,4.6,Muscle Gain,3,45,Intermediate,1,1,0,0,1,10,45.83,12.3,5.0,2289,2045,171,286,50,57,32,300,1000,5,Underweight
143,44,Male,193,45,12.08,Underweight,1.0,4.6,Muscle Gain,3,45,Intermediate,1,1,0,0,1,11,45.91,12.33,5.1,2289,2045,171,286,50,57,32,300,1000,5,Underweight
143,44,Male,193,45,12.08,Underweight,1.0,4.6,Muscle Gain,3,45,Intermediate,1,1,0,0,1,12,46.02,12.36,5.0,2295,2060,172,286,51,57,32,300,1000,5,Underweight
144,39,Male,154,106,44.7,Obese,5.0,46.6,Weight Loss,3,60,Intermediate,0,1,1,0,0,0,106.0,44.7,46.6,2019,4310,201,151,67,50,28,300,1000,4,Obese
144,39,Male,154,106,44.7,Obese,5.0,46.6,Weight Loss,3,60,Intermediate,0,1,1,0,0,1,105.0,44.27,46.0,2019,4310,201,151,67,50,28,300,1000,4,Obese
144,39,Male,154,106,44.7,Obese,5.0,46.6,Weight Loss,3,60,Intermediate,0,1,1,0,0,2,103.8,43.77,45.4,2019,4310,201,151,67,50,28,300,1000,4,Obese
144,39,Male,154,106,44.7,Obese,5.0,46.6,Weight Loss,3,60,Intermediate,0,1,1,0,0,3,103.05,43.45,44.8,2019,4310,201,151,67,50,28,300,1000,4,Obese
144,39,Male,154,106,44.7,Obese,5.0,46.6,Weight Loss,3,60,Intermediate,0,1,1,0,0,4,102.28,43.13,44.1,1968,4179,196,147,65,49,27,300,1000,4,Obese
144,39,Male,154,106,44.7,Obese,5.0,46.6,Weight Loss,3,60,Intermediate,0,1,1,0,0,5,101.93,42.98,43.4,1968,4179,196,147,65,49,27,300,1000,4,Obese
144,39,Male,154,106,44.7,Obese,5.0,46.6,Weight Loss,3,60,Intermediate,0,1,1,0,0,6,101.07,42.62,43.1,1968,4179,196,147,65,49,27,300,1000,4,Obese
144,39,Male,154,106,44.7,Obese,5.0,46.6,Weight Loss,3,60,Intermediate,0,1,1,0,0,7,99.95,42.14,42.4,1968,4179,196,147,65,49,27,300,1000,4,Obese
144,39,Male,154,106,44.7,Obese,5.0,46.6,Weight Loss,3,60,Intermediate,0,1,1,0,0,8,99.25,41.85,41.8,1926,4073,192,144,64,48,26,300,1000,4,Obese
144,39,Male,154,106,44.7,Obese,5.0,46.6,Weight Loss,3,60,Intermediate,0,1,1,0,0,9,98.09,41.36,41.2,1926,4073,192,144,64,48,26,300,1000,4,Obese
144,39,Male,154,106,44.7,Obese,5.0,46.6,Weight Loss,3,60,Intermediate,0,1,1,0,0,10,97.01,40.9,40.5,1926,4073,192,144,64,48,26,300,1000,4,Obese
144,39,Male,154,106,44.7,Obese,5.0,46.6,Weight Loss,3,60,Intermediate,0,1,1,0,0,11,96.06,40.51,40.0,1926,4073,192,144,64,48,26,300,1000,4,Obese
144,39,Male,154,106,44.7,Obese,5.0,46.6,Weight Loss,3,60,Intermediate,0,1,1,0,0,12,95.24,40.16,39.3,1871,3933,187,140,62,46,26,300,1000,4,Obese
145,48,Male,179,46,14.36,Underweight,2.0,11.0,Muscle Gain,4,60,Advanced,1,1,0,1,0,0,46.0,14.36,11.0,2382,2210,178,297,52,59,33,300,1000,5,Underweight
145,48,Male,179,46,14.36,Underweight,2.0,11.0,Muscle Gain,4,60,Advanced,1,1,0,1,0,1,46.12,14.4,10.8,2382,2210,178,297,52,59,33,300,1000,5,Underweight
145,48,Male,179,46,14.36,Underweight,2.0,11.0,Muscle Gain,4,60,Advanced,1,1,0,1,0,2,46.1,14.39,10.7,2382,2210,178,297,52,59,33,300,1000,5,Underweight
145,48,Male,179,46,14.36,Underweight,2.0,11.0,Muscle Gain,4,60,Advanced,1,1,0,1,0,3,46.17,14.41,10.6,2382,2210,178,297,52,59,33,300,1000,5,Underweight
145,48,Male,179,46,14.36,Underweight,2.0,11.0,Muscle Gain,4,60,Advanced,1,1,0,1,0,4,46.15,14.4,10.6,2385,2215,178,298,53,59,33,300,1000,5,Underweight
145,48,Male,179,46,14.36,Underweight,2.0,11.0,Muscle Gain,4,60,Advanced,1,1,0,1,0,5,46.13,14.4,10.5,2385,2215,178,298,53,59,33,300,1000,5,Underweight
145,48,Male,179,46,14.36,Underweight,2.0,11.0,Muscle Gain,4,60,Advanced,1,1,0,1,0,6,46.11,14.39,10.3,2385,2215,178,298,53,59,33,300,1000,5,Underweight
145,48,Male,179,46,14.36,Underweight,2.0,11.0,Muscle Gain,4,60,Advanced,1,1,0,1,0,7,46.14,14.4,10.4,2385,2215,178,298,53,59,33,300,1000,5,Underweight
145,48,Male,179,46,14.36,Underweight,2.0,11.0,Muscle Gain,4,60,Advanced,1,1,0,1,0,8,46.26,14.44,10.2,2386,2219,178,298,53,59,33,300,1000,5,Underweight
145,48,Male,179,46,14.36,Underweight,2.0,11.0,Muscle Gain,4,60,Advanced,1,1,0,1,0,9,46.28,14.44,9.9,2386,2219,178,298,53,59,33,300,1000,5,Underweight
145,48,Male,179,46,14.36,Underweight,2.0,11.0,Muscle Gain,4,60,Advanced,1,1,0,1,0,10,46.29,14.45,9.9,2386,2219,178,298,53,59,33,300,1000,5,Underweight
145,48,Male,179,46,14.36,Underweight,2.0,11.0,Muscle Gain,4,60,Advanced,1,1,0,1,0,11,46.33,14.46,9.8,2386,2219,178,298,53,59,33,300,1000,5,Underweight
145,48,Male,179,46,14.36,Underweight,2.0,11.0,Muscle Gain,4,60,Advanced,1,1,0,1,0,12,46.3,14.45,9.7,2387,2220,179,298,53,59,33,300,1000,5,Underweight
146,49,Female,179,90,28.09,Overweight,5.0,39.4,Weight Loss,4,30,Advanced,1,0,1,0,1,0,90.0,28.09,39.4,1999,3450,199,149,66,49,27,300,1000,4,Overweight
146,49,Female,179,90,28.09,Overweight,5.0,39.4,Weight Loss,4,30,Advanced,1,0,1,0,1,1,88.7,27.68,38.7,1999,3450,199,149,66,49,27,300,1000,4,Overweight
146,49,Female,179,90,28.09,Overweight,5.0,39.4,Weight Loss,4,30,Advanced,1,0,1,0,1,2,87.88,27.43,38.1,1999,3450,199,149,66,49,27,300,1000,4,Overweight
146,49,Female,179,90,28.09,Overweight,5.0,39.4,Weight Loss,4,30,Advanced,1,0,1,0,1,3,87.39,27.27,37.3,1999,3450,199,149,66,49,27,300,1000,4,Overweight
146,49,Female,179,90,28.09,Overweight,5.0,39.4,Weight Loss,4,30,Advanced,1,0,1,0,1,4,87.01,27.15,36.7,1953,3345,195,146,65,48,27,300,1000,4,Overweight
146,49,Female,179,90,28.09,Overweight,5.0,39.4,Weight Loss,4,30,Advanced,1,0,1,0,1,5,86.85,27.11,36.2,1953,3345,195,146,65,48,27,300,1000,4,Overweight
146,49,Female,179,90,28.09,Overweight,5.0,39.4,Weight Loss,4,30,Advanced,1,0,1,0,1,6,85.97,26.83,35.8,1953,3345,195,146,65,48,27,300,1000,4,Overweight
146,49,Female,179,90,28.09,Overweight,5.0,39.4,Weight Loss,4,30,Advanced,1,0,1,0,1,7,85.14,26.57,35.1,1953,3345,195,146,65,48,27,300,1000,4,Overweight
146,49,Female,179,90,28.09,Overweight,5.0,39.4,Weight Loss,4,30,Advanced,1,0,1,0,1,8,84.89,26.5,34.5,1920,3271,192,144,64,48,26,300,1000,4,Overweight
146,49,Female,179,90,28.09,Overweight,5.0,39.4,Weight Loss,4,30,Advanced,1,0,1,0,1,9,84.4,26.34,34.0,1920,3271,192,144,64,48,26,300,1000,4,Overweight
146,49,Female,179,90,28.09,Overweight,5.0,39.4,Weight Loss,4,30,Advanced,1,0,1,0,1,10,83.91,26.19,33.3,1920,3271,192,144,64,48,26,300,1000,4,Overweight
146,49,Female,179,90,28.09,Overweight,5.0,39.4,Weight Loss,4,30,Advanced,1,0,1,0,1,11,83.94,26.2,32.6,1920,3271,192,144,64,48,26,300,1000,4,Overweight
146,49,Female,179,90,28.09,Overweight,5.0,39.4,Weight Loss,4,30,Advanced,1,0,1,0,1,12,83.87,26.18,31.9,1904,3235,190,142,63,47,26,300,1000,4,Overweight
147,17,Female,166,111,40.28,Obese,5.0,50.5,Weight Loss,4,30,Intermediate,1,0,0,1,0,0,111.0,40.28,50.5,2447,4185,244,183,81,61,34,300,1000,5,Obese
147,17,Female,166,111,40.28,Obese,5.0,50.5,Weight Loss,4,30,Intermediate,1,0,0,1,0,1,109.91,39.89,49.9,2447,4185,244,183,81,61,34,300,1000,5,Obese
147,17,Female,166,111,40.28,Obese,5.0,50.5,Weight Loss,4,30,Intermediate,1,0,0,1,0,2,109.06,39.58,49.3,2447,4185,244,183,81,61,34,300,1000,5,Obese
147,17,Female,166,111,40.28,Obese,5.0,50.5,Weight Loss,4,30,Intermediate,1,0,0,1,0,3,108.14,39.24,49.0,2447,4185,244,183,81,61,34,300,1000,5,Obese
147,17,Female,166,111,40.28,Obese,5.0,50.5,Weight Loss,4,30,Intermediate,1,0,0,1,0,4,107.58,39.04,48.5,2394,4065,239,179,79,59,33,300,1000,5,Obese
147,17,Female,166,111,40.28,Obese,5.0,50.5,Weight Loss,4,30,Intermediate,1,0,0,1,0,5,106.09,38.5,48.0,2394,4065,239,179,79,59,33,300,1000,5,Obese
147,17,Female,166,111,40.28,Obese,5.0,50.5,Weight Loss,4,30,Intermediate,1,0,0,1,0,6,104.85,38.05,47.6,2394,4065,239,179,79,59,33,300,1000,5,Obese
147,17,Female,166,111,40.28,Obese,5.0,50.5,Weight Loss,4,30,Intermediate,1,0,0,1,0,7,104.55,37.94,47.3,2394,4065,239,179,79,59,33,300,1000,5,Obese
147,17,Female,166,111,40.28,Obese,5.0,50.5,Weight Loss,4,30,Intermediate,1,0,0,1,0,8,103.62,37.6,46.5,2332,3926,233,174,77,58,32,300,1000,5,Obese
147,17,Female,166,111,40.28,Obese,5.0,50.5,Weight Loss,4,30,Intermediate,1,0,0,1,0,9,102.6,37.23,45.7,2332,3926,233,174,77,58,32,300,1000,5,Obese
147,17,Female,166,111,40.28,Obese,5.0,50.5,Weight Loss,4,30,Intermediate,1,0,0,1,0,10,101.71,36.91,45.0,2332,3926,233,174,77,58,32,300,1000,5,Obese
147,17,Female,166,111,40.28,Obese,5.0,50.5,Weight Loss,4,30,Intermediate,1,0,0,1,0,11,100.66,36.53,44.4,2332,3926,233,174,77,58,32,300,1000,5,Obese
147,17,Female,166,111,40.28,Obese,5.0,50.5,Weight Loss,4,30,Intermediate,1,0,0,1,0,12,99.85,36.23,44.1,2274,3794,227,170,75,56,31,300,1000,5,Obese
148,35,Male,197,81,20.87,Normal,2.0,16.8,Muscle Gain,4,30,Advanced,1,0,1,0,1,0,81.0,20.87,16.8,3200,3135,240,400,71,80,44,300,1000,5,Normal
148,35,Male,197,81,20.87,Normal,2.0,16.8,Muscle Gain,4,30,Advanced,1,0,1,0,1,1,81.11,20.9,16.5,3200,3135,240,400,71,80,44,300,1000,5,Normal
148,35,Male,197,81,20.87,Normal,2.0,16.8,Muscle Gain,4,30,Advanced,1,0,1,0,1,2,81.18,20.92,16.4,3200,3135,240,400,71,80,44,300,1000,5,Normal
148,35,Male,197,81,20.87,Normal,2.0,16.8,Muscle Gain,4,30,Advanced,1,0,1,0,1,3,81.23,20.93,16.5,3200,3135,240,400,71,80,44,300,1000,5,Normal
148,35,Male,197,81,20.87,Normal,2.0,16.8,Muscle Gain,4,30,Advanced,1,0,1,0,1,4,81.32,20.95,16.2,3205,3146,240,400,71,80,44,300,1000,5,Normal
148,35,Male,197,81,20.87,Normal,2.0,16.8,Muscle Gain,4,30,Advanced,1,0,1,0,1,5,81.34,20.96,15.9,3205,3146,240,400,71,80,44,300,1000,5,Normal
148,35,Male,197,81,20.87,Normal,2.0,16.8,Muscle Gain,4,30,Advanced,1,0,1,0,1,6,81.38,20.97,15.7,3205,3146,240,400,71,80,44,300,1000,5,Normal
148,35,Male,197,81,20.87,Normal,2.0,16.8,Muscle Gain,4,30,Advanced,1,0,1,0,1,7,81.44,20.99,15.4,3205,3146,240,400,71,80,44,300,1000,5,Normal
148,35,Male,197,81,20.87,Normal,2.0,16.8,Muscle Gain,4,30,Advanced,1,0,1,0,1,8,81.57,21.02,15.4,3209,3154,240,401,71,80,44,300,1000,5,Normal
148,35,Male,197,81,20.87,Normal,2.0,16.8,Muscle Gain,4,30,Advanced,1,0,1,0,1,9,81.69,21.05,15.2,3209,3154,240,401,71,80,44,300,1000,5,Normal
148,35,Male,197,81,20.87,Normal,2.0,16.8,Muscle Gain,4,30,Advanced,1,0,1,0,1,10,81.7,21.05,15.3,3209,3154,240,401,71,80,44,300,1000,5,Normal
148,35,Male,197,81,20.87,Normal,2.0,16.8,Muscle Gain,4,30,Advanced,1,0,1,0,1,11,81.8,21.08,15.0,3209,3154,240,401,71,80,44,300,1000,5,Normal
148,35,Male,197,81,20.87,Normal,2.0,16.8,Muscle Gain,4,30,Advanced,1,0,1,0,1,12,81.82,21.08,14.9,3213,3163,240,401,71,80,44,300,1000,5,Normal
149,18,Female,196,103,26.81,Overweight,5.0,32.5,Weight Loss,5,60,Beginner,1,0,0,1,1,0,103.0,26.81,32.5,2606,4205,260,195,86,65,36,300,1000,5,Overweight
149,18,Female,196,103,26.81,Overweight,5.0,32.5,Weight Loss,5,60,Beginner,1,0,0,1,1,1,102.89,26.78,31.9,2606,4205,260,195,86,65,36,300,1000,5,Overweight
149,18,Female,196,103,26.81,Overweight,5.0,32.5,Weight Loss,5,60,Beginner,1,0,0,1,1,2,102.19,26.6,31.5,2606,4205,260,195,86,65,36,300,1000,5,Overweight
149,18,Female,196,103,26.81,Overweight,5.0,32.5,Weight Loss,5,60,Beginner,1,0,0,1,1,3,101.49,26.42,31.0,2606,4205,260,195,86,65,36,300,1000,5,Overweight
149,18,Female,196,103,26.81,Overweight,5.0,32.5,Weight Loss,5,60,Beginner,1,0,0,1,1,4,100.72,26.22,30.7,2570,4125,257,192,85,64,35,300,1000,5,Overweight
149,18,Female,196,103,26.81,Overweight,5.0,32.5,Weight Loss,5,60,Beginner,1,0,0,1,1,5,100.12,26.06,30.3,2570,4125,257,192,85,64,35,300,1000,5,Overweight
149,18,Female,196,103,26.81,Overweight,5.0,32.5,Weight Loss,5,60,Beginner,1,0,0,1,1,6,99.1,25.8,29.8,2570,4125,257,192,85,64,35,300,1000,5,Overweight
149,18,Female,196,103,26.81,Overweight,5.0,32.5,Weight Loss,5,60,Beginner,1,0,0,1,1,7,98.68,25.69,29.2,2570,4125,257,192,85,64,35,300,1000,5,Overweight
149,18,Female,196,103,26.81,Overweight,5.0,32.5,Weight Loss,5,60,Beginner,1,0,0,1,1,8,97.93,25.49,28.4,2527,4027,252,189,84,63,35,300,1000,5,Overweight
149,18,Female,196,103,26.81,Overweight,5.0,32.5,Weight Loss,5,60,Beginner,1,0,0,1,1,9,97.47,25.37,27.7,2527,4027,252,189,84,63,35,300,1000,5,Overweight
149,18,Female,196,103,26.81,Overweight,5.0,32.5,Weight Loss,5,60,Beginner,1,0,0,1,1,10,96.78,25.19,27.0,2527,4027,252,189,84,63,35,300,1000,5,Overweight
149,18,Female,196,103,26.81,Overweight,5.0,32.5,Weight Loss,5,60,Beginner,1,0,0,1,1,11,96.72,25.18,26.3,2527,4027,252,189,84,63,35,300,1000,5,Overweight
149,18,Female,196,103,26.81,Overweight,5.0,32.5,Weight Loss,5,60,Beginner,1,0,0,1,1,12,95.8,24.94,25.9,2494,3952,249,187,83,62,34,300,1000,5,Normal
150,42,Male,172,54,18.25,Underweight,2.0,13.6,Muscle Gain,4,60,Intermediate,0,1,0,0,0,0,54.0,18.25,13.6,2485,2490,186,310,55,62,34,300,1000,5,Underweight
150,42,Male,172,54,18.25,Underweight,2.0,13.6,Muscle Gain,4,60,Intermediate,0,1,0,0,0,1,54.14,18.3,13.3,2485,2490,186,310,55,62,34,300,1000,5,Underweight
150,42,Male,172,54,18.25,Underweight,2.0,13.6,Muscle Gain,4,60,Intermediate,0,1,0,0,0,2,54.24,18.33,13.2,2485,2490,186,310,55,62,34,300,1000,5,Underweight
150,42,Male,172,54,18.25,Underweight,2.0,13.6,Muscle Gain,4,60,Intermediate,0,1,0,0,0,3,54.32,18.36,13.2,2485,2490,186,310,55,62,34,300,1000,5,Underweight
150,42,Male,172,54,18.25,Underweight,2.0,13.6,Muscle Gain,4,60,Intermediate,0,1,0,0,0,4,54.41,18.39,13.3,2491,2504,186,311,55,62,34,300,1000,5,Underweight
150,42,Male,172,54,18.25,Underweight,2.0,13.6,Muscle Gain,4,60,Intermediate,0,1,0,0,0,5,54.62,18.46,13.0,2491,2504,186,311,55,62,34,300,1000,5,Underweight
150,42,Male,172,54,18.25,Underweight,2.0,13.6,Muscle Gain,4,60,Intermediate,0,1,0,0,0,6,54.68,18.48,13.1,2491,2504,186,311,55,62,34,300,1000,5,Underweight
150,42,Male,172,54,18.25,Underweight,2.0,13.6,Muscle Gain,4,60,Intermediate,0,1,0,0,0,7,54.76,18.51,12.9,2491,2504,186,311,55,62,34,300,1000,5,Normal
150,42,Male,172,54,18.25,Underweight,2.0,13.6,Muscle Gain,4,60,Intermediate,0,1,0,0,0,8,54.87,18.55,13.0,2499,2520,187,312,55,62,34,300,1000,5,Normal
150,42,Male,172,54,18.25,Underweight,2.0,13.6,Muscle Gain,4,60,Intermediate,0,1,0,0,0,9,55.05,18.61,12.8,2499,2520,187,312,55,62,34,300,1000,5,Normal
150,42,Male,172,54,18.25,Underweight,2.0,13.6,Muscle Gain,4,60,Intermediate,0,1,0,0,0,10,55.15,18.64,12.5,2499,2520,187,312,55,62,34,300,1000,5,Normal
150,42,Male,172,54,18.25,Underweight,2.0,13.6,Muscle Gain,4,60,Intermediate,0,1,0,0,0,11,55.29,18.69,12.4,2499,2520,187,312,55,62,34,300,1000,5,Normal
150,42,Male,172,54,18.25,Underweight,2.0,13.6,Muscle Gain,4,60,Intermediate,0,1,0,0,0,12,55.42,18.73,12.1,2507,2539,188,313,55,62,35,300,1000,5,Normal
151,48,Male,164,68,25.28,Overweight,4.0,26.4,Maintain,5,45,Intermediate,1,1,0,0,1,0,68.0,25.28,26.4,2278,2830,170,227,75,56,31,300,1000,5,Overweight
151,48,Male,164,68,25.28,Overweight,4.0,26.4,Maintain,5,45,Intermediate,1,1,0,0,1,1,67.62,25.14,26.4,2278,2830,170,227,75,56,31,300,1000,5,Overweight
151,48,Male,164,68,25.28,Overweight,4.0,26.4,Maintain,5,45,Intermediate,1,1,0,0,1,2,67.39,25.06,26.3,2278,2830,170,227,75,56,31,300,1000,5,Overweight
151,48,Male,164,68,25.28,Overweight,4.0,26.4,Maintain,5,45,Intermediate,1,1,0,0,1,3,67.32,25.03,26.3,2278,2830,170,227,75,56,31,300,1000,5,Overweight
151,48,Male,164,68,25.28,Overweight,4.0,26.4,Maintain,5,45,Intermediate,1,1,0,0,1,4,67.15,24.97,26.4,2265,2800,169,226,75,56,31,300,1000,5,Normal
151,48,Male,164,68,25.28,Overweight,4.0,26.4,Maintain,5,45,Intermediate,1,1,0,0,1,5,67.29,25.02,26.3,2265,2800,169,226,75,56,31,300,1000,5,Overweight
151,48,Male,164,68,25.28,Overweight,4.0,26.4,Maintain,5,45,Intermediate,1,1,0,0,1,6,67.55,25.11,26.4,2265,2800,169,226,75,56,31,300,1000,5,Overweight
151,48,Male,164,68,25.28,Overweight,4.0,26.4,Maintain,5,45,Intermediate,1,1,0,0,1,7,67.69,25.17,26.4,2265,2800,169,226,75,56,31,300,1000,5,Overweight
151,48,Male,164,68,25.28,Overweight,4.0,26.4,Maintain,5,45,Intermediate,1,1,0,0,1,8,67.2,24.98,26.5,2266,2801,169,226,75,56,31,300,1000,5,Normal
151,48,Male,164,68,25.28,Overweight,4.0,26.4,Maintain,5,45,Intermediate,1,1,0,0,1,9,67.07,24.94,26.6,2266,2801,169,226,75,56,31,300,1000,5,Normal
151,48,Male,164,68,25.28,Overweight,4.0,26.4,Maintain,5,45,Intermediate,1,1,0,0,1,10,67.39,25.06,26.7,2266,2801,169,226,75,56,31,300,1000,5,Overweight
151,48,Male,164,68,25.28,Overweight,4.0,26.4,Maintain,5,45,Intermediate,1,1,0,0,1,11,67.14,24.96,26.6,2266,2801,169,226,75,56,31,300,1000,5,Normal
151,48,Male,164,68,25.28,Overweight,4.0,26.4,Maintain,5,45,Intermediate,1,1,0,0,1,12,66.98,24.9,26.6,2262,2794,169,226,75,56,31,300,1000,5,Normal
152,22,Male,186,72,20.81,Normal,2.0,15.5,Muscle Gain,2,30,Advanced,1,0,1,0,0,0,72.0,20.81,15.5,2744,2820,205,343,60,68,38,300,1000,5,Normal
152,22,Male,186,72,20.81,Normal,2.0,15.5,Muscle Gain,2,30,Advanced,1,0,1,0,0,1,72.06,20.83,15.3,2744,2820,205,343,60,68,38,300,1000,5,Normal
152,22,Male,186,72,20.81,Normal,2.0,15.5,Muscle Gain,2,30,Advanced,1,0,1,0,0,2,72.07,20.83,15.3,2744,2820,205,343,60,68,38,300,1000,5,Normal
152,22,Male,186,72,20.81,Normal,2.0,15.5,Muscle Gain,2,30,Advanced,1,0,1,0,0,3,72.15,20.86,15.3,2744,2820,205,343,60,68,38,300,1000,5,Normal
152,22,Male,186,72,20.81,Normal,2.0,15.5,Muscle Gain,2,30,Advanced,1,0,1,0,0,4,72.24,20.88,15.2,2747,2828,206,343,61,68,38,300,1000,5,Normal
152,22,Male,186,72,20.81,Normal,2.0,15.5,Muscle Gain,2,30,Advanced,1,0,1,0,0,5,72.31,20.9,15.1,2747,2828,206,343,61,68,38,300,1000,5,Normal
152,22,Male,186,72,20.81,Normal,2.0,15.5,Muscle Gain,2,30,Advanced,1,0,1,0,0,6,72.34,20.91,14.9,2747,2828,206,343,61,68,38,300,1000,5,Normal
152,22,Male,186,72,20.81,Normal,2.0,15.5,Muscle Gain,2,30,Advanced,1,0,1,0,0,7,72.3,20.9,14.7,2747,2828,206,343,61,68,38,300,1000,5,Normal
152,22,Male,186,72,20.81,Normal,2.0,15.5,Muscle Gain,2,30,Advanced,1,0,1,0,0,8,72.26,20.89,14.7,2747,2829,206,343,61,68,38,300,1000,5,Normal
152,22,Male,186,72,20.81,Normal,2.0,15.5,Muscle Gain,2,30,Advanced,1,0,1,0,0,9,72.34,20.91,14.5,2747,2829,206,343,61,68,38,300,1000,5,Normal
152,22,Male,186,72,20.81,Normal,2.0,15.5,Muscle Gain,2,30,Advanced,1,0,1,0,0,10,72.42,20.93,14.4,2747,2829,206,343,61,68,38,300,1000,5,Normal
152,22,Male,186,72,20.81,Normal,2.0,15.5,Muscle Gain,2,30,Advanced,1,0,1,0,0,11,72.46,20.95,14.3,2747,2829,206,343,61,68,38,300,1000,5,Normal
152,22,Male,186,72,20.81,Normal,2.0,15.5,Muscle Gain,2,30,Advanced,1,0,1,0,0,12,72.61,20.99,14.2,2752,2841,206,344,61,68,38,300,1000,5,Normal
153,48,Female,170,66,22.84,Normal,5.0,31.3,Maintain,2,30,Beginner,1,0,0,0,1,0,66.0,22.84,31.3,1817,2610,136,181,60,45,25,300,1000,4,Normal
153,48,Female,170,66,22.84,Normal,5.0,31.3,Maintain,2,30,Beginner,1,0,0,0,1,1,65.85,22.78,31.4,1817,2610,136,181,60,45,25,300,1000,4,Normal
153,48,Female,170,66,22.84,Normal,5.0,31.3,Maintain,2,30,Beginner,1,0,0,0,1,2,65.71,22.74,31.5,1817,2610,136,181,60,45,25,300,1000,4,Normal
153,48,Female,170,66,22.84,Normal,5.0,31.3,Maintain,2,30,Beginner,1,0,0,0,1,3,65.67,22.72,31.6,1817,2610,136,181,60,45,25,300,1000,4,Normal
153,48,Female,170,66,22.84,Normal,5.0,31.3,Maintain,2,30,Beginner,1,0,0,0,1,4,65.27,22.59,31.7,1807,2584,135,180,60,45,25,300,1000,4,Normal
153,48,Female,170,66,22.84,Normal,5.0,31.3,Maintain,2,30,Beginner,1,0,0,0,1,5,65.51,22.67,31.6,1807,2584,135,180,60,45,25,300,1000,4,Normal
153,48,Female,170,66,22.84,Normal,5.0,31.3,Maintain,2,30,Beginner,1,0,0,0,1,6,65.15,22.54,31.6,1807,2584,135,180,60,45,25,300,1000,4,Normal
153,48,Female,170,66,22.84,Normal,5.0,31.3,Maintain,2,30,Beginner,1,0,0,0,1,7,65.63,22.71,31.5,1807,2584,135,180,60,45,25,300,1000,4,Normal
153,48,Female,170,66,22.84,Normal,5.0,31.3,Maintain,2,30,Beginner,1,0,0,0,1,8,65.59,22.69,31.3,1811,2595,135,181,60,45,25,300,1000,4,Normal
153,48,Female,170,66,22.84,Normal,5.0,31.3,Maintain,2,30,Beginner,1,0,0,0,1,9,65.48,22.66,31.3,1811,2595,135,181,60,45,25,300,1000,4,Normal
153,48,Female,170,66,22.84,Normal,5.0,31.3,Maintain,2,30,Beginner,1,0,0,0,1,10,65.94,22.82,31.3,1811,2595,135,181,60,45,25,300,1000,4,Normal
153,48,Female,170,66,22.84,Normal,5.0,31.3,Maintain,2,30,Beginner,1,0,0,0,1,11,66.26,22.93,31.3,1811,2595,135,181,60,45,25,300,1000,4,Normal
153,48,Female,170,66,22.84,Normal,5.0,31.3,Maintain,2,30,Beginner,1,0,0,0,1,12,65.8,22.77,31.2,1814,2602,136,181,60,45,25,300,1000,4,Normal
154,20,Female,163,75,28.23,Overweight,5.0,34.6,Weight Loss,2,90,Beginner,1,0,0,0,0,0,75.0,28.23,34.6,1573,3525,157,117,52,39,22,300,1000,4,Overweight
154,20,Female,163,75,28.23,Overweight,5.0,34.6,Weight Loss,2,90,Beginner,1,0,0,0,0,1,74.86,28.18,34.2,1573,3525,157,117,52,39,22,300,1000,4,Overweight
154,20,Female,163,75,28.23,Overweight,5.0,34.6,Weight Loss,2,90,Beginner,1,0,0,0,0,2,74.12,27.9,33.5,1573,3525,157,117,52,39,22,300,1000,4,Overweight
154,20,Female,163,75,28.23,Overweight,5.0,34.6,Weight Loss,2,90,Beginner,1,0,0,0,0,3,73.76,27.76,33.1,1573,3525,157,117,52,39,22,300,1000,4,Overweight
154,20,Female,163,75,28.23,Overweight,5.0,34.6,Weight Loss,2,90,Beginner,1,0,0,0,0,4,73.25,27.57,32.5,1549,3463,154,116,51,38,21,300,1000,4,Overweight
154,20,Female,163,75,28.23,Overweight,5.0,34.6,Weight Loss,2,90,Beginner,1,0,0,0,0,5,72.8,27.4,31.8,1549,3463,154,116,51,38,21,300,1000,4,Overweight
154,20,Female,163,75,28.23,Overweight,5.0,34.6,Weight Loss,2,90,Beginner,1,0,0,0,0,6,72.77,27.39,31.3,1549,3463,154,116,51,38,21,300,1000,4,Overweight
154,20,Female,163,75,28.23,Overweight,5.0,34.6,Weight Loss,2,90,Beginner,1,0,0,0,0,7,72.27,27.2,30.7,1549,3463,154,116,51,38,21,300,1000,4,Overweight
154,20,Female,163,75,28.23,Overweight,5.0,34.6,Weight Loss,2,90,Beginner,1,0,0,0,0,8,71.93,27.07,30.3,1530,3417,153,114,51,38,21,300,1000,4,Overweight
154,20,Female,163,75,28.23,Overweight,5.0,34.6,Weight Loss,2,90,Beginner,1,0,0,0,0,9,71.01,26.73,29.7,1530,3417,153,114,51,38,21,300,1000,4,Overweight
154,20,Female,163,75,28.23,Overweight,5.0,34.6,Weight Loss,2,90,Beginner,1,0,0,0,0,10,70.32,26.47,29.3,1530,3417,153,114,51,38,21,300,1000,4,Overweight
154,20,Female,163,75,28.23,Overweight,5.0,34.6,Weight Loss,2,90,Beginner,1,0,0,0,0,11,69.49,26.15,28.7,1530,3417,153,114,51,38,21,300,1000,4,Overweight
154,20,Female,163,75,28.23,Overweight,5.0,34.6,Weight Loss,2,90,Beginner,1,0,0,0,0,12,68.53,25.79,28.2,1484,3298,148,111,49,37,20,300,1000,3,Overweight
155,27,Male,151,68,29.82,Overweight,3.0,23.7,Weight Loss,4,45,Intermediate,1,0,0,0,0,0,68.0,29.82,23.7,1815,2830,181,136,60,45,25,300,1000,4,Overweight
155,27,Male,151,68,29.82,Overweight,3.0,23.7,Weight Loss,4,45,Intermediate,1,0,0,0,0,1,67.08,29.42,23.1,1815,2830,181,136,60,45,25,300,1000,4,Overweight
155,27,Male,151,68,29.82,Overweight,3.0,23.7,Weight Loss,4,45,Intermediate,1,0,0,0,0,2,66.53,29.18,22.8,1815,2830,181,136,60,45,25,300,1000,4,Overweight
155,27,Male,151,68,29.82,Overweight,3.0,23.7,Weight Loss,4,45,Intermediate,1,0,0,0,0,3,65.68,28.81,22.4,1815,2830,181,136,60,45,25,300,1000,4,Overweight
155,27,Male,151,68,29.82,Overweight,3.0,23.7,Weight Loss,4,45,Intermediate,1,0,0,0,0,4,65.31,28.64,22.0,1773,2735,177,132,59,44,24,300,1000,4,Overweight
155,27,Male,151,68,29.82,Overweight,3.0,23.7,Weight Loss,4,45,Intermediate,1,0,0,0,0,5,65.09,28.55,21.3,1773,2735,177,132,59,44,24,300,1000,4,Overweight
155,27,Male,151,68,29.82,Overweight,3.0,23.7,Weight Loss,4,45,Intermediate,1,0,0,0,0,6,64.32,28.21,20.9,1773,2735,177,132,59,44,24,300,1000,4,Overweight
155,27,Male,151,68,29.82,Overweight,3.0,23.7,Weight Loss,4,45,Intermediate,1,0,0,0,0,7,64.14,28.13,20.6,1773,2735,177,132,59,44,24,300,1000,4,Overweight
155,27,Male,151,68,29.82,Overweight,3.0,23.7,Weight Loss,4,45,Intermediate,1,0,0,0,0,8,63.69,27.93,20.0,1748,2679,174,131,58,43,24,300,1000,4,Overweight
155,27,Male,151,68,29.82,Overweight,3.0,23.7,Weight Loss,4,45,Intermediate,1,0,0,0,0,9,63.24,27.74,19.5,1748,2679,174,131,58,43,24,300,1000,4,Overweight
155,27,Male,151,68,29.82,Overweight,3.0,23.7,Weight Loss,4,45,Intermediate,1,0,0,0,0,10,63.05,27.65,19.2,1748,2679,174,131,58,43,24,300,1000,4,Overweight
155,27,Male,151,68,29.82,Overweight,3.0,23.7,Weight Loss,4,45,Intermediate,1,0,0,0,0,11,62.43,27.38,18.7,1748,2679,174,131,58,43,24,300,1000,4,Overweight
155,27,Male,151,68,29.82,Overweight,3.0,23.7,Weight Loss,4,45,Intermediate,1,0,0,0,0,12,61.73,27.07,18.4,1718,2610,171,128,57,42,24,300,1000,4,Overweight
156,33,Male,160,77,30.08,Obese,4.0,28.8,Weight Loss,5,60,Advanced,1,0,0,0,1,0,77.0,30.08,28.8,1995,3295,199,149,66,49,27,300,1000,4,Obese
156,33,Male,160,77,30.08,Obese,4.0,28.8,Weight Loss,5,60,Advanced,1,0,0,0,1,1,76.56,29.9,28.4,1995,3295,199,149,66,49,27,300,1000,4,Overweight
156,33,Male,160,77,30.08,Obese,4.0,28.8,Weight Loss,5,60,Advanced,1,0,0,0,1,2,75.55,29.51,27.9,1995,3295,199,149,66,49,27,300,1000,4,Overweight
156,33,Male,160,77,30.08,Obese,4.0,28.8,Weight Loss,5,60,Advanced,1,0,0,0,1,3,74.75,29.2,27.5,1995,3295,199,149,66,49,27,300,1000,4,Overweight
156,33,Male,160,77,30.08,Obese,4.0,28.8,Weight Loss,5,60,Advanced,1,0,0,0,1,4,74.33,29.03,26.9,1954,3201,195,146,65,48,27,300,1000,4,Overweight
156,33,Male,160,77,30.08,Obese,4.0,28.8,Weight Loss,5,60,Advanced,1,0,0,0,1,5,73.9,28.87,26.3,1954,3201,195,146,65,48,27,300,1000,4,Overweight
156,33,Male,160,77,30.08,Obese,4.0,28.8,Weight Loss,5,60,Advanced,1,0,0,0,1,6,73.91,28.87,25.7,1954,3201,195,146,65,48,27,300,1000,4,Overweight
156,33,Male,160,77,30.08,Obese,4.0,28.8,Weight Loss,5,60,Advanced,1,0,0,0,1,7,73.18,28.59,25.1,1954,3201,195,146,65,48,27,300,1000,4,Overweight
156,33,Male,160,77,30.08,Obese,4.0,28.8,Weight Loss,5,60,Advanced,1,0,0,0,1,8,72.58,28.35,24.6,1926,3140,192,144,64,48,26,300,1000,4,Overweight
156,33,Male,160,77,30.08,Obese,4.0,28.8,Weight Loss,5,60,Advanced,1,0,0,0,1,9,72.02,28.13,23.9,1926,3140,192,144,64,48,26,300,1000,4,Overweight
156,33,Male,160,77,30.08,Obese,4.0,28.8,Weight Loss,5,60,Advanced,1,0,0,0,1,10,71.15,27.79,23.1,1926,3140,192,144,64,48,26,300,1000,4,Overweight
156,33,Male,160,77,30.08,Obese,4.0,28.8,Weight Loss,5,60,Advanced,1,0,0,0,1,11,70.56,27.56,22.6,1926,3140,192,144,64,48,26,300,1000,4,Overweight
156,33,Male,160,77,30.08,Obese,4.0,28.8,Weight Loss,5,60,Advanced,1,0,0,0,1,12,70.48,27.53,22.2,1894,3066,189,142,63,47,26,300,1000,4,Overweight
157,40,Male,188,96,27.16,Overweight,3.0,22.1,Muscle Gain,3,60,Beginner,0,1,1,0,0,0,96.0,27.16,22.1,2967,3960,222,370,65,74,41,300,1000,5,Overweight
157,40,Male,188,96,27.16,Overweight,3.0,22.1,Muscle Gain,3,60,Beginner,0,1,1,0,0,1,96.31,27.25,22.2,2967,3960,222,370,65,74,41,300,1000,5,Overweight
157,40,Male,188,96,27.16,Overweight,3.0,22.1,Muscle Gain,3,60,Beginner,0,1,1,0,0,2,96.72,27.37,22.0,2967,3960,222,370,65,74,41,300,1000,5,Overweight
157,40,Male,188,96,27.16,Overweight,3.0,22.1,Muscle Gain,3,60,Beginner,0,1,1,0,0,3,96.96,27.43,21.8,2967,3960,222,370,65,74,41,300,1000,5,Overweight
157,40,Male,188,96,27.16,Overweight,3.0,22.1,Muscle Gain,3,60,Beginner,0,1,1,0,0,4,97.21,27.5,21.5,2984,4002,223,373,66,74,41,300,1000,5,Overweight
157,40,Male,188,96,27.16,Overweight,3.0,22.1,Muscle Gain,3,60,Beginner,0,1,1,0,0,5,97.43,27.57,21.3,2984,4002,223,373,66,74,41,300,1000,5,Overweight
157,40,Male,188,96,27.16,Overweight,3.0,22.1,Muscle Gain,3,60,Beginner,0,1,1,0,0,6,97.79,27.67,21.0,2984,4002,223,373,66,74,41,300,1000,5,Overweight
157,40,Male,188,96,27.16,Overweight,3.0,22.1,Muscle Gain,3,60,Beginner,0,1,1,0,0,7,98.07,27.75,20.7,2984,4002,223,373,66,74,41,300,1000,5,Overweight
157,40,Male,188,96,27.16,Overweight,3.0,22.1,Muscle Gain,3,60,Beginner,0,1,1,0,0,8,98.44,27.85,20.7,3001,4045,225,375,66,75,42,300,1000,5,Overweight
157,40,Male,188,96,27.16,Overweight,3.0,22.1,Muscle Gain,3,60,Beginner,0,1,1,0,0,9,98.68,27.92,20.8,3001,4045,225,375,66,75,42,300,1000,5,Overweight
157,40,Male,188,96,27.16,Overweight,3.0,22.1,Muscle Gain,3,60,Beginner,0,1,1,0,0,10,99.11,28.04,20.5,3001,4045,225,375,66,75,42,300,1000,5,Overweight
157,40,Male,188,96,27.16,Overweight,3.0,22.1,Muscle Gain,3,60,Beginner,0,1,1,0,0,11,99.54,28.16,20.5,3001,4045,225,375,66,75,42,300,1000,5,Overweight
157,40,Male,188,96,27.16,Overweight,3.0,22.1,Muscle Gain,3,60,Beginner,0,1,1,0,0,12,99.85,28.25,20.6,3020,4094,226,377,67,75,42,300,1000,5,Overweight
158,21,Male,187,66,18.87,Normal,2.0,10.8,Muscle Gain,5,45,Advanced,1,1,0,0,0,0,66.0,18.87,10.8,2979,2760,223,372,66,74,41,300,1000,5,Normal
158,21,Male,187,66,18.87,Normal,2.0,10.8,Muscle Gain,5,45,Advanced,1,1,0,0,0,1,66.08,18.9,10.9,2979,2760,223,372,66,74,41,300,1000,5,Normal
158,21,Male,187,66,18.87,Normal,2.0,10.8,Muscle Gain,5,45,Advanced,1,1,0,0,0,2,66.16,18.92,10.8,2979,2760,223,372,66,74,41,300,1000,5,Normal
158,21,Male,187,66,18.87,Normal,2.0,10.8,Muscle Gain,5,45,Advanced,1,1,0,0,0,3,66.15,18.92,10.7,2979,2760,223,372,66,74,41,300,1000,5,Normal
158,21,Male,187,66,18.87,Normal,2.0,10.8,Muscle Gain,5,45,Advanced,1,1,0,0,0,4,66.27,18.95,10.6,2983,2769,223,372,66,74,41,300,1000,5,Normal
158,21,Male,187,66,18.87,Normal,2.0,10.8,Muscle Gain,5,45,Advanced,1,1,0,0,0,5,66.44,19.0,10.3,2983,2769,223,372,66,74,41,300,1000,5,Normal
158,21,Male,187,66,18.87,Normal,2.0,10.8,Muscle Gain,5,45,Advanced,1,1,0,0,0,6,66.4,18.99,10.2,2983,2769,223,372,66,74,41,300,1000,5,Normal
158,21,Male,187,66,18.87,Normal,2.0,10.8,Muscle Gain,5,45,Advanced,1,1,0,0,0,7,66.54,19.03,10.2,2983,2769,223,372,66,74,41,300,1000,5,Normal
158,21,Male,187,66,18.87,Normal,2.0,10.8,Muscle Gain,5,45,Advanced,1,1,0,0,0,8,66.51,19.02,10.1,2987,2777,224,373,66,74,41,300,1000,5,Normal
158,21,Male,187,66,18.87,Normal,2.0,10.8,Muscle Gain,5,45,Advanced,1,1,0,0,0,9,66.52,19.02,10.2,2987,2777,224,373,66,74,41,300,1000,5,Normal
158,21,Male,187,66,18.87,Normal,2.0,10.8,Muscle Gain,5,45,Advanced,1,1,0,0,0,10,66.58,19.04,10.3,2987,2777,224,373,66,74,41,300,1000,5,Normal
158,21,Male,187,66,18.87,Normal,2.0,10.8,Muscle Gain,5,45,Advanced,1,1,0,0,0,11,66.68,19.07,10.1,2987,2777,224,373,66,74,41,300,1000,5,Normal
158,21,Male,187,66,18.87,Normal,2.0,10.8,Muscle Gain,5,45,Advanced,1,1,0,0,0,12,66.81,19.11,10.0,2992,2788,224,374,66,74,41,300,1000,5,Normal
159,22,Female,183,94,28.07,Overweight,5.0,36.5,Weight Loss,2,45,Intermediate,1,0,0,1,1,0,94.0,28.07,36.5,1992,3740,199,149,66,49,27,300,1000,4,Overweight
159,22,Female,183,94,28.07,Overweight,5.0,36.5,Weight Loss,2,45,Intermediate,1,0,0,1,1,1,93.05,27.79,35.7,1992,3740,199,149,66,49,27,300,1000,4,Overweight
159,22,Female,183,94,28.07,Overweight,5.0,36.5,Weight Loss,2,45,Intermediate,1,0,0,1,1,2,92.54,27.63,35.3,1992,3740,199,149,66,49,27,300,1000,4,Overweight
159,22,Female,183,94,28.07,Overweight,5.0,36.5,Weight Loss,2,45,Intermediate,1,0,0,1,1,3,92.11,27.51,34.8,1992,3740,199,149,66,49,27,300,1000,4,Overweight
159,22,Female,183,94,28.07,Overweight,5.0,36.5,Weight Loss,2,45,Intermediate,1,0,0,1,1,4,91.32,27.27,34.5,1955,3646,195,146,65,48,27,300,1000,4,Overweight
159,22,Female,183,94,28.07,Overweight,5.0,36.5,Weight Loss,2,45,Intermediate,1,0,0,1,1,5,90.59,27.05,33.8,1955,3646,195,146,65,48,27,300,1000,4,Overweight
159,22,Female,183,94,28.07,Overweight,5.0,36.5,Weight Loss,2,45,Intermediate,1,0,0,1,1,6,89.54,26.74,33.3,1955,3646,195,146,65,48,27,300,1000,4,Overweight
159,22,Female,183,94,28.07,Overweight,5.0,36.5,Weight Loss,2,45,Intermediate,1,0,0,1,1,7,88.79,26.51,32.9,1955,3646,195,146,65,48,27,300,1000,4,Overweight
159,22,Female,183,94,28.07,Overweight,5.0,36.5,Weight Loss,2,45,Intermediate,1,0,0,1,1,8,87.94,26.26,32.1,1909,3527,190,143,63,47,26,300,1000,4,Overweight
159,22,Female,183,94,28.07,Overweight,5.0,36.5,Weight Loss,2,45,Intermediate,1,0,0,1,1,9,86.79,25.92,31.6,1909,3527,190,143,63,47,26,300,1000,4,Overweight
159,22,Female,183,94,28.07,Overweight,5.0,36.5,Weight Loss,2,45,Intermediate,1,0,0,1,1,10,86.32,25.78,31.1,1909,3527,190,143,63,47,26,300,1000,4,Overweight
159,22,Female,183,94,28.07,Overweight,5.0,36.5,Weight Loss,2,45,Intermediate,1,0,0,1,1,11,85.09,25.41,30.4,1909,3527,190,143,63,47,26,300,1000,4,Overweight
159,22,Female,183,94,28.07,Overweight,5.0,36.5,Weight Loss,2,45,Intermediate,1,0,0,1,1,12,84.19,25.14,29.8,1857,3396,185,139,61,46,25,300,1000,4,Overweight
160,38,Female,187,72,20.59,Normal,4.0,26.0,Muscle Gain,5,30,Advanced,0,0,1,0,0,0,72.0,20.59,26.0,2683,2820,201,335,59,67,37,300,1000,5,Normal
160,38,Female,187,72,20.59,Normal,4.0,26.0,Muscle Gain,5,30,Advanced,0,0,1,0,0,1,72.06,20.61,26.0,2683,2820,201,335,59,67,37,300,1000,5,Normal
160,38,Female,187,72,20.59,Normal,4.0,26.0,Muscle Gain,5,30,Advanced,0,0,1,0,0,2,72.16,20.64,25.8,2683,2820,201,335,59,67,37,300,1000,5,Normal
160,38,Female,187,72,20.59,Normal,4.0,26.0,Muscle Gain,5,30,Advanced,0,0,1,0,0,3,72.23,20.66,25.5,2683,2820,201,335,59,67,37,300,1000,5,Normal
160,38,Female,187,72,20.59,Normal,4.0,26.0,Muscle Gain,5,30,Advanced,0,0,1,0,0,4,72.26,20.66,25.6,2687,2829,201,335,59,67,37,300,1000,5,Normal
160,38,Female,187,72,20.59,Normal,4.0,26.0,Muscle Gain,5,30,Advanced,0,0,1,0,0,5,72.25,20.66,25.6,2687,2829,201,335,59,67,37,300,1000,5,Normal
160,38,Female,187,72,20.59,Normal,4.0,26.0,Muscle Gain,5,30,Advanced,0,0,1,0,0,6,72.35,20.69,25.7,2687,2829,201,335,59,67,37,300,1000,5,Normal
160,38,Female,187,72,20.59,Normal,4.0,26.0,Muscle Gain,5,30,Advanced,0,0,1,0,0,7,72.35,20.69,25.6,2687,2829,201,335,59,67,37,300,1000,5,Normal
160,38,Female,187,72,20.59,Normal,4.0,26.0,Muscle Gain,5,30,Advanced,0,0,1,0,0,8,72.43,20.71,25.5,2690,2835,201,336,59,67,37,300,1000,5,Normal
160,38,Female,187,72,20.59,Normal,4.0,26.0,Muscle Gain,5,30,Advanced,0,0,1,0,0,9,72.59,20.76,25.5,2690,2835,201,336,59,67,37,300,1000,5,Normal
160,38,Female,187,72,20.59,Normal,4.0,26.0,Muscle Gain,5,30,Advanced,0,0,1,0,0,10,72.76,20.81,25.3,2690,2835,201,336,59,67,37,300,1000,5,Normal
160,38,Female,187,72,20.59,Normal,4.0,26.0,Muscle Gain,5,30,Advanced,0,0,1,0,0,11,72.82,20.82,25.3,2690,2835,201,336,59,67,37,300,1000,5,Normal
160,38,Female,187,72,20.59,Normal,4.0,26.0,Muscle Gain,5,30,Advanced,0,0,1,0,0,12,72.93,20.86,25.1,2697,2852,202,337,59,67,37,300,1000,5,Normal
161,27,Male,199,107,27.02,Overweight,3.0,22.4,Maintain,3,60,Advanced,1,1,0,0,0,0,107.0,27.02,22.4,3002,4345,225,300,100,75,42,300,1000,5,Overweight
161,27,Male,199,107,27.02,Overweight,3.0,22.4,Maintain,3,60,Advanced,1,1,0,0,0,1,106.75,26.96,22.5,3002,4345,225,300,100,75,42,300,1000,5,Overweight
161,27,Male,199,107,27.02,Overweight,3.0,22.4,Maintain,3,60,Advanced,1,1,0,0,0,2,106.42,26.87,22.4,3002,4345,225,300,100,75,42,300,1000,5,Overweight
161,27,Male,199,107,27.02,Overweight,3.0,22.4,Maintain,3,60,Advanced,1,1,0,0,0,3,106.18,26.81,22.4,3002,4345,225,300,100,75,42,300,1000,5,Overweight
161,27,Male,199,107,27.02,Overweight,3.0,22.4,Maintain,3,60,Advanced,1,1,0,0,0,4,106.39,26.87,22.3,2994,4323,224,299,99,74,41,300,1000,5,Overweight
161,27,Male,199,107,27.02,Overweight,3.0,22.4,Maintain,3,60,Advanced,1,1,0,0,0,5,106.45,26.88,22.2,2994,4323,224,299,99,74,41,300,1000,5,Overweight
161,27,Male,199,107,27.02,Overweight,3.0,22.4,Maintain,3,60,Advanced,1,1,0,0,0,6,106.75,26.96,22.1,2994,4323,224,299,99,74,41,300,1000,5,Overweight
161,27,Male,199,107,27.02,Overweight,3.0,22.4,Maintain,3,60,Advanced,1,1,0,0,0,7,106.9,26.99,22.2,2994,4323,224,299,99,74,41,300,1000,5,Overweight
161,27,Male,199,107,27.02,Overweight,3.0,22.4,Maintain,3,60,Advanced,1,1,0,0,0,8,106.61,26.92,22.4,2997,4331,224,299,99,74,41,300,1000,5,Overweight
161,27,Male,199,107,27.02,Overweight,3.0,22.4,Maintain,3,60,Advanced,1,1,0,0,0,9,106.73,26.95,22.3,2997,4331,224,299,99,74,41,300,1000,5,Overweight
161,27,Male,199,107,27.02,Overweight,3.0,22.4,Maintain,3,60,Advanced,1,1,0,0,0,10,106.41,26.87,22.5,2997,4331,224,299,99,74,41,300,1000,5,Overweight
161,27,Male,199,107,27.02,Overweight,3.0,22.4,Maintain,3,60,Advanced,1,1,0,0,0,11,106.66,26.93,22.4,2997,4331,224,299,99,74,41,300,1000,5,Overweight
161,27,Male,199,107,27.02,Overweight,3.0,22.4,Maintain,3,60,Advanced,1,1,0,0,0,12,106.5,26.89,22.5,2995,4327,224,299,99,74,41,300,1000,5,Overweight
162,32,Male,183,125,37.33,Obese,5.0,36.5,Weight Loss,2,60,Beginner,1,0,0,0,1,0,125.0,37.33,36.5,2578,4975,257,193,85,64,36,300,1000,5,Obese
162,32,Male,183,125,37.33,Obese,5.0,36.5,Weight Loss,2,60,Beginner,1,0,0,0,1,1,124.21,37.09,35.9,2578,4975,257,193,85,64,36,300,1000,5,Obese
162,32,Male,183,125,37.33,Obese,5.0,36.5,Weight Loss,2,60,Beginner,1,0,0,0,1,2,123.03,36.74,35.2,2578,4975,257,193,85,64,36,300,1000,5,Obese
162,32,Male,183,125,37.33,Obese,5.0,36.5,Weight Loss,2,60,Beginner,1,0,0,0,1,3,122.5,36.58,34.6,2578,4975,257,193,85,64,36,300,1000,5,Obese
162,32,Male,183,125,37.33,Obese,5.0,36.5,Weight Loss,2,60,Beginner,1,0,0,0,1,4,121.78,36.36,34.1,2533,4862,253,189,84,63,35,300,1000,5,Obese
162,32,Male,183,125,37.33,Obese,5.0,36.5,Weight Loss,2,60,Beginner,1,0,0,0,1,5,120.92,36.11,33.3,2533,4862,253,189,84,63,35,300,1000,5,Obese
162,32,Male,183,125,37.33,Obese,5.0,36.5,Weight Loss,2,60,Beginner,1,0,0,0,1,6,119.96,35.82,32.9,2533,4862,253,189,84,63,35,300,1000,5,Obese
162,32,Male,183,125,37.33,Obese,5.0,36.5,Weight Loss,2,60,Beginner,1,0,0,0,1,7,119.33,35.63,32.2,2533,4862,253,189,84,63,35,300,1000,5,Obese
162,32,Male,183,125,37.33,Obese,5.0,36.5,Weight Loss,2,60,Beginner,1,0,0,0,1,8,118.9,35.5,31.5,2494,4761,249,187,83,62,34,300,1000,5,Obese
162,32,Male,183,125,37.33,Obese,5.0,36.5,Weight Loss,2,60,Beginner,1,0,0,0,1,9,118.55,35.4,31.1,2494,4761,249,187,83,62,34,300,1000,5,Obese
162,32,Male,183,125,37.33,Obese,5.0,36.5,Weight Loss,2,60,Beginner,1,0,0,0,1,10,118.21,35.3,30.6,2494,4761,249,187,83,62,34,300,1000,5,Obese
162,32,Male,183,125,37.33,Obese,5.0,36.5,Weight Loss,2,60,Beginner,1,0,0,0,1,11,117.64,35.13,30.0,2494,4761,249,187,83,62,34,300,1000,5,Obese
162,32,Male,183,125,37.33,Obese,5.0,36.5,Weight Loss,2,60,Beginner,1,0,0,0,1,12,116.73,34.85,29.5,2464,4685,246,184,82,61,34,300,1000,5,Obese
163,49,Female,167,105,37.65,Obese,5.0,48.9,Weight Loss,3,60,Advanced,1,0,0,1,1,0,105.0,37.65,48.9,1820,4275,182,136,60,45,25,300,1000,4,Obese
163,49,Female,167,105,37.65,Obese,5.0,48.9,Weight Loss,3,60,Advanced,1,0,0,1,1,1,104.5,37.47,48.5,1820,4275,182,136,60,45,25,300,1000,4,Obese
163,49,Female,167,105,37.65,Obese,5.0,48.9,Weight Loss,3,60,Advanced,1,0,0,1,1,2,103.96,37.27,47.8,1820,4275,182,136,60,45,25,300,1000,4,Obese
163,49,Female,167,105,37.65,Obese,5.0,48.9,Weight Loss,3,60,Advanced,1,0,0,1,1,3,103.78,37.21,47.0,1820,4275,182,136,60,45,25,300,1000,4,Obese
163,49,Female,167,105,37.65,Obese,5.0,48.9,Weight Loss,3,60,Advanced,1,0,0,1,1,4,103.33,37.05,46.4,1797,4216,179,134,59,44,25,300,1000,4,Obese
163,49,Female,167,105,37.65,Obese,5.0,48.9,Weight Loss,3,60,Advanced,1,0,0,1,1,5,102.16,36.63,45.6,1797,4216,179,134,59,44,25,300,1000,4,Obese
163,49,Female,167,105,37.65,Obese,5.0,48.9,Weight Loss,3,60,Advanced,1,0,0,1,1,6,101.57,36.42,45.0,1797,4216,179,134,59,44,25,300,1000,4,Obese
163,49,Female,167,105,37.65,Obese,5.0,48.9,Weight Loss,3,60,Advanced,1,0,0,1,1,7,101.17,36.28,44.7,1797,4216,179,134,59,44,25,300,1000,4,Obese
163,49,Female,167,105,37.65,Obese,5.0,48.9,Weight Loss,3,60,Advanced,1,0,0,1,1,8,100.49,36.03,44.2,1758,4117,175,131,58,43,24,300,1000,4,Obese
163,49,Female,167,105,37.65,Obese,5.0,48.9,Weight Loss,3,60,Advanced,1,0,0,1,1,9,100.01,35.86,43.5,1758,4117,175,131,58,43,24,300,1000,4,Obese
163,49,Female,167,105,37.65,Obese,5.0,48.9,Weight Loss,3,60,Advanced,1,0,0,1,1,10,99.03,35.51,42.7,1758,4117,175,131,58,43,24,300,1000,4,Obese
163,49,Female,167,105,37.65,Obese,5.0,48.9,Weight Loss,3,60,Advanced,1,0,0,1,1,11,98.49,35.31,42.1,1758,4117,175,131,58,43,24,300,1000,4,Obese
163,49,Female,167,105,37.65,Obese,5.0,48.9,Weight Loss,3,60,Advanced,1,0,0,1,1,12,98.17,35.2,41.5,1726,4035,172,129,57,43,24,300,1000,4,Obese
164,25,Female,179,49,15.29,Underweight,2.0,17.6,Muscle Gain,3,60,Intermediate,0,0,1,0,1,0,49.0,15.29,17.6,2118,2315,158,264,47,52,29,300,1000,4,Underweight
164,25,Female,179,49,15.29,Underweight,2.0,17.6,Muscle Gain,3,60,Intermediate,0,0,1,0,1,1,49.05,15.31,17.4,2118,2315,158,264,47,52,29,300,1000,4,Underweight
164,25,Female,179,49,15.29,Underweight,2.0,17.6,Muscle Gain,3,60,Intermediate,0,0,1,0,1,2,49.09,15.32,17.3,2118,2315,158,264,47,52,29,300,1000,4,Underweight
164,25,Female,179,49,15.29,Underweight,2.0,17.6,Muscle Gain,3,60,Intermediate,0,0,1,0,1,3,49.16,15.34,17.0,2118,2315,158,264,47,52,29,300,1000,4,Underweight
164,25,Female,179,49,15.29,Underweight,2.0,17.6,Muscle Gain,3,60,Intermediate,0,0,1,0,1,4,49.31,15.39,16.8,2123,2325,159,265,47,53,29,300,1000,4,Underweight
164,25,Female,179,49,15.29,Underweight,2.0,17.6,Muscle Gain,3,60,Intermediate,0,0,1,0,1,5,49.32,15.39,16.7,2123,2325,159,265,47,53,29,300,1000,4,Underweight
164,25,Female,179,49,15.29,Underweight,2.0,17.6,Muscle Gain,3,60,Intermediate,0,0,1,0,1,6,49.4,15.42,16.6,2123,2325,159,265,47,53,29,300,1000,4,Underweight
164,25,Female,179,49,15.29,Underweight,2.0,17.6,Muscle Gain,3,60,Intermediate,0,0,1,0,1,7,49.53,15.46,16.6,2123,2325,159,265,47,53,29,300,1000,4,Underweight
164,25,Female,179,49,15.29,Underweight,2.0,17.6,Muscle Gain,3,60,Intermediate,0,0,1,0,1,8,49.7,15.51,16.6,2128,2339,159,266,47,53,29,300,1000,4,Underweight
164,25,Female,179,49,15.29,Underweight,2.0,17.6,Muscle Gain,3,60,Intermediate,0,0,1,0,1,9,49.85,15.56,16.5,2128,2339,159,266,47,53,29,300,1000,4,Underweight
164,25,Female,179,49,15.29,Underweight,2.0,17.6,Muscle Gain,3,60,Intermediate,0,0,1,0,1,10,50.03,15.61,16.2,2128,2339,159,266,47,53,29,300,1000,4,Underweight
164,25,Female,179,49,15.29,Underweight,2.0,17.6,Muscle Gain,3,60,Intermediate,0,0,1,0,1,11,50.09,15.63,16.0,2128,2339,159,266,47,53,29,300,1000,4,Underweight
164,25,Female,179,49,15.29,Underweight,2.0,17.6,Muscle Gain,3,60,Intermediate,0,0,1,0,1,12,50.21,15.67,15.8,2135,2357,160,266,47,53,29,300,1000,4,Underweight
165,22,Male,164,44,16.36,Underweight,1.0,5.1,Muscle Gain,3,30,Intermediate,1,1,1,0,0,0,44.0,16.36,5.1,2170,1840,162,271,48,54,30,300,1000,4,Underweight
165,22,Male,164,44,16.36,Underweight,1.0,5.1,Muscle Gain,3,30,Intermediate,1,1,1,0,0,1,44.1,16.39,5.0,2170,1840,162,271,48,54,30,300,1000,4,Underweight
165,22,Male,164,44,16.36,Underweight,1.0,5.1,Muscle Gain,3,30,Intermediate,1,1,1,0,0,2,44.1,16.4,5.0,2170,1840,162,271,48,54,30,300,1000,4,Underweight
165,22,Male,164,44,16.36,Underweight,1.0,5.1,Muscle Gain,3,30,Intermediate,1,1,1,0,0,3,44.09,16.39,5.1,2170,1840,162,271,48,54,30,300,1000,4,Underweight
165,22,Male,164,44,16.36,Underweight,1.0,5.1,Muscle Gain,3,30,Intermediate,1,1,1,0,0,4,44.15,16.42,5.0,2172,1845,162,271,48,54,30,300,1000,4,Underweight
165,22,Male,164,44,16.36,Underweight,1.0,5.1,Muscle Gain,3,30,Intermediate,1,1,1,0,0,5,44.25,16.45,5.0,2172,1845,162,271,48,54,30,300,1000,4,Underweight
165,22,Male,164,44,16.36,Underweight,1.0,5.1,Muscle Gain,3,30,Intermediate,1,1,1,0,0,6,44.39,16.5,5.0,2172,1845,162,271,48,54,30,300,1000,4,Underweight
165,22,Male,164,44,16.36,Underweight,1.0,5.1,Muscle Gain,3,30,Intermediate,1,1,1,0,0,7,44.54,16.56,5.0,2172,1845,162,271,48,54,30,300,1000,4,Underweight
165,22,Male,164,44,16.36,Underweight,1.0,5.1,Muscle Gain,3,30,Intermediate,1,1,1,0,0,8,44.65,16.6,5.0,2178,1862,163,272,48,54,30,300,1000,4,Underweight
165,22,Male,164,44,16.36,Underweight,1.0,5.1,Muscle Gain,3,30,Intermediate,1,1,1,0,0,9,44.74,16.64,5.0,2178,1862,163,272,48,54,30,300,1000,4,Underweight
165,22,Male,164,44,16.36,Underweight,1.0,5.1,Muscle Gain,3,30,Intermediate,1,1,1,0,0,10,44.94,16.71,5.1,2178,1862,163,272,48,54,30,300,1000,4,Underweight
165,22,Male,164,44,16.36,Underweight,1.0,5.1,Muscle Gain,3,30,Intermediate,1,1,1,0,0,11,44.99,16.73,5.0,2178,1862,163,272,48,54,30,300,1000,4,Underweight
165,22,Male,164,44,16.36,Underweight,1.0,5.1,Muscle Gain,3,30,Intermediate,1,1,1,0,0,12,45.16,16.79,5.0,2186,1880,163,273,48,54,30,300,1000,4,Underweight
166,32,Male,176,113,36.48,Obese,5.0,34.2,Weight Loss,3,90,Intermediate,0,1,0,0,1,0,113.0,36.48,34.2,2353,4855,235,176,78,58,32,300,1000,5,Obese
166,32,Male,176,113,36.48,Obese,5.0,34.2,Weight Loss,3,90,Intermediate,0,1,0,0,1,1,112.23,36.23,33.9,2353,4855,235,176,78,58,32,300,1000,5,Obese
166,32,Male,176,113,36.48,Obese,5.0,34.2,Weight Loss,3,90,Intermediate,0,1,0,0,1,2,110.96,35.82,33.1,2353,4855,235,176,78,58,32,300,1000,5,Obese
166,32,Male,176,113,36.48,Obese,5.0,34.2,Weight Loss,3,90,Intermediate,0,1,0,0,1,3,110.13,35.55,32.6,2353,4855,235,176,78,58,32,300,1000,5,Obese
166,32,Male,176,113,36.48,Obese,5.0,34.2,Weight Loss,3,90,Intermediate,0,1,0,0,1,4,109.54,35.36,32.2,2305,4733,230,172,76,57,32,300,1000,5,Obese
166,32,Male,176,113,36.48,Obese,5.0,34.2,Weight Loss,3,90,Intermediate,0,1,0,0,1,5,108.67,35.08,31.4,2305,4733,230,172,76,57,32,300,1000,5,Obese
166,32,Male,176,113,36.48,Obese,5.0,34.2,Weight Loss,3,90,Intermediate,0,1,0,0,1,6,107.93,34.84,30.6,2305,4733,230,172,76,57,32,300,1000,5,Obese
166,32,Male,176,113,36.48,Obese,5.0,34.2,Weight Loss,3,90,Intermediate,0,1,0,0,1,7,106.88,34.51,30.2,2305,4733,230,172,76,57,32,300,1000,5,Obese
166,32,Male,176,113,36.48,Obese,5.0,34.2,Weight Loss,3,90,Intermediate,0,1,0,0,1,8,106.1,34.25,29.6,2258,4613,225,169,75,56,31,300,1000,5,Obese
166,32,Male,176,113,36.48,Obese,5.0,34.2,Weight Loss,3,90,Intermediate,0,1,0,0,1,9,104.77,33.82,29.0,2258,4613,225,169,75,56,31,300,1000,5,Obese
166,32,Male,176,113,36.48,Obese,5.0,34.2,Weight Loss,3,90,Intermediate,0,1,0,0,1,10,103.92,33.55,28.7,2258,4613,225,169,75,56,31,300,1000,5,Obese
166,32,Male,176,113,36.48,Obese,5.0,34.2,Weight Loss,3,90,Intermediate,0,1,0,0,1,11,103.17,33.31,27.9,2258,4613,225,169,75,56,31,300,1000,5,Obese
166,32,Male,176,113,36.48,Obese,5.0,34.2,Weight Loss,3,90,Intermediate,0,1,0,0,1,12,102.13,32.97,27.2,2203,4474,220,165,73,55,30,300,1000,5,Obese
167,45,Male,183,77,22.99,Normal,3.0,19.3,Muscle Gain,5,60,Advanced,1,1,0,0,1,0,77.0,22.99,19.3,2925,3295,219,365,65,73,40,300,1000,5,Normal
167,45,Male,183,77,22.99,Normal,3.0,19.3,Muscle Gain,5,60,Advanced,1,1,0,0,1,1,77.08,23.02,19.0,2925,3295,219,365,65,73,40,300,1000,5,Normal
167,45,Male,183,77,22.99,Normal,3.0,19.3,Muscle Gain,5,60,Advanced,1,1,0,0,1,2,77.18,23.05,18.8,2925,3295,219,365,65,73,40,300,1000,5,Normal
167,45,Male,183,77,22.99,Normal,3.0,19.3,Muscle Gain,5,60,Advanced,1,1,0,0,1,3,77.29,23.08,18.7,2925,3295,219,365,65,73,40,300,1000,5,Normal
167,45,Male,183,77,22.99,Normal,3.0,19.3,Muscle Gain,5,60,Advanced,1,1,0,0,1,4,77.32,23.09,18.7,2930,3306,219,366,65,73,41,300,1000,5,Normal
167,45,Male,183,77,22.99,Normal,3.0,19.3,Muscle Gain,5,60,Advanced,1,1,0,0,1,5,77.45,23.13,18.4,2930,3306,219,366,65,73,41,300,1000,5,Normal
167,45,Male,183,77,22.99,Normal,3.0,19.3,Muscle Gain,5,60,Advanced,1,1,0,0,1,6,77.59,23.17,18.1,2930,3306,219,366,65,73,41,300,1000,5,Normal
167,45,Male,183,77,22.99,Normal,3.0,19.3,Muscle Gain,5,60,Advanced,1,1,0,0,1,7,77.78,23.22,17.9,2930,3306,219,366,65,73,41,300,1000,5,Normal
167,45,Male,183,77,22.99,Normal,3.0,19.3,Muscle Gain,5,60,Advanced,1,1,0,0,1,8,77.84,23.24,17.9,2938,3324,220,367,65,73,41,300,1000,5,Normal
167,45,Male,183,77,22.99,Normal,3.0,19.3,Muscle Gain,5,60,Advanced,1,1,0,0,1,9,77.89,23.26,17.9,2938,3324,220,367,65,73,41,300,1000,5,Normal
167,45,Male,183,77,22.99,Normal,3.0,19.3,Muscle Gain,5,60,Advanced,1,1,0,0,1,10,77.88,23.26,17.8,2938,3324,220,367,65,73,41,300,1000,5,Normal
167,45,Male,183,77,22.99,Normal,3.0,19.3,Muscle Gain,5,60,Advanced,1,1,0,0,1,11,77.91,23.26,17.6,2938,3324,220,367,65,73,41,300,1000,5,Normal
167,45,Male,183,77,22.99,Normal,3.0,19.3,Muscle Gain,5,60,Advanced,1,1,0,0,1,12,77.94,23.27,17.4,2939,3327,220,367,65,73,41,300,1000,5,Normal
168,19,Female,187,52,14.87,Underweight,2.0,16.5,Muscle Gain,4,45,Intermediate,0,0,0,0,1,0,52.0,14.87,16.5,2520,2270,189,315,56,63,35,300,1000,5,Underweight
168,19,Female,187,52,14.87,Underweight,2.0,16.5,Muscle Gain,4,45,Intermediate,0,0,0,0,1,1,51.98,14.86,16.4,2520,2270,189,315,56,63,35,300,1000,5,Underweight
168,19,Female,187,52,14.87,Underweight,2.0,16.5,Muscle Gain,4,45,Intermediate,0,0,0,0,1,2,52.03,14.88,16.5,2520,2270,189,315,56,63,35,300,1000,5,Underweight
168,19,Female,187,52,14.87,Underweight,2.0,16.5,Muscle Gain,4,45,Intermediate,0,0,0,0,1,3,52.17,14.92,16.4,2520,2270,189,315,56,63,35,300,1000,5,Underweight
168,19,Female,187,52,14.87,Underweight,2.0,16.5,Muscle Gain,4,45,Intermediate,0,0,0,0,1,4,52.21,14.93,16.3,2523,2277,189,315,56,63,35,300,1000,5,Underweight
168,19,Female,187,52,14.87,Underweight,2.0,16.5,Muscle Gain,4,45,Intermediate,0,0,0,0,1,5,52.34,14.97,16.4,2523,2277,189,315,56,63,35,300,1000,5,Underweight
168,19,Female,187,52,14.87,Underweight,2.0,16.5,Muscle Gain,4,45,Intermediate,0,0,0,0,1,6,52.44,15.0,16.3,2523,2277,189,315,56,63,35,300,1000,5,Underweight
168,19,Female,187,52,14.87,Underweight,2.0,16.5,Muscle Gain,4,45,Intermediate,0,0,0,0,1,7,52.5,15.01,16.2,2523,2277,189,315,56,63,35,300,1000,5,Underweight
168,19,Female,187,52,14.87,Underweight,2.0,16.5,Muscle Gain,4,45,Intermediate,0,0,0,0,1,8,52.62,15.05,16.3,2530,2291,189,316,56,63,35,300,1000,5,Underweight
168,19,Female,187,52,14.87,Underweight,2.0,16.5,Muscle Gain,4,45,Intermediate,0,0,0,0,1,9,52.63,15.05,16.0,2530,2291,189,316,56,63,35,300,1000,5,Underweight
168,19,Female,187,52,14.87,Underweight,2.0,16.5,Muscle Gain,4,45,Intermediate,0,0,0,0,1,10,52.68,15.06,15.8,2530,2291,189,316,56,63,35,300,1000,5,Underweight
168,19,Female,187,52,14.87,Underweight,2.0,16.5,Muscle Gain,4,45,Intermediate,0,0,0,0,1,11,52.84,15.11,15.5,2530,2291,189,316,56,63,35,300,1000,5,Underweight
168,19,Female,187,52,14.87,Underweight,2.0,16.5,Muscle Gain,4,45,Intermediate,0,0,0,0,1,12,52.87,15.12,15.5,2534,2300,190,316,56,63,35,300,1000,5,Underweight
169,36,Female,182,70,21.13,Normal,4.0,27.6,Muscle Gain,3,90,Intermediate,1,0,0,0,1,0,70.0,21.13,27.6,2357,3350,176,294,52,58,32,300,1000,5,Normal
169,36,Female,182,70,21.13,Normal,4.0,27.6,Muscle Gain,3,90,Intermediate,1,0,0,0,1,1,70.02,21.14,27.7,2357,3350,176,294,52,58,32,300,1000,5,Normal
169,36,Female,182,70,21.13,Normal,4.0,27.6,Muscle Gain,3,90,Intermediate,1,0,0,0,1,2,70.12,21.17,27.5,2357,3350,176,294,52,58,32,300,1000,5,Normal
169,36,Female,182,70,21.13,Normal,4.0,27.6,Muscle Gain,3,90,Intermediate,1,0,0,0,1,3,70.29,21.22,27.4,2357,3350,176,294,52,58,32,300,1000,5,Normal
169,36,Female,182,70,21.13,Normal,4.0,27.6,Muscle Gain,3,90,Intermediate,1,0,0,0,1,4,70.44,21.26,27.3,2363,3365,177,295,52,59,33,300,1000,5,Normal
169,36,Female,182,70,21.13,Normal,4.0,27.6,Muscle Gain,3,90,Intermediate,1,0,0,0,1,5,70.52,21.29,27.2,2363,3365,177,295,52,59,33,300,1000,5,Normal
169,36,Female,182,70,21.13,Normal,4.0,27.6,Muscle Gain,3,90,Intermediate,1,0,0,0,1,6,70.58,21.31,27.1,2363,3365,177,295,52,59,33,300,1000,5,Normal
169,36,Female,182,70,21.13,Normal,4.0,27.6,Muscle Gain,3,90,Intermediate,1,0,0,0,1,7,70.73,21.35,26.8,2363,3365,177,295,52,59,33,300,1000,5,Normal
169,36,Female,182,70,21.13,Normal,4.0,27.6,Muscle Gain,3,90,Intermediate,1,0,0,0,1,8,70.84,21.39,26.8,2369,3379,177,296,52,59,33,300,1000,5,Normal
169,36,Female,182,70,21.13,Normal,4.0,27.6,Muscle Gain,3,90,Intermediate,1,0,0,0,1,9,71.0,21.44,26.6,2369,3379,177,296,52,59,33,300,1000,5,Normal
169,36,Female,182,70,21.13,Normal,4.0,27.6,Muscle Gain,3,90,Intermediate,1,0,0,0,1,10,71.2,21.49,26.4,2369,3379,177,296,52,59,33,300,1000,5,Normal
169,36,Female,182,70,21.13,Normal,4.0,27.6,Muscle Gain,3,90,Intermediate,1,0,0,0,1,11,71.29,21.52,26.5,2369,3379,177,296,52,59,33,300,1000,5,Normal
169,36,Female,182,70,21.13,Normal,4.0,27.6,Muscle Gain,3,90,Intermediate,1,0,0,0,1,12,71.49,21.58,26.6,2378,3402,178,297,52,59,33,300,1000,5,Normal
170,35,Female,173,86,28.73,Overweight,5.0,33.9,Maintain,4,60,Beginner,0,0,0,0,0,0,86.0,28.73,33.9,2488,3610,186,248,82,62,34,300,1000,5,Overweight
170,35,Female,173,86,28.73,Overweight,5.0,33.9,Maintain,4,60,Beginner,0,0,0,0,0,1,86.22,28.81,33.8,2488,3610,186,248,82,62,34,300,1000,5,Overweight
170,35,Female,173,86,28.73,Overweight,5.0,33.9,Maintain,4,60,Beginner,0,0,0,0,0,2,86.16,28.79,33.6,2488,3610,186,248,82,62,34,300,1000,5,Overweight
170,35,Female,173,86,28.73,Overweight,5.0,33.9,Maintain,4,60,Beginner,0,0,0,0,0,3,86.05,28.75,33.7,2488,3610,186,248,82,62,34,300,1000,5,Overweight
170,35,Female,173,86,28.73,Overweight,5.0,33.9,Maintain,4,60,Beginner,0,0,0,0,0,4,85.94,28.71,33.6,2487,3607,186,248,82,62,34,300,1000,5,Overweight
170,35,Female,173,86,28.73,Overweight,5.0,33.9,Maintain,4,60,Beginner,0,0,0,0,0,5,86.04,28.75,33.8,2487,3607,186,248,82,62,34,300,1000,5,Overweight
170,35,Female,173,86,28.73,Overweight,5.0,33.9,Maintain,4,60,Beginner,0,0,0,0,0,6,85.58,28.6,33.7,2487,3607,186,248,82,62,34,300,1000,5,Overweight
170,35,Female,173,86,28.73,Overweight,5.0,33.9,Maintain,4,60,Beginner,0,0,0,0,0,7,85.24,28.48,33.8,2487,3607,186,248,82,62,34,300,1000,5,Overweight
170,35,Female,173,86,28.73,Overweight,5.0,33.9,Maintain,4,60,Beginner,0,0,0,0,0,8,84.85,28.35,33.9,2470,3569,185,247,82,61,34,300,1000,5,Overweight
170,35,Female,173,86,28.73,Overweight,5.0,33.9,Maintain,4,60,Beginner,0,0,0,0,0,9,84.63,28.28,33.8,2470,3569,185,247,82,61,34,300,1000,5,Overweight
170,35,Female,173,86,28.73,Overweight,5.0,33.9,Maintain,4,60,Beginner,0,0,0,0,0,10,85.07,28.42,33.6,2470,3569,185,247,82,61,34,300,1000,5,Overweight
170,35,Female,173,86,28.73,Overweight,5.0,33.9,Maintain,4,60,Beginner,0,0,0,0,0,11,85.01,28.4,33.4,2470,3569,185,247,82,61,34,300,1000,5,Overweight
170,35,Female,173,86,28.73,Overweight,5.0,33.9,Maintain,4,60,Beginner,0,0,0,0,0,12,84.99,28.4,33.4,2472,3574,185,247,82,61,34,300,1000,5,Overweight
171,42,Male,164,127,47.22,Obese,5.0,52.7,Weight Loss,4,60,Intermediate,1,0,0,1,1,0,127.0,47.22,52.7,2739,5045,273,205,91,68,38,300,1000,5,Obese
171,42,Male,164,127,47.22,Obese,5.0,52.7,Weight Loss,4,60,Intermediate,1,0,0,1,1,1,125.79,46.77,52.1,2739,5045,273,205,91,68,38,300,1000,5,Obese
171,42,Male,164,127,47.22,Obese,5.0,52.7,Weight Loss,4,60,Intermediate,1,0,0,1,1,2,125.02,46.48,51.6,2739,5045,273,205,91,68,38,300,1000,5,Obese
171,42,Male,164,127,47.22,Obese,5.0,52.7,Weight Loss,4,60,Intermediate,1,0,0,1,1,3,123.73,46.0,50.9,2739,5045,273,205,91,68,38,300,1000,5,Obese
171,42,Male,164,127,47.22,Obese,5.0,52.7,Weight Loss,4,60,Intermediate,1,0,0,1,1,4,122.76,45.64,50.2,2673,4896,267,200,89,66,37,300,1000,5,Obese
171,42,Male,164,127,47.22,Obese,5.0,52.7,Weight Loss,4,60,Intermediate,1,0,0,1,1,5,121.89,45.32,49.9,2673,4896,267,200,89,66,37,300,1000,5,Obese
171,42,Male,164,127,47.22,Obese,5.0,52.7,Weight Loss,4,60,Intermediate,1,0,0,1,1,6,121.3,45.1,49.5,2673,4896,267,200,89,66,37,300,1000,5,Obese
171,42,Male,164,127,47.22,Obese,5.0,52.7,Weight Loss,4,60,Intermediate,1,0,0,1,1,7,120.11,44.66,48.8,2673,4896,267,200,89,66,37,300,1000,5,Obese
171,42,Male,164,127,47.22,Obese,5.0,52.7,Weight Loss,4,60,Intermediate,1,0,0,1,1,8,119.29,44.35,48.4,2620,4775,262,196,87,65,36,300,1000,5,Obese
171,42,Male,164,127,47.22,Obese,5.0,52.7,Weight Loss,4,60,Intermediate,1,0,0,1,1,9,118.39,44.02,47.9,2620,4775,262,196,87,65,36,300,1000,5,Obese
171,42,Male,164,127,47.22,Obese,5.0,52.7,Weight Loss,4,60,Intermediate,1,0,0,1,1,10,117.29,43.61,47.5,2620,4775,262,196,87,65,36,300,1000,5,Obese
171,42,Male,164,127,47.22,Obese,5.0,52.7,Weight Loss,4,60,Intermediate,1,0,0,1,1,11,116.13,43.18,46.9,2620,4775,262,196,87,65,36,300,1000,5,Obese
171,42,Male,164,127,47.22,Obese,5.0,52.7,Weight Loss,4,60,Intermediate,1,0,0,1,1,12,115.66,43.0,46.1,2563,4648,256,192,85,64,35,300,1000,5,Obese
172,19,Male,179,91,28.4,Overweight,3.0,23.3,Weight Loss,3,60,Intermediate,0,0,0,0,0,0,91.0,28.4,23.3,2165,3785,216,162,72,54,30,300,1000,4,Overweight
172,19,Male,179,91,28.4,Overweight,3.0,23.3,Weight Loss,3,60,Intermediate,0,0,0,0,0,1,90.14,28.13,22.8,2165,3785,216,162,72,54,30,300,1000,4,Overweight
172,19,Male,179,91,28.4,Overweight,3.0,23.3,Weight Loss,3,60,Intermediate,0,0,0,0,0,2,89.49,27.93,22.4,2165,3785,216,162,72,54,30,300,1000,4,Overweight
172,19,Male,179,91,28.4,Overweight,3.0,23.3,Weight Loss,3,60,Intermediate,0,0,0,0,0,3,88.75,27.7,21.7,2165,3785,216,162,72,54,30,300,1000,4,Overweight
172,19,Male,179,91,28.4,Overweight,3.0,23.3,Weight Loss,3,60,Intermediate,0,0,0,0,0,4,88.06,27.48,21.3,2125,3681,212,159,70,53,29,300,1000,4,Overweight
172,19,Male,179,91,28.4,Overweight,3.0,23.3,Weight Loss,3,60,Intermediate,0,0,0,0,0,5,87.13,27.19,20.7,2125,3681,212,159,70,53,29,300,1000,4,Overweight
172,19,Male,179,91,28.4,Overweight,3.0,23.3,Weight Loss,3,60,Intermediate,0,0,0,0,0,6,86.25,26.92,20.2,2125,3681,212,159,70,53,29,300,1000,4,Overweight
172,19,Male,179,91,28.4,Overweight,3.0,23.3,Weight Loss,3,60,Intermediate,0,0,0,0,0,7,85.96,26.83,19.7,2125,3681,212,159,70,53,29,300,1000,4,Overweight
172,19,Male,179,91,28.4,Overweight,3.0,23.3,Weight Loss,3,60,Intermediate,0,0,0,0,0,8,85.47,26.67,19.0,2089,3591,208,156,69,52,29,300,1000,4,Overweight
172,19,Male,179,91,28.4,Overweight,3.0,23.3,Weight Loss,3,60,Intermediate,0,0,0,0,0,9,85.03,26.54,18.3,2089,3591,208,156,69,52,29,300,1000,4,Overweight
172,19,Male,179,91,28.4,Overweight,3.0,23.3,Weight Loss,3,60,Intermediate,0,0,0,0,0,10,84.04,26.23,17.8,2089,3591,208,156,69,52,29,300,1000,4,Overweight
172,19,Male,179,91,28.4,Overweight,3.0,23.3,Weight Loss,3,60,Intermediate,0,0,0,0,0,11,83.53,26.07,17.1,2089,3591,208,156,69,52,29,300,1000,4,Overweight
172,19,Male,179,91,28.4,Overweight,3.0,23.3,Weight Loss,3,60,Intermediate,0,0,0,0,0,12,82.51,25.75,16.4,2048,3487,204,153,68,51,28,300,1000,4,Overweight
173,35,Female,191,95,26.04,Overweight,5.0,33.7,Maintain,3,90,Intermediate,0,0,1,0,1,0,95.0,26.04,33.7,2485,4225,186,248,82,62,34,300,1000,5,Overweight
173,35,Female,191,95,26.04,Overweight,5.0,33.7,Maintain,3,90,Intermediate,0,0,1,0,1,1,94.98,26.04,33.7,2485,4225,186,248,82,62,34,300,1000,5,Overweight
173,35,Female,191,95,26.04,Overweight,5.0,33.7,Maintain,3,90,Intermediate,0,0,1,0,1,2,94.7,25.96,33.6,2485,4225,186,248,82,62,34,300,1000,5,Overweight
173,35,Female,191,95,26.04,Overweight,5.0,33.7,Maintain,3,90,Intermediate,0,0,1,0,1,3,94.37,25.87,33.7,2485,4225,186,248,82,62,34,300,1000,5,Overweight
173,35,Female,191,95,26.04,Overweight,5.0,33.7,Maintain,3,90,Intermediate,0,0,1,0,1,4,94.64,25.94,33.7,2480,4212,186,248,82,62,34,300,1000,5,Overweight
173,35,Female,191,95,26.04,Overweight,5.0,33.7,Maintain,3,90,Intermediate,0,0,1,0,1,5,94.85,26.0,33.8,2480,4212,186,248,82,62,34,300,1000,5,Overweight
173,35,Female,191,95,26.04,Overweight,5.0,33.7,Maintain,3,90,Intermediate,0,0,1,0,1,6,94.49,25.9,34.0,2480,4212,186,248,82,62,34,300,1000,5,Overweight
173,35,Female,191,95,26.04,Overweight,5.0,33.7,Maintain,3,90,Intermediate,0,0,1,0,1,7,94.81,25.99,33.8,2480,4212,186,248,82,62,34,300,1000,5,Overweight
173,35,Female,191,95,26.04,Overweight,5.0,33.7,Maintain,3,90,Intermediate,0,0,1,0,1,8,94.5,25.9,33.7,2478,4207,185,247,82,61,34,300,1000,5,Overweight
173,35,Female,191,95,26.04,Overweight,5.0,33.7,Maintain,3,90,Intermediate,0,0,1,0,1,9,94.13,25.8,33.8,2478,4207,185,247,82,61,34,300,1000,5,Overweight
173,35,Female,191,95,26.04,Overweight,5.0,33.7,Maintain,3,90,Intermediate,0,0,1,0,1,10,94.1,25.8,33.9,2478,4207,185,247,82,61,34,300,1000,5,Overweight
173,35,Female,191,95,26.04,Overweight,5.0,33.7,Maintain,3,90,Intermediate,0,0,1,0,1,11,94.35,25.86,33.9,2478,4207,185,247,82,61,34,300,1000,5,Overweight
173,35,Female,191,95,26.04,Overweight,5.0,33.7,Maintain,3,90,Intermediate,0,0,1,0,1,12,94.54,25.91,33.8,2479,4208,185,247,82,61,34,300,1000,5,Overweight
174,36,Female,166,54,19.6,Normal,4.0,24.9,Muscle Gain,2,60,Advanced,0,1,1,1,1,0,54.0,19.6,24.9,2000,2490,150,250,44,50,28,300,1000,4,Normal
174,36,Female,166,54,19.6,Normal,4.0,24.9,Muscle Gain,2,60,Advanced,0,1,1,1,1,1,54.07,19.62,24.6,2000,2490,150,250,44,50,28,300,1000,4,Normal
174,36,Female,166,54,19.6,Normal,4.0,24.9,Muscle Gain,2,60,Advanced,0,1,1,1,1,2,54.17,19.66,24.6,2000,2490,150,250,44,50,28,300,1000,4,Normal
174,36,Female,166,54,19.6,Normal,4.0,24.9,Muscle Gain,2,60,Advanced,0,1,1,1,1,3,54.25,19.69,24.6,2000,2490,150,250,44,50,28,300,1000,4,Normal
174,36,Female,166,54,19.6,Normal,4.0,24.9,Muscle Gain,2,60,Advanced,0,1,1,1,1,4,54.2,19.67,24.7,2002,2497,150,250,44,50,28,300,1000,4,Normal
174,36,Female,166,54,19.6,Normal,4.0,24.9,Muscle Gain,2,60,Advanced,0,1,1,1,1,5,54.17,19.66,24.6,2002,2497,150,250,44,50,28,300,1000,4,Normal
174,36,Female,166,54,19.6,Normal,4.0,24.9,Muscle Gain,2,60,Advanced,0,1,1,1,1,6,54.17,19.66,24.4,2002,2497,150,250,44,50,28,300,1000,4,Normal
174,36,Female,166,54,19.6,Normal,4.0,24.9,Muscle Gain,2,60,Advanced,0,1,1,1,1,7,54.31,19.71,24.2,2002,2497,150,250,44,50,28,300,1000,4,Normal
174,36,Female,166,54,19.6,Normal,4.0,24.9,Muscle Gain,2,60,Advanced,0,1,1,1,1,8,54.44,19.76,23.9,2006,2505,150,250,44,50,28,300,1000,4,Normal
174,36,Female,166,54,19.6,Normal,4.0,24.9,Muscle Gain,2,60,Advanced,0,1,1,1,1,9,54.6,19.81,24.0,2006,2505,150,250,44,50,28,300,1000,4,Normal
174,36,Female,166,54,19.6,Normal,4.0,24.9,Muscle Gain,2,60,Advanced,0,1,1,1,1,10,54.66,19.84,24.0,2006,2505,150,250,44,50,28,300,1000,4,Normal
174,36,Female,166,54,19.6,Normal,4.0,24.9,Muscle Gain,2,60,Advanced,0,1,1,1,1,11,54.67,19.84,24.0,2006,2505,150,250,44,50,28,300,1000,4,Normal
174,36,Female,166,54,19.6,Normal,4.0,24.9,Muscle Gain,2,60,Advanced,0,1,1,1,1,12,54.65,19.83,23.8,2009,2512,150,251,44,50,28,300,1000,4,Normal
175,48,Male,154,68,28.67,Overweight,4.0,27.4,Weight Loss,2,30,Beginner,1,1,0,0,1,0,68.0,28.67,27.4,1500,2680,150,112,50,37,21,300,1000,4,Overweight
175,48,Male,154,68,28.67,Overweight,4.0,27.4,Weight Loss,2,30,Beginner,1,1,0,0,1,1,67.35,28.4,26.9,1500,2680,150,112,50,37,21,300,1000,4,Overweight
175,48,Male,154,68,28.67,Overweight,4.0,27.4,Weight Loss,2,30,Beginner,1,1,0,0,1,2,66.58,28.07,26.4,1500,2680,150,112,50,37,21,300,1000,4,Overweight
175,48,Male,154,68,28.67,Overweight,4.0,27.4,Weight Loss,2,30,Beginner,1,1,0,0,1,3,66.02,27.84,25.9,1500,2680,150,112,50,37,21,300,1000,4,Overweight
175,48,Male,154,68,28.67,Overweight,4.0,27.4,Weight Loss,2,30,Beginner,1,1,0,0,1,4,65.42,27.59,25.5,1500,2589,150,112,50,37,21,300,1000,4,Overweight
175,48,Male,154,68,28.67,Overweight,4.0,27.4,Weight Loss,2,30,Beginner,1,1,0,0,1,5,64.78,27.31,25.0,1500,2589,150,112,50,37,21,300,1000,4,Overweight
175,48,Male,154,68,28.67,Overweight,4.0,27.4,Weight Loss,2,30,Beginner,1,1,0,0,1,6,64.2,27.07,24.4,1500,2589,150,112,50,37,21,300,1000,4,Overweight
175,48,Male,154,68,28.67,Overweight,4.0,27.4,Weight Loss,2,30,Beginner,1,1,0,0,1,7,63.64,26.83,23.9,1500,2589,150,112,50,37,21,300,1000,4,Overweight
175,48,Male,154,68,28.67,Overweight,4.0,27.4,Weight Loss,2,30,Beginner,1,1,0,0,1,8,63.56,26.8,23.4,1500,2524,150,112,50,37,21,300,1000,4,Overweight
175,48,Male,154,68,28.67,Overweight,4.0,27.4,Weight Loss,2,30,Beginner,1,1,0,0,1,9,63.55,26.79,23.0,1500,2524,150,112,50,37,21,300,1000,4,Overweight
175,48,Male,154,68,28.67,Overweight,4.0,27.4,Weight Loss,2,30,Beginner,1,1,0,0,1,10,62.79,26.48,22.5,1500,2524,150,112,50,37,21,300,1000,4,Overweight
175,48,Male,154,68,28.67,Overweight,4.0,27.4,Weight Loss,2,30,Beginner,1,1,0,0,1,11,62.59,26.39,22.1,1500,2524,150,112,50,37,21,300,1000,4,Overweight
175,48,Male,154,68,28.67,Overweight,4.0,27.4,Weight Loss,2,30,Beginner,1,1,0,0,1,12,62.57,26.38,21.6,1500,2490,150,112,50,37,21,300,1000,4,Overweight
176,23,Female,178,47,14.83,Underweight,2.0,15.7,Muscle Gain,4,45,Intermediate,1,0,0,0,1,0,47.0,14.83,15.7,2325,2095,174,290,51,58,32,300,1000,5,Underweight
176,23,Female,178,47,14.83,Underweight,2.0,15.7,Muscle Gain,4,45,Intermediate,1,0,0,0,1,1,47.13,14.87,15.5,2325,2095,174,290,51,58,32,300,1000,5,Underweight
176,23,Female,178,47,14.83,Underweight,2.0,15.7,Muscle Gain,4,45,Intermediate,1,0,0,0,1,2,47.32,14.94,15.5,2325,2095,174,290,51,58,32,300,1000,5,Underweight
176,23,Female,178,47,14.83,Underweight,2.0,15.7,Muscle Gain,4,45,Intermediate,1,0,0,0,1,3,47.41,14.96,15.3,2325,2095,174,290,51,58,32,300,1000,5,Underweight
176,23,Female,178,47,14.83,Underweight,2.0,15.7,Muscle Gain,4,45,Intermediate,1,0,0,0,1,4,47.52,15.0,15.3,2333,2113,174,291,51,58,32,300,1000,5,Underweight
176,23,Female,178,47,14.83,Underweight,2.0,15.7,Muscle Gain,4,45,Intermediate,1,0,0,0,1,5,47.55,15.01,15.2,2333,2113,174,291,51,58,32,300,1000,5,Underweight
176,23,Female,178,47,14.83,Underweight,2.0,15.7,Muscle Gain,4,45,Intermediate,1,0,0,0,1,6,47.66,15.04,15.1,2333,2113,174,291,51,58,32,300,1000,5,Underweight
176,23,Female,178,47,14.83,Underweight,2.0,15.7,Muscle Gain,4,45,Intermediate,1,0,0,0,1,7,47.79,15.08,15.0,2333,2113,174,291,51,58,32,300,1000,5,Underweight
176,23,Female,178,47,14.83,Underweight,2.0,15.7,Muscle Gain,4,45,Intermediate,1,0,0,0,1,8,47.84,15.1,15.1,2338,2124,175,292,51,58,32,300,1000,5,Underweight
176,23,Female,178,47,14.83,Underweight,2.0,15.7,Muscle Gain,4,45,Intermediate,1,0,0,0,1,9,47.81,15.09,15.2,2338,2124,175,292,51,58,32,300,1000,5,Underweight
176,23,Female,178,47,14.83,Underweight,2.0,15.7,Muscle Gain,4,45,Intermediate,1,0,0,0,1,10,47.92,15.13,15.2,2338,2124,175,292,51,58,32,300,1000,5,Underweight
176,23,Female,178,47,14.83,Underweight,2.0,15.7,Muscle Gain,4,45,Intermediate,1,0,0,0,1,11,48.13,15.19,15.0,2338,2124,175,292,51,58,32,300,1000,5,Underweight
176,23,Female,178,47,14.83,Underweight,2.0,15.7,Muscle Gain,4,45,Intermediate,1,0,0,0,1,12,48.16,15.2,14.9,2343,2135,175,292,52,58,32,300,1000,5,Underweight
177,49,Female,153,44,18.8,Normal,4.0,24.9,Muscle Gain,2,90,Beginner,1,0,0,0,1,0,44.0,18.8,24.9,1661,2440,124,207,36,41,23,300,1000,4,Normal
177,49,Female,153,44,18.8,Normal,4.0,24.9,Muscle Gain,2,90,Beginner,1,0,0,0,1,1,44.13,18.85,24.8,1661,2440,124,207,36,41,23,300,1000,4,Normal
177,49,Female,153,44,18.8,Normal,4.0,24.9,Muscle Gain,2,90,Beginner,1,0,0,0,1,2,44.3,18.92,24.9,1661,2440,124,207,36,41,23,300,1000,4,Normal
177,49,Female,153,44,18.8,Normal,4.0,24.9,Muscle Gain,2,90,Beginner,1,0,0,0,1,3,44.43,18.98,25.0,1661,2440,124,207,36,41,23,300,1000,4,Normal
177,49,Female,153,44,18.8,Normal,4.0,24.9,Muscle Gain,2,90,Beginner,1,0,0,0,1,4,44.48,19.0,24.9,1668,2456,125,208,37,41,23,300,1000,4,Normal
177,49,Female,153,44,18.8,Normal,4.0,24.9,Muscle Gain,2,90,Beginner,1,0,0,0,1,5,44.55,19.03,24.9,1668,2456,125,208,37,41,23,300,1000,4,Normal
177,49,Female,153,44,18.8,Normal,4.0,24.9,Muscle Gain,2,90,Beginner,1,0,0,0,1,6,44.77,19.13,25.0,1668,2456,125,208,37,41,23,300,1000,4,Normal
177,49,Female,153,44,18.8,Normal,4.0,24.9,Muscle Gain,2,90,Beginner,1,0,0,0,1,7,44.83,19.15,24.8,1668,2456,125,208,37,41,23,300,1000,4,Normal
177,49,Female,153,44,18.8,Normal,4.0,24.9,Muscle Gain,2,90,Beginner,1,0,0,0,1,8,45.03,19.24,24.6,1675,2476,125,209,37,41,23,300,1000,4,Normal
177,49,Female,153,44,18.8,Normal,4.0,24.9,Muscle Gain,2,90,Beginner,1,0,0,0,1,9,45.17,19.29,24.4,1675,2476,125,209,37,41,23,300,1000,4,Normal
177,49,Female,153,44,18.8,Normal,4.0,24.9,Muscle Gain,2,90,Beginner,1,0,0,0,1,10,45.31,19.36,24.1,1675,2476,125,209,37,41,23,300,1000,4,Normal
177,49,Female,153,44,18.8,Normal,4.0,24.9,Muscle Gain,2,90,Beginner,1,0,0,0,1,11,45.4,19.39,24.1,1675,2476,125,209,37,41,23,300,1000,4,Normal
177,49,Female,153,44,18.8,Normal,4.0,24.9,Muscle Gain,2,90,Beginner,1,0,0,0,1,12,45.53,19.45,24.1,1682,2493,126,210,37,42,23,300,1000,4,Normal
178,34,Male,159,68,26.9,Overweight,4.0,25.8,Weight Loss,4,45,Advanced,1,1,0,0,0,0,68.0,26.9,25.8,1838,2830,183,137,61,45,25,300,1000,4,Overweight
178,34,Male,159,68,26.9,Overweight,4.0,25.8,Weight Loss,4,45,Advanced,1,1,0,0,0,1,67.97,26.89,25.0,1838,2830,183,137,61,45,25,300,1000,4,Overweight
178,34,Male,159,68,26.9,Overweight,4.0,25.8,Weight Loss,4,45,Advanced,1,1,0,0,0,2,67.79,26.82,24.6,1838,2830,183,137,61,45,25,300,1000,4,Overweight
178,34,Male,159,68,26.9,Overweight,4.0,25.8,Weight Loss,4,45,Advanced,1,1,0,0,0,3,67.19,26.58,24.2,1838,2830,183,137,61,45,25,300,1000,4,Overweight
178,34,Male,159,68,26.9,Overweight,4.0,25.8,Weight Loss,4,45,Advanced,1,1,0,0,0,4,67.14,26.56,23.7,1825,2799,182,136,60,45,25,300,1000,4,Overweight
178,34,Male,159,68,26.9,Overweight,4.0,25.8,Weight Loss,4,45,Advanced,1,1,0,0,0,5,66.16,26.17,23.3,1825,2799,182,136,60,45,25,300,1000,4,Overweight
178,34,Male,159,68,26.9,Overweight,4.0,25.8,Weight Loss,4,45,Advanced,1,1,0,0,0,6,65.93,26.08,22.5,1825,2799,182,136,60,45,25,300,1000,4,Overweight
178,34,Male,159,68,26.9,Overweight,4.0,25.8,Weight Loss,4,45,Advanced,1,1,0,0,0,7,65.47,25.9,21.8,1825,2799,182,136,60,45,25,300,1000,4,Overweight
178,34,Male,159,68,26.9,Overweight,4.0,25.8,Weight Loss,4,45,Advanced,1,1,0,0,0,8,65.37,25.86,21.2,1797,2738,179,134,59,44,25,300,1000,4,Overweight
178,34,Male,159,68,26.9,Overweight,4.0,25.8,Weight Loss,4,45,Advanced,1,1,0,0,0,9,64.27,25.42,20.5,1797,2738,179,134,59,44,25,300,1000,4,Overweight
178,34,Male,159,68,26.9,Overweight,4.0,25.8,Weight Loss,4,45,Advanced,1,1,0,0,0,10,63.77,25.22,20.1,1797,2738,179,134,59,44,25,300,1000,4,Overweight
178,34,Male,159,68,26.9,Overweight,4.0,25.8,Weight Loss,4,45,Advanced,1,1,0,0,0,11,63.53,25.13,19.6,1797,2738,179,134,59,44,25,300,1000,4,Overweight
178,34,Male,159,68,26.9,Overweight,4.0,25.8,Weight Loss,4,45,Advanced,1,1,0,0,0,12,62.53,24.73,18.9,1753,2638,175,131,58,43,24,300,1000,4,Normal
179,17,Female,166,86,31.21,Obese,5.0,37.3,Weight Loss,4,45,Intermediate,1,0,0,0,1,0,86.0,31.21,37.3,2059,3460,205,154,68,51,28,300,1000,4,Obese
179,17,Female,166,86,31.21,Obese,5.0,37.3,Weight Loss,4,45,Intermediate,1,0,0,0,1,1,85.49,31.02,36.6,2059,3460,205,154,68,51,28,300,1000,4,Obese
179,17,Female,166,86,31.21,Obese,5.0,37.3,Weight Loss,4,45,Intermediate,1,0,0,0,1,2,84.8,30.77,36.1,2059,3460,205,154,68,51,28,300,1000,4,Obese
179,17,Female,166,86,31.21,Obese,5.0,37.3,Weight Loss,4,45,Intermediate,1,0,0,0,1,3,83.74,30.39,35.6,2059,3460,205,154,68,51,28,300,1000,4,Obese
179,17,Female,166,86,31.21,Obese,5.0,37.3,Weight Loss,4,45,Intermediate,1,0,0,0,1,4,83.24,30.21,35.2,2017,3363,201,151,67,50,28,300,1000,4,Obese
179,17,Female,166,86,31.21,Obese,5.0,37.3,Weight Loss,4,45,Intermediate,1,0,0,0,1,5,82.08,29.79,34.5,2017,3363,201,151,67,50,28,300,1000,4,Overweight
179,17,Female,166,86,31.21,Obese,5.0,37.3,Weight Loss,4,45,Intermediate,1,0,0,0,1,6,81.47,29.57,33.8,2017,3363,201,151,67,50,28,300,1000,4,Overweight
179,17,Female,166,86,31.21,Obese,5.0,37.3,Weight Loss,4,45,Intermediate,1,0,0,0,1,7,81.05,29.41,33.4,2017,3363,201,151,67,50,28,300,1000,4,Overweight
179,17,Female,166,86,31.21,Obese,5.0,37.3,Weight Loss,4,45,Intermediate,1,0,0,0,1,8,80.78,29.31,32.6,1978,3277,197,148,65,49,27,300,1000,4,Overweight
179,17,Female,166,86,31.21,Obese,5.0,37.3,Weight Loss,4,45,Intermediate,1,0,0,0,1,9,80.53,29.23,32.0,1978,3277,197,148,65,49,27,300,1000,4,Overweight
179,17,Female,166,86,31.21,Obese,5.0,37.3,Weight Loss,4,45,Intermediate,1,0,0,0,1,10,79.86,28.98,31.3,1978,3277,197,148,65,49,27,300,1000,4,Overweight
179,17,Female,166,86,31.21,Obese,5.0,37.3,Weight Loss,4,45,Intermediate,1,0,0,0,1,11,79.2,28.74,30.8,1978,3277,197,148,65,49,27,300,1000,4,Overweight
179,17,Female,166,86,31.21,Obese,5.0,37.3,Weight Loss,4,45,Intermediate,1,0,0,0,1,12,78.42,28.46,30.1,1942,3194,194,145,64,48,27,300,1000,4,Overweight
180,27,Male,159,107,42.32,Obese,5.0,43.5,Weight Loss,2,45,Beginner,0,1,0,0,0,0,107.0,42.32,43.5,2158,4195,215,161,71,53,30,300,1000,4,Obese
180,27,Male,159,107,42.32,Obese,5.0,43.5,Weight Loss,2,45,Beginner,0,1,0,0,0,1,106.23,42.02,43.1,2158,4195,215,161,71,53,30,300,1000,4,Obese
180,27,Male,159,107,42.32,Obese,5.0,43.5,Weight Loss,2,45,Beginner,0,1,0,0,0,2,105.46,41.71,42.4,2158,4195,215,161,71,53,30,300,1000,4,Obese
180,27,Male,159,107,42.32,Obese,5.0,43.5,Weight Loss,2,45,Beginner,0,1,0,0,0,3,104.69,41.41,41.8,2158,4195,215,161,71,53,30,300,1000,4,Obese
180,27,Male,159,107,42.32,Obese,5.0,43.5,Weight Loss,2,45,Beginner,0,1,0,0,0,4,103.87,41.09,41.3,2115,4085,211,158,70,52,29,300,1000,4,Obese
180,27,Male,159,107,42.32,Obese,5.0,43.5,Weight Loss,2,45,Beginner,0,1,0,0,0,5,102.59,40.58,40.9,2115,4085,211,158,70,52,29,300,1000,4,Obese
180,27,Male,159,107,42.32,Obese,5.0,43.5,Weight Loss,2,45,Beginner,0,1,0,0,0,6,101.58,40.18,40.6,2115,4085,211,158,70,52,29,300,1000,4,Obese
180,27,Male,159,107,42.32,Obese,5.0,43.5,Weight Loss,2,45,Beginner,0,1,0,0,0,7,100.14,39.61,40.0,2115,4085,211,158,70,52,29,300,1000,4,Obese
180,27,Male,159,107,42.32,Obese,5.0,43.5,Weight Loss,2,45,Beginner,0,1,0,0,0,8,99.53,39.37,39.6,2056,3933,205,154,68,51,28,300,1000,4,Obese
180,27,Male,159,107,42.32,Obese,5.0,43.5,Weight Loss,2,45,Beginner,0,1,0,0,0,9,98.7,39.04,39.0,2056,3933,205,154,68,51,28,300,1000,4,Obese
180,27,Male,159,107,42.32,Obese,5.0,43.5,Weight Loss,2,45,Beginner,0,1,0,0,0,10,97.72,38.65,38.6,2056,3933,205,154,68,51,28,300,1000,4,Obese
180,27,Male,159,107,42.32,Obese,5.0,43.5,Weight Loss,2,45,Beginner,0,1,0,0,0,11,96.86,38.31,38.0,2056,3933,205,154,68,51,28,300,1000,4,Obese
180,27,Male,159,107,42.32,Obese,5.0,43.5,Weight Loss,2,45,Beginner,0,1,0,0,0,12,95.77,37.88,37.6,2004,3801,200,150,66,50,28,300,1000,4,Obese
181,44,Male,166,115,41.73,Obese,5.0,45.1,Weight Loss,4,45,Intermediate,1,1,0,0,1,0,115.0,41.73,45.1,2557,4475,255,191,85,63,35,300,1000,5,Obese
181,44,Male,166,115,41.73,Obese,5.0,45.1,Weight Loss,4,45,Intermediate,1,1,0,0,1,1,113.99,41.37,44.5,2557,4475,255,191,85,63,35,300,1000,5,Obese
181,44,Male,166,115,41.73,Obese,5.0,45.1,Weight Loss,4,45,Intermediate,1,1,0,0,1,2,112.58,40.85,44.2,2557,4475,255,191,85,63,35,300,1000,5,Obese
181,44,Male,166,115,41.73,Obese,5.0,45.1,Weight Loss,4,45,Intermediate,1,1,0,0,1,3,111.96,40.63,43.6,2557,4475,255,191,85,63,35,300,1000,5,Obese
181,44,Male,166,115,41.73,Obese,5.0,45.1,Weight Loss,4,45,Intermediate,1,1,0,0,1,4,111.15,40.34,42.9,2497,4340,249,187,83,62,34,300,1000,5,Obese
181,44,Male,166,115,41.73,Obese,5.0,45.1,Weight Loss,4,45,Intermediate,1,1,0,0,1,5,110.6,40.14,42.4,2497,4340,249,187,83,62,34,300,1000,5,Obese
181,44,Male,166,115,41.73,Obese,5.0,45.1,Weight Loss,4,45,Intermediate,1,1,0,0,1,6,109.1,39.59,41.9,2497,4340,249,187,83,62,34,300,1000,5,Obese
181,44,Male,166,115,41.73,Obese,5.0,45.1,Weight Loss,4,45,Intermediate,1,1,0,0,1,7,108.4,39.34,41.5,2497,4340,249,187,83,62,34,300,1000,5,Obese
181,44,Male,166,115,41.73,Obese,5.0,45.1,Weight Loss,4,45,Intermediate,1,1,0,0,1,8,107.89,39.15,40.9,2447,4226,244,183,81,61,34,300,1000,5,Obese
181,44,Male,166,115,41.73,Obese,5.0,45.1,Weight Loss,4,45,Intermediate,1,1,0,0,1,9,106.6,38.68,40.1,2447,4226,244,183,81,61,34,300,1000,5,Obese
181,44,Male,166,115,41.73,Obese,5.0,45.1,Weight Loss,4,45,Intermediate,1,1,0,0,1,10,105.54,38.3,39.4,2447,4226,244,183,81,61,34,300,1000,5,Obese
181,44,Male,166,115,41.73,Obese,5.0,45.1,Weight Loss,4,45,Intermediate,1,1,0,0,1,11,104.44,37.9,39.1,2447,4226,244,183,81,61,34,300,1000,5,Obese
181,44,Male,166,115,41.73,Obese,5.0,45.1,Weight Loss,4,45,Intermediate,1,1,0,0,1,12,104.15,37.8,38.4,2389,4095,238,179,79,59,33,300,1000,5,Obese
182,41,Male,169,84,29.41,Overweight,4.0,28.5,Weight Loss,3,60,Intermediate,0,1,0,0,0,0,84.0,29.41,28.5,1832,3540,183,137,61,45,25,300,1000,4,Overweight
182,41,Male,169,84,29.41,Overweight,4.0,28.5,Weight Loss,3,60,Intermediate,0,1,0,0,0,1,83.59,29.27,28.0,1832,3540,183,137,61,45,25,300,1000,4,Overweight
182,41,Male,169,84,29.41,Overweight,4.0,28.5,Weight Loss,3,60,Intermediate,0,1,0,0,0,2,82.4,28.85,27.7,1832,3540,183,137,61,45,25,300,1000,4,Overweight
182,41,Male,169,84,29.41,Overweight,4.0,28.5,Weight Loss,3,60,Intermediate,0,1,0,0,0,3,82.02,28.72,27.2,1832,3540,183,137,61,45,25,300,1000,4,Overweight
182,41,Male,169,84,29.41,Overweight,4.0,28.5,Weight Loss,3,60,Intermediate,0,1,0,0,0,4,81.86,28.66,26.6,1802,3465,180,135,60,45,25,300,1000,4,Overweight
182,41,Male,169,84,29.41,Overweight,4.0,28.5,Weight Loss,3,60,Intermediate,0,1,0,0,0,5,80.82,28.3,26.3,1802,3465,180,135,60,45,25,300,1000,4,Overweight
182,41,Male,169,84,29.41,Overweight,4.0,28.5,Weight Loss,3,60,Intermediate,0,1,0,0,0,6,80.08,28.04,25.7,1802,3465,180,135,60,45,25,300,1000,4,Overweight
182,41,Male,169,84,29.41,Overweight,4.0,28.5,Weight Loss,3,60,Intermediate,0,1,0,0,0,7,79.5,27.83,25.1,1802,3465,180,135,60,45,25,300,1000,4,Overweight
182,41,Male,169,84,29.41,Overweight,4.0,28.5,Weight Loss,3,60,Intermediate,0,1,0,0,0,8,79.36,27.78,24.7,1768,3377,176,132,58,44,24,300,1000,4,Overweight
182,41,Male,169,84,29.41,Overweight,4.0,28.5,Weight Loss,3,60,Intermediate,0,1,0,0,0,9,78.6,27.52,24.4,1768,3377,176,132,58,44,24,300,1000,4,Overweight
182,41,Male,169,84,29.41,Overweight,4.0,28.5,Weight Loss,3,60,Intermediate,0,1,0,0,0,10,78.07,27.33,23.8,1768,3377,176,132,58,44,24,300,1000,4,Overweight
182,41,Male,169,84,29.41,Overweight,4.0,28.5,Weight Loss,3,60,Intermediate,0,1,0,0,0,11,77.78,27.23,23.3,1768,3377,176,132,58,44,24,300,1000,4,Overweight
182,41,Male,169,84,29.41,Overweight,4.0,28.5,Weight Loss,3,60,Intermediate,0,1,0,0,0,12,77.03,26.97,22.5,1736,3295,173,130,57,43,24,300,1000,4,Overweight
183,39,Male,173,41,13.7,Underweight,1.0,7.8,Muscle Gain,5,90,Advanced,0,0,0,0,1,0,41.0,13.7,7.8,2316,2335,173,289,51,57,32,300,1000,5,Underweight
183,39,Male,173,41,13.7,Underweight,1.0,7.8,Muscle Gain,5,90,Advanced,0,0,0,0,1,1,40.98,13.69,7.6,2316,2335,173,289,51,57,32,300,1000,5,Underweight
183,39,Male,173,41,13.7,Underweight,1.0,7.8,Muscle Gain,5,90,Advanced,0,0,0,0,1,2,41.06,13.72,7.6,2316,2335,173,289,51,57,32,300,1000,5,Underweight
183,39,Male,173,41,13.7,Underweight,1.0,7.8,Muscle Gain,5,90,Advanced,0,0,0,0,1,3,41.18,13.76,7.6,2316,2335,173,289,51,57,32,300,1000,5,Underweight
183,39,Male,173,41,13.7,Underweight,1.0,7.8,Muscle Gain,5,90,Advanced,0,0,0,0,1,4,41.25,13.78,7.5,2320,2343,174,290,51,58,32,300,1000,5,Underweight
183,39,Male,173,41,13.7,Underweight,1.0,7.8,Muscle Gain,5,90,Advanced,0,0,0,0,1,5,41.25,13.78,7.2,2320,2343,174,290,51,58,32,300,1000,5,Underweight
183,39,Male,173,41,13.7,Underweight,1.0,7.8,Muscle Gain,5,90,Advanced,0,0,0,0,1,6,41.2,13.77,7.3,2320,2343,174,290,51,58,32,300,1000,5,Underweight
183,39,Male,173,41,13.7,Underweight,1.0,7.8,Muscle Gain,5,90,Advanced,0,0,0,0,1,7,41.25,13.78,7.3,2320,2343,174,290,51,58,32,300,1000,5,Underweight
183,39,Male,173,41,13.7,Underweight,1.0,7.8,Muscle Gain,5,90,Advanced,0,0,0,0,1,8,41.19,13.76,7.2,2319,2341,173,289,51,57,32,300,1000,5,Underweight
183,39,Male,173,41,13.7,Underweight,1.0,7.8,Muscle Gain,5,90,Advanced,0,0,0,0,1,9,41.22,13.77,7.2,2319,2341,173,289,51,57,32,300,1000,5,Underweight
183,39,Male,173,41,13.7,Underweight,1.0,7.8,Muscle Gain,5,90,Advanced,0,0,0,0,1,10,41.19,13.76,7.0,2319,2341,173,289,51,57,32,300,1000,5,Underweight
183,39,Male,173,41,13.7,Underweight,1.0,7.8,Muscle Gain,5,90,Advanced,0,0,0,0,1,11,41.3,13.8,7.0,2319,2341,173,289,51,57,32,300,1000,5,Underweight
183,39,Male,173,41,13.7,Underweight,1.0,7.8,Muscle Gain,5,90,Advanced,0,0,0,0,1,12,41.35,13.82,7.0,2322,2347,174,290,51,58,32,300,1000,5,Underweight
184,47,Male,154,66,27.83,Overweight,4.0,27.1,Weight Loss,3,45,Intermediate,1,1,0,0,0,0,66.0,27.83,27.1,1500,2760,150,112,50,37,21,300,1000,4,Overweight
184,47,Male,154,66,27.83,Overweight,4.0,27.1,Weight Loss,3,45,Intermediate,1,1,0,0,0,1,65.26,27.52,26.8,1500,2760,150,112,50,37,21,300,1000,4,Overweight
184,47,Male,154,66,27.83,Overweight,4.0,27.1,Weight Loss,3,45,Intermediate,1,1,0,0,0,2,65.21,27.5,26.2,1500,2760,150,112,50,37,21,300,1000,4,Overweight
184,47,Male,154,66,27.83,Overweight,4.0,27.1,Weight Loss,3,45,Intermediate,1,1,0,0,0,3,64.38,27.15,25.5,1500,2760,150,112,50,37,21,300,1000,4,Overweight
184,47,Male,154,66,27.83,Overweight,4.0,27.1,Weight Loss,3,45,Intermediate,1,1,0,0,0,4,63.71,26.86,24.8,1500,2679,150,112,50,37,21,300,1000,4,Overweight
184,47,Male,154,66,27.83,Overweight,4.0,27.1,Weight Loss,3,45,Intermediate,1,1,0,0,0,5,62.85,26.5,24.3,1500,2679,150,112,50,37,21,300,1000,4,Overweight
184,47,Male,154,66,27.83,Overweight,4.0,27.1,Weight Loss,3,45,Intermediate,1,1,0,0,0,6,61.97,26.13,23.6,1500,2679,150,112,50,37,21,300,1000,4,Overweight
184,47,Male,154,66,27.83,Overweight,4.0,27.1,Weight Loss,3,45,Intermediate,1,1,0,0,0,7,61.74,26.03,22.9,1500,2679,150,112,50,37,21,300,1000,4,Overweight
184,47,Male,154,66,27.83,Overweight,4.0,27.1,Weight Loss,3,45,Intermediate,1,1,0,0,0,8,60.72,25.6,22.2,1500,2575,150,112,50,37,21,300,1000,4,Overweight
184,47,Male,154,66,27.83,Overweight,4.0,27.1,Weight Loss,3,45,Intermediate,1,1,0,0,0,9,60.37,25.45,21.4,1500,2575,150,112,50,37,21,300,1000,4,Overweight
184,47,Male,154,66,27.83,Overweight,4.0,27.1,Weight Loss,3,45,Intermediate,1,1,0,0,0,10,59.81,25.22,21.0,1500,2575,150,112,50,37,21,300,1000,4,Overweight
184,47,Male,154,66,27.83,Overweight,4.0,27.1,Weight Loss,3,45,Intermediate,1,1,0,0,0,11,59.51,25.09,20.7,1500,2575,150,112,50,37,21,300,1000,4,Overweight
184,47,Male,154,66,27.83,Overweight,4.0,27.1,Weight Loss,3,45,Intermediate,1,1,0,0,0,12,59.27,24.99,20.2,1500,2524,150,112,50,37,21,300,1000,4,Normal
185,46,Male,183,75,22.4,Normal,3.0,20.1,Muscle Gain,5,30,Advanced,1,0,0,0,0,0,75.0,22.4,20.1,2886,2925,216,360,64,72,40,300,1000,5,Normal
185,46,Male,183,75,22.4,Normal,3.0,20.1,Muscle Gain,5,30,Advanced,1,0,0,0,0,1,74.95,22.38,19.8,2886,2925,216,360,64,72,40,300,1000,5,Normal
185,46,Male,183,75,22.4,Normal,3.0,20.1,Muscle Gain,5,30,Advanced,1,0,0,0,0,2,75.04,22.41,19.8,2886,2925,216,360,64,72,40,300,1000,5,Normal
185,46,Male,183,75,22.4,Normal,3.0,20.1,Muscle Gain,5,30,Advanced,1,0,0,0,0,3,75.08,22.42,19.8,2886,2925,216,360,64,72,40,300,1000,5,Normal
185,46,Male,183,75,22.4,Normal,3.0,20.1,Muscle Gain,5,30,Advanced,1,0,0,0,0,4,75.17,22.44,19.9,2889,2930,216,361,64,72,40,300,1000,5,Normal
185,46,Male,183,75,22.4,Normal,3.0,20.1,Muscle Gain,5,30,Advanced,1,0,0,0,0,5,75.25,22.47,19.9,2889,2930,216,361,64,72,40,300,1000,5,Normal
185,46,Male,183,75,22.4,Normal,3.0,20.1,Muscle Gain,5,30,Advanced,1,0,0,0,0,6,75.39,22.51,19.7,2889,2930,216,361,64,72,40,300,1000,5,Normal
185,46,Male,183,75,22.4,Normal,3.0,20.1,Muscle Gain,5,30,Advanced,1,0,0,0,0,7,75.36,22.5,19.7,2889,2930,216,361,64,72,40,300,1000,5,Normal
185,46,Male,183,75,22.4,Normal,3.0,20.1,Muscle Gain,5,30,Advanced,1,0,0,0,0,8,75.37,22.51,19.5,2892,2937,216,361,64,72,40,300,1000,5,Normal
185,46,Male,183,75,22.4,Normal,3.0,20.1,Muscle Gain,5,30,Advanced,1,0,0,0,0,9,75.52,22.55,19.4,2892,2937,216,361,64,72,40,300,1000,5,Normal
185,46,Male,183,75,22.4,Normal,3.0,20.1,Muscle Gain,5,30,Advanced,1,0,0,0,0,10,75.59,22.57,19.3,2892,2937,216,361,64,72,40,300,1000,5,Normal
185,46,Male,183,75,22.4,Normal,3.0,20.1,Muscle Gain,5,30,Advanced,1,0,0,0,0,11,75.6,22.58,19.1,2892,2937,216,361,64,72,40,300,1000,5,Normal
185,46,Male,183,75,22.4,Normal,3.0,20.1,Muscle Gain,5,30,Advanced,1,0,0,0,0,12,75.66,22.59,19.0,2896,2948,217,362,64,72,40,300,1000,5,Normal
186,23,Male,155,75,31.22,Obese,4.0,29.2,Weight Loss,4,30,Intermediate,1,1,1,0,1,0,75.0,31.22,29.2,1993,2925,199,149,66,49,27,300,1000,4,Obese
186,23,Male,155,75,31.22,Obese,4.0,29.2,Weight Loss,4,30,Intermediate,1,1,1,0,1,1,74.07,30.83,28.7,1993,2925,199,149,66,49,27,300,1000,4,Obese
186,23,Male,155,75,31.22,Obese,4.0,29.2,Weight Loss,4,30,Intermediate,1,1,1,0,1,2,73.29,30.51,27.9,1993,2925,199,149,66,49,27,300,1000,4,Obese
186,23,Male,155,75,31.22,Obese,4.0,29.2,Weight Loss,4,30,Intermediate,1,1,1,0,1,3,72.58,30.21,27.4,1993,2925,199,149,66,49,27,300,1000,4,Obese
186,23,Male,155,75,31.22,Obese,4.0,29.2,Weight Loss,4,30,Intermediate,1,1,1,0,1,4,72.13,30.02,26.8,1949,2824,194,146,64,48,27,300,1000,4,Obese
186,23,Male,155,75,31.22,Obese,4.0,29.2,Weight Loss,4,30,Intermediate,1,1,1,0,1,5,71.5,29.76,26.4,1949,2824,194,146,64,48,27,300,1000,4,Overweight
186,23,Male,155,75,31.22,Obese,4.0,29.2,Weight Loss,4,30,Intermediate,1,1,1,0,1,6,71.32,29.69,26.0,1949,2824,194,146,64,48,27,300,1000,4,Overweight
186,23,Male,155,75,31.22,Obese,4.0,29.2,Weight Loss,4,30,Intermediate,1,1,1,0,1,7,70.54,29.36,25.5,1949,2824,194,146,64,48,27,300,1000,4,Overweight
186,23,Male,155,75,31.22,Obese,4.0,29.2,Weight Loss,4,30,Intermediate,1,1,1,0,1,8,69.6,28.97,25.2,1909,2735,190,143,63,47,26,300,1000,4,Overweight
186,23,Male,155,75,31.22,Obese,4.0,29.2,Weight Loss,4,30,Intermediate,1,1,1,0,1,9,69.6,28.97,24.7,1909,2735,190,143,63,47,26,300,1000,4,Overweight
186,23,Male,155,75,31.22,Obese,4.0,29.2,Weight Loss,4,30,Intermediate,1,1,1,0,1,10,68.69,28.59,24.0,1909,2735,190,143,63,47,26,300,1000,4,Overweight
186,23,Male,155,75,31.22,Obese,4.0,29.2,Weight Loss,4,30,Intermediate,1,1,1,0,1,11,67.84,28.24,23.4,1909,2735,190,143,63,47,26,300,1000,4,Overweight
186,23,Male,155,75,31.22,Obese,4.0,29.2,Weight Loss,4,30,Intermediate,1,1,1,0,1,12,67.05,27.91,22.7,1870,2646,187,140,62,46,26,300,1000,4,Overweight
187,32,Female,151,65,28.51,Overweight,5.0,35.9,Weight Loss,2,90,Beginner,1,0,0,0,1,0,65.0,28.51,35.9,1250,3175,125,93,41,31,17,300,1000,3,Overweight
187,32,Female,151,65,28.51,Overweight,5.0,35.9,Weight Loss,2,90,Beginner,1,0,0,0,1,1,64.09,28.11,35.1,1250,3175,125,93,41,31,17,300,1000,3,Overweight
187,32,Female,151,65,28.51,Overweight,5.0,35.9,Weight Loss,2,90,Beginner,1,0,0,0,1,2,64.04,28.09,34.5,1250,3175,125,93,41,31,17,300,1000,3,Overweight
187,32,Female,151,65,28.51,Overweight,5.0,35.9,Weight Loss,2,90,Beginner,1,0,0,0,1,3,63.75,27.96,34.1,1250,3175,125,93,41,31,17,300,1000,3,Overweight
187,32,Female,151,65,28.51,Overweight,5.0,35.9,Weight Loss,2,90,Beginner,1,0,0,0,1,4,63.31,27.76,33.5,1226,3115,122,91,40,30,17,300,1000,3,Overweight
187,32,Female,151,65,28.51,Overweight,5.0,35.9,Weight Loss,2,90,Beginner,1,0,0,0,1,5,62.41,27.37,33.0,1226,3115,122,91,40,30,17,300,1000,3,Overweight
187,32,Female,151,65,28.51,Overweight,5.0,35.9,Weight Loss,2,90,Beginner,1,0,0,0,1,6,62.34,27.34,32.4,1226,3115,122,91,40,30,17,300,1000,3,Overweight
187,32,Female,151,65,28.51,Overweight,5.0,35.9,Weight Loss,2,90,Beginner,1,0,0,0,1,7,62.06,27.22,31.9,1226,3115,122,91,40,30,17,300,1000,3,Overweight
187,32,Female,151,65,28.51,Overweight,5.0,35.9,Weight Loss,2,90,Beginner,1,0,0,0,1,8,61.2,26.84,31.2,1200,3042,120,90,40,30,16,300,1000,3,Overweight
187,32,Female,151,65,28.51,Overweight,5.0,35.9,Weight Loss,2,90,Beginner,1,0,0,0,1,9,60.57,26.56,30.9,1200,3042,120,90,40,30,16,300,1000,3,Overweight
187,32,Female,151,65,28.51,Overweight,5.0,35.9,Weight Loss,2,90,Beginner,1,0,0,0,1,10,60.42,26.5,30.4,1200,3042,120,90,40,30,16,300,1000,3,Overweight
187,32,Female,151,65,28.51,Overweight,5.0,35.9,Weight Loss,2,90,Beginner,1,0,0,0,1,11,59.72,26.19,30.0,1200,3042,120,90,40,30,16,300,1000,3,Overweight
187,32,Female,151,65,28.51,Overweight,5.0,35.9,Weight Loss,2,90,Beginner,1,0,0,0,1,12,59.39,26.05,29.3,1200,2978,120,90,40,30,16,300,1000,3,Overweight
188,42,Male,162,82,31.25,Obese,5.0,30.4,Weight Loss,4,60,Intermediate,1,0,0,0,0,0,82.0,31.25,30.4,2022,3470,202,151,67,50,28,300,1000,4,Obese
188,42,Male,162,82,31.25,Obese,5.0,30.4,Weight Loss,4,60,Intermediate,1,0,0,0,0,1,81.21,30.95,29.7,2022,3470,202,151,67,50,28,300,1000,4,Obese
188,42,Male,162,82,31.25,Obese,5.0,30.4,Weight Loss,4,60,Intermediate,1,0,0,0,0,2,80.07,30.51,29.3,2022,3470,202,151,67,50,28,300,1000,4,Obese
188,42,Male,162,82,31.25,Obese,5.0,30.4,Weight Loss,4,60,Intermediate,1,0,0,0,0,3,78.8,30.03,28.9,2022,3470,202,151,67,50,28,300,1000,4,Obese
188,42,Male,162,82,31.25,Obese,5.0,30.4,Weight Loss,4,60,Intermediate,1,0,0,0,0,4,77.85,29.66,28.3,1958,3324,195,146,65,48,27,300,1000,4,Overweight
188,42,Male,162,82,31.25,Obese,5.0,30.4,Weight Loss,4,60,Intermediate,1,0,0,0,0,5,76.61,29.19,27.8,1958,3324,195,146,65,48,27,300,1000,4,Overweight
188,42,Male,162,82,31.25,Obese,5.0,30.4,Weight Loss,4,60,Intermediate,1,0,0,0,0,6,76.4,29.11,27.0,1958,3324,195,146,65,48,27,300,1000,4,Overweight
188,42,Male,162,82,31.25,Obese,5.0,30.4,Weight Loss,4,60,Intermediate,1,0,0,0,0,7,75.94,28.94,26.5,1958,3324,195,146,65,48,27,300,1000,4,Overweight
188,42,Male,162,82,31.25,Obese,5.0,30.4,Weight Loss,4,60,Intermediate,1,0,0,0,0,8,75.53,28.78,25.8,1922,3243,192,144,64,48,26,300,1000,4,Overweight
188,42,Male,162,82,31.25,Obese,5.0,30.4,Weight Loss,4,60,Intermediate,1,0,0,0,0,9,74.87,28.53,25.1,1922,3243,192,144,64,48,26,300,1000,4,Overweight
188,42,Male,162,82,31.25,Obese,5.0,30.4,Weight Loss,4,60,Intermediate,1,0,0,0,0,10,74.21,28.28,24.5,1922,3243,192,144,64,48,26,300,1000,4,Overweight
188,42,Male,162,82,31.25,Obese,5.0,30.4,Weight Loss,4,60,Intermediate,1,0,0,0,0,11,73.06,27.84,24.2,1922,3243,192,144,64,48,26,300,1000,4,Overweight
188,42,Male,162,82,31.25,Obese,5.0,30.4,Weight Loss,4,60,Intermediate,1,0,0,0,0,12,72.65,27.68,23.8,1877,3142,187,140,62,46,26,300,1000,4,Overweight
189,18,Male,192,66,17.9,Underweight,2.0,10.7,Muscle Gain,5,45,Advanced,0,1,0,1,1,0,66.0,17.9,10.7,3051,2760,228,381,67,76,42,300,1000,5,Underweight
189,18,Male,192,66,17.9,Underweight,2.0,10.7,Muscle Gain,5,45,Advanced,0,1,0,1,1,1,66.04,17.91,10.6,3051,2760,228,381,67,76,42,300,1000,5,Underweight
189,18,Male,192,66,17.9,Underweight,2.0,10.7,Muscle Gain,5,45,Advanced,0,1,0,1,1,2,66.18,17.95,10.6,3051,2760,228,381,67,76,42,300,1000,5,Underweight
189,18,Male,192,66,17.9,Underweight,2.0,10.7,Muscle Gain,5,45,Advanced,0,1,0,1,1,3,66.15,17.94,10.5,3051,2760,228,381,67,76,42,300,1000,5,Underweight
189,18,Male,192,66,17.9,Underweight,2.0,10.7,Muscle Gain,5,45,Advanced,0,1,0,1,1,4,66.21,17.96,10.2,3054,2767,229,381,67,76,42,300,1000,5,Underweight
189,18,Male,192,66,17.9,Underweight,2.0,10.7,Muscle Gain,5,45,Advanced,0,1,0,1,1,5,66.17,17.95,10.1,3054,2767,229,381,67,76,42,300,1000,5,Underweight
189,18,Male,192,66,17.9,Underweight,2.0,10.7,Muscle Gain,5,45,Advanced,0,1,0,1,1,6,66.24,17.97,10.1,3054,2767,229,381,67,76,42,300,1000,5,Underweight
189,18,Male,192,66,17.9,Underweight,2.0,10.7,Muscle Gain,5,45,Advanced,0,1,0,1,1,7,66.28,17.98,9.9,3054,2767,229,381,67,76,42,300,1000,5,Underweight
189,18,Male,192,66,17.9,Underweight,2.0,10.7,Muscle Gain,5,45,Advanced,0,1,0,1,1,8,66.44,18.02,9.9,3058,2775,229,382,67,76,42,300,1000,5,Underweight
189,18,Male,192,66,17.9,Underweight,2.0,10.7,Muscle Gain,5,45,Advanced,0,1,0,1,1,9,66.58,18.06,9.7,3058,2775,229,382,67,76,42,300,1000,5,Underweight
189,18,Male,192,66,17.9,Underweight,2.0,10.7,Muscle Gain,5,45,Advanced,0,1,0,1,1,10,66.73,18.1,9.5,3058,2775,229,382,67,76,42,300,1000,5,Underweight
189,18,Male,192,66,17.9,Underweight,2.0,10.7,Muscle Gain,5,45,Advanced,0,1,0,1,1,11,66.77,18.11,9.6,3058,2775,229,382,67,76,42,300,1000,5,Underweight
189,18,Male,192,66,17.9,Underweight,2.0,10.7,Muscle Gain,5,45,Advanced,0,1,0,1,1,12,66.92,18.15,9.3,3065,2792,229,383,68,76,42,300,1000,5,Underweight
190,17,Female,192,108,29.3,Overweight,5.0,34.0,Weight Loss,4,90,Intermediate,1,0,0,0,1,0,108.0,29.3,34.0,2652,4680,265,198,88,66,37,300,1000,5,Overweight
190,17,Female,192,108,29.3,Overweight,5.0,34.0,Weight Loss,4,90,Intermediate,1,0,0,0,1,1,107.11,29.06,33.4,2652,4680,265,198,88,66,37,300,1000,5,Overweight
190,17,Female,192,108,29.3,Overweight,5.0,34.0,Weight Loss,4,90,Intermediate,1,0,0,0,1,2,106.66,28.93,32.7,2652,4680,265,198,88,66,37,300,1000,5,Overweight
190,17,Female,192,108,29.3,Overweight,5.0,34.0,Weight Loss,4,90,Intermediate,1,0,0,0,1,3,105.58,28.64,32.4,2652,4680,265,198,88,66,37,300,1000,5,Overweight
190,17,Female,192,108,29.3,Overweight,5.0,34.0,Weight Loss,4,90,Intermediate,1,0,0,0,1,4,104.74,28.41,31.7,2602,4565,260,195,86,65,36,300,1000,5,Overweight
190,17,Female,192,108,29.3,Overweight,5.0,34.0,Weight Loss,4,90,Intermediate,1,0,0,0,1,5,103.73,28.14,31.2,2602,4565,260,195,86,65,36,300,1000,5,Overweight
190,17,Female,192,108,29.3,Overweight,5.0,34.0,Weight Loss,4,90,Intermediate,1,0,0,0,1,6,102.97,27.93,30.7,2602,4565,260,195,86,65,36,300,1000,5,Overweight
190,17,Female,192,108,29.3,Overweight,5.0,34.0,Weight Loss,4,90,Intermediate,1,0,0,0,1,7,102.61,27.83,30.0,2602,4565,260,195,86,65,36,300,1000,5,Overweight
190,17,Female,192,108,29.3,Overweight,5.0,34.0,Weight Loss,4,90,Intermediate,1,0,0,0,1,8,101.44,27.52,29.4,2551,4450,255,191,85,63,35,300,1000,5,Overweight
190,17,Female,192,108,29.3,Overweight,5.0,34.0,Weight Loss,4,90,Intermediate,1,0,0,0,1,9,101.12,27.43,28.6,2551,4450,255,191,85,63,35,300,1000,5,Overweight
190,17,Female,192,108,29.3,Overweight,5.0,34.0,Weight Loss,4,90,Intermediate,1,0,0,0,1,10,99.97,27.12,28.2,2551,4450,255,191,85,63,35,300,1000,5,Overweight
190,17,Female,192,108,29.3,Overweight,5.0,34.0,Weight Loss,4,90,Intermediate,1,0,0,0,1,11,98.95,26.84,27.6,2551,4450,255,191,85,63,35,300,1000,5,Overweight
190,17,Female,192,108,29.3,Overweight,5.0,34.0,Weight Loss,4,90,Intermediate,1,0,0,0,1,12,98.02,26.59,27.1,2497,4330,249,187,83,62,34,300,1000,5,Overweight
191,28,Female,197,59,15.2,Underweight,2.0,16.4,Muscle Gain,5,90,Advanced,0,0,0,0,0,0,59.0,15.2,16.4,2656,2965,199,332,59,66,37,300,1000,5,Underweight
191,28,Female,197,59,15.2,Underweight,2.0,16.4,Muscle Gain,5,90,Advanced,0,0,0,0,0,1,59.09,15.23,16.1,2656,2965,199,332,59,66,37,300,1000,5,Underweight
191,28,Female,197,59,15.2,Underweight,2.0,16.4,Muscle Gain,5,90,Advanced,0,0,0,0,0,2,59.15,15.24,15.9,2656,2965,199,332,59,66,37,300,1000,5,Underweight
191,28,Female,197,59,15.2,Underweight,2.0,16.4,Muscle Gain,5,90,Advanced,0,0,0,0,0,3,59.18,15.25,15.6,2656,2965,199,332,59,66,37,300,1000,5,Underweight
191,28,Female,197,59,15.2,Underweight,2.0,16.4,Muscle Gain,5,90,Advanced,0,0,0,0,0,4,59.32,15.28,15.7,2661,2976,199,332,59,66,37,300,1000,5,Underweight
191,28,Female,197,59,15.2,Underweight,2.0,16.4,Muscle Gain,5,90,Advanced,0,0,0,0,0,5,59.46,15.32,15.4,2661,2976,199,332,59,66,37,300,1000,5,Underweight
191,28,Female,197,59,15.2,Underweight,2.0,16.4,Muscle Gain,5,90,Advanced,0,0,0,0,0,6,59.57,15.35,15.2,2661,2976,199,332,59,66,37,300,1000,5,Underweight
191,28,Female,197,59,15.2,Underweight,2.0,16.4,Muscle Gain,5,90,Advanced,0,0,0,0,0,7,59.65,15.37,15.1,2661,2976,199,332,59,66,37,300,1000,5,Underweight
191,28,Female,197,59,15.2,Underweight,2.0,16.4,Muscle Gain,5,90,Advanced,0,0,0,0,0,8,59.72,15.39,14.9,2667,2990,200,333,59,66,37,300,1000,5,Underweight
191,28,Female,197,59,15.2,Underweight,2.0,16.4,Muscle Gain,5,90,Advanced,0,0,0,0,0,9,59.79,15.41,14.7,2667,2990,200,333,59,66,37,300,1000,5,Underweight
191,28,Female,197,59,15.2,Underweight,2.0,16.4,Muscle Gain,5,90,Advanced,0,0,0,0,0,10,59.91,15.44,14.7,2667,2990,200,333,59,66,37,300,1000,5,Underweight
191,28,Female,197,59,15.2,Underweight,2.0,16.4,Muscle Gain,5,90,Advanced,0,0,0,0,0,11,60.01,15.46,14.5,2667,2990,200,333,59,66,37,300,1000,5,Underweight
191,28,Female,197,59,15.2,Underweight,2.0,16.4,Muscle Gain,5,90,Advanced,0,0,0,0,0,12,60.16,15.5,14.3,2674,3005,200,334,59,66,37,300,1000,5,Underweight
192,21,Female,160,50,19.53,Normal,4.0,24.4,Muscle Gain,5,90,Advanced,0,0,1,0,0,0,50.0,19.53,24.4,2212,2650,165,276,49,55,30,300,1000,5,Normal
192,21,Female,160,50,19.53,Normal,4.0,24.4,Muscle Gain,5,90,Advanced,0,0,1,0,0,1,50.13,19.58,24.4,2212,2650,165,276,49,55,30,300,1000,5,Normal
192,21,Female,160,50,19.53,Normal,4.0,24.4,Muscle Gain,5,90,Advanced,0,0,1,0,0,2,50.26,19.63,24.4,2212,2650,165,276,49,55,30,300,1000,5,Normal
192,21,Female,160,50,19.53,Normal,4.0,24.4,Muscle Gain,5,90,Advanced,0,0,1,0,0,3,50.32,19.66,24.1,2212,2650,165,276,49,55,30,300,1000,5,Normal
192,21,Female,160,50,19.53,Normal,4.0,24.4,Muscle Gain,5,90,Advanced,0,0,1,0,0,4,50.38,19.68,24.0,2218,2663,166,277,49,55,31,300,1000,5,Normal
192,21,Female,160,50,19.53,Normal,4.0,24.4,Muscle Gain,5,90,Advanced,0,0,1,0,0,5,50.42,19.7,23.8,2218,2663,166,277,49,55,31,300,1000,5,Normal
192,21,Female,160,50,19.53,Normal,4.0,24.4,Muscle Gain,5,90,Advanced,0,0,1,0,0,6,50.39,19.68,23.6,2218,2663,166,277,49,55,31,300,1000,5,Normal
192,21,Female,160,50,19.53,Normal,4.0,24.4,Muscle Gain,5,90,Advanced,0,0,1,0,0,7,50.38,19.68,23.4,2218,2663,166,277,49,55,31,300,1000,5,Normal
192,21,Female,160,50,19.53,Normal,4.0,24.4,Muscle Gain,5,90,Advanced,0,0,1,0,0,8,50.45,19.71,23.2,2219,2665,166,277,49,55,31,300,1000,5,Normal
192,21,Female,160,50,19.53,Normal,4.0,24.4,Muscle Gain,5,90,Advanced,0,0,1,0,0,9,50.56,19.75,23.0,2219,2665,166,277,49,55,31,300,1000,5,Normal
192,21,Female,160,50,19.53,Normal,4.0,24.4,Muscle Gain,5,90,Advanced,0,0,1,0,0,10,50.69,19.8,23.0,2219,2665,166,277,49,55,31,300,1000,5,Normal
192,21,Female,160,50,19.53,Normal,4.0,24.4,Muscle Gain,5,90,Advanced,0,0,1,0,0,11,50.66,19.79,22.9,2219,2665,166,277,49,55,31,300,1000,5,Normal
192,21,Female,160,50,19.53,Normal,4.0,24.4,Muscle Gain,5,90,Advanced,0,0,1,0,0,12,50.64,19.78,22.7,2222,2672,166,277,49,55,31,300,1000,5,Normal
193,48,Male,196,113,29.41,Overweight,4.0,26.2,Muscle Gain,3,90,Beginner,0,0,0,1,0,0,113.0,29.41,26.2,3215,4855,241,401,71,80,45,300,1000,5,Overweight
193,48,Male,196,113,29.41,Overweight,4.0,26.2,Muscle Gain,3,90,Beginner,0,0,0,1,0,1,113.34,29.5,26.2,3215,4855,241,401,71,80,45,300,1000,5,Overweight
193,48,Male,196,113,29.41,Overweight,4.0,26.2,Muscle Gain,3,90,Beginner,0,0,0,1,0,2,113.71,29.6,26.2,3215,4855,241,401,71,80,45,300,1000,5,Overweight
193,48,Male,196,113,29.41,Overweight,4.0,26.2,Muscle Gain,3,90,Beginner,0,0,0,1,0,3,114.08,29.69,26.0,3215,4855,241,401,71,80,45,300,1000,5,Overweight
193,48,Male,196,113,29.41,Overweight,4.0,26.2,Muscle Gain,3,90,Beginner,0,0,0,1,0,4,114.4,29.78,25.9,3234,4904,242,404,71,80,45,300,1000,5,Overweight
193,48,Male,196,113,29.41,Overweight,4.0,26.2,Muscle Gain,3,90,Beginner,0,0,0,1,0,5,114.79,29.88,25.7,3234,4904,242,404,71,80,45,300,1000,5,Overweight
193,48,Male,196,113,29.41,Overweight,4.0,26.2,Muscle Gain,3,90,Beginner,0,0,0,1,0,6,115.15,29.97,25.6,3234,4904,242,404,71,80,45,300,1000,5,Overweight
193,48,Male,196,113,29.41,Overweight,4.0,26.2,Muscle Gain,3,90,Beginner,0,0,0,1,0,7,115.59,30.09,25.6,3234,4904,242,404,71,80,45,300,1000,5,Obese
193,48,Male,196,113,29.41,Overweight,4.0,26.2,Muscle Gain,3,90,Beginner,0,0,0,1,0,8,115.98,30.19,25.6,3255,4959,244,406,72,81,45,300,1000,5,Obese
193,48,Male,196,113,29.41,Overweight,4.0,26.2,Muscle Gain,3,90,Beginner,0,0,0,1,0,9,116.36,30.29,25.5,3255,4959,244,406,72,81,45,300,1000,5,Obese
193,48,Male,196,113,29.41,Overweight,4.0,26.2,Muscle Gain,3,90,Beginner,0,0,0,1,0,10,116.85,30.42,25.5,3255,4959,244,406,72,81,45,300,1000,5,Obese
193,48,Male,196,113,29.41,Overweight,4.0,26.2,Muscle Gain,3,90,Beginner,0,0,0,1,0,11,117.35,30.55,25.6,3255,4959,244,406,72,81,45,300,1000,5,Obese
193,48,Male,196,113,29.41,Overweight,4.0,26.2,Muscle Gain,3,90,Beginner,0,0,0,1,0,12,117.66,30.63,25.4,3279,5018,245,409,72,81,45,300,1000,5,Obese
194,25,Female,172,77,26.03,Overweight,4.0,29.3,Maintain,3,45,Intermediate,1,0,0,0,1,0,77.0,26.03,29.3,2143,3145,160,214,71,53,30,300,1000,4,Overweight
194,25,Female,172,77,26.03,Overweight,4.0,29.3,Maintain,3,45,Intermediate,1,0,0,0,1,1,76.52,25.87,29.3,2143,3145,160,214,71,53,30,300,1000,4,Overweight
194,25,Female,172,77,26.03,Overweight,4.0,29.3,Maintain,3,45,Intermediate,1,0,0,0,1,2,76.53,25.87,29.3,2143,3145,160,214,71,53,30,300,1000,4,Overweight
194,25,Female,172,77,26.03,Overweight,4.0,29.3,Maintain,3,45,Intermediate,1,0,0,0,1,3,77.0,26.03,29.5,2143,3145,160,214,71,53,30,300,1000,4,Overweight
194,25,Female,172,77,26.03,Overweight,4.0,29.3,Maintain,3,45,Intermediate,1,0,0,0,1,4,76.66,25.91,29.4,2138,3133,160,213,71,53,29,300,1000,4,Overweight
194,25,Female,172,77,26.03,Overweight,4.0,29.3,Maintain,3,45,Intermediate,1,0,0,0,1,5,76.58,25.89,29.4,2138,3133,160,213,71,53,29,300,1000,4,Overweight
194,25,Female,172,77,26.03,Overweight,4.0,29.3,Maintain,3,45,Intermediate,1,0,0,0,1,6,76.88,25.99,29.4,2138,3133,160,213,71,53,29,300,1000,4,Overweight
194,25,Female,172,77,26.03,Overweight,4.0,29.3,Maintain,3,45,Intermediate,1,0,0,0,1,7,76.96,26.01,29.5,2138,3133,160,213,71,53,29,300,1000,4,Overweight
194,25,Female,172,77,26.03,Overweight,4.0,29.3,Maintain,3,45,Intermediate,1,0,0,0,1,8,77.26,26.12,29.4,2147,3154,161,214,71,53,30,300,1000,4,Overweight
194,25,Female,172,77,26.03,Overweight,4.0,29.3,Maintain,3,45,Intermediate,1,0,0,0,1,9,77.48,26.19,29.4,2147,3154,161,214,71,53,30,300,1000,4,Overweight
194,25,Female,172,77,26.03,Overweight,4.0,29.3,Maintain,3,45,Intermediate,1,0,0,0,1,10,77.27,26.12,29.2,2147,3154,161,214,71,53,30,300,1000,4,Overweight
194,25,Female,172,77,26.03,Overweight,4.0,29.3,Maintain,3,45,Intermediate,1,0,0,0,1,11,77.26,26.11,29.1,2147,3154,161,214,71,53,30,300,1000,4,Overweight
194,25,Female,172,77,26.03,Overweight,4.0,29.3,Maintain,3,45,Intermediate,1,0,0,0,1,12,77.01,26.03,29.2,2143,3145,160,214,71,53,30,300,1000,4,Overweight
195,35,Male,165,45,16.53,Underweight,1.0,8.5,Muscle Gain,4,60,Beginner,1,0,0,0,0,0,45.0,16.53,8.5,2332,2175,174,291,51,58,32,300,1000,5,Underweight
195,35,Male,165,45,16.53,Underweight,1.0,8.5,Muscle Gain,4,60,Beginner,1,0,0,0,0,1,45.11,16.57,8.2,2332,2175,174,291,51,58,32,300,1000,5,Underweight
195,35,Male,165,45,16.53,Underweight,1.0,8.5,Muscle Gain,4,60,Beginner,1,0,0,0,0,2,45.17,16.59,8.3,2332,2175,174,291,51,58,32,300,1000,5,Underweight
195,35,Male,165,45,16.53,Underweight,1.0,8.5,Muscle Gain,4,60,Beginner,1,0,0,0,0,3,45.29,16.63,8.1,2332,2175,174,291,51,58,32,300,1000,5,Underweight
195,35,Male,165,45,16.53,Underweight,1.0,8.5,Muscle Gain,4,60,Beginner,1,0,0,0,0,4,45.35,16.66,7.8,2337,2187,175,292,51,58,32,300,1000,5,Underweight
195,35,Male,165,45,16.53,Underweight,1.0,8.5,Muscle Gain,4,60,Beginner,1,0,0,0,0,5,45.43,16.69,7.8,2337,2187,175,292,51,58,32,300,1000,5,Underweight
195,35,Male,165,45,16.53,Underweight,1.0,8.5,Muscle Gain,4,60,Beginner,1,0,0,0,0,6,45.54,16.73,7.5,2337,2187,175,292,51,58,32,300,1000,5,Underweight
195,35,Male,165,45,16.53,Underweight,1.0,8.5,Muscle Gain,4,60,Beginner,1,0,0,0,0,7,45.56,16.73,7.5,2337,2187,175,292,51,58,32,300,1000,5,Underweight
195,35,Male,165,45,16.53,Underweight,1.0,8.5,Muscle Gain,4,60,Beginner,1,0,0,0,0,8,45.75,16.8,7.3,2344,2201,175,293,52,58,32,300,1000,5,Underweight
195,35,Male,165,45,16.53,Underweight,1.0,8.5,Muscle Gain,4,60,Beginner,1,0,0,0,0,9,45.89,16.86,7.3,2344,2201,175,293,52,58,32,300,1000,5,Underweight
195,35,Male,165,45,16.53,Underweight,1.0,8.5,Muscle Gain,4,60,Beginner,1,0,0,0,0,10,45.95,16.88,7.2,2344,2201,175,293,52,58,32,300,1000,5,Underweight
195,35,Male,165,45,16.53,Underweight,1.0,8.5,Muscle Gain,4,60,Beginner,1,0,0,0,0,11,46.07,16.92,7.2,2344,2201,175,293,52,58,32,300,1000,5,Underweight
195,35,Male,165,45,16.53,Underweight,1.0,8.5,Muscle Gain,4,60,Beginner,1,0,0,0,0,12,46.24,16.98,7.1,2351,2218,176,293,52,58,32,300,1000,5,Underweight
196,32,Male,180,111,34.26,Obese,5.0,36.0,Weight Loss,3,45,Intermediate,1,1,0,0,0,0,111.0,34.26,36.0,2360,4335,236,177,78,59,33,300,1000,5,Obese
196,32,Male,180,111,34.26,Obese,5.0,36.0,Weight Loss,3,45,Intermediate,1,1,0,0,0,1,110.24,34.02,35.5,2360,4335,236,177,78,59,33,300,1000,5,Obese
196,32,Male,180,111,34.26,Obese,5.0,36.0,Weight Loss,3,45,Intermediate,1,1,0,0,0,2,109.69,33.85,34.9,2360,4335,236,177,78,59,33,300,1000,5,Obese
196,32,Male,180,111,34.26,Obese,5.0,36.0,Weight Loss,3,45,Intermediate,1,1,0,0,0,3,109.18,33.7,34.4,2360,4335,236,177,78,59,33,300,1000,5,Obese
196,32,Male,180,111,34.26,Obese,5.0,36.0,Weight Loss,3,45,Intermediate,1,1,0,0,0,4,108.99,33.64,33.6,2332,4264,233,174,77,58,32,300,1000,5,Obese
196,32,Male,180,111,34.26,Obese,5.0,36.0,Weight Loss,3,45,Intermediate,1,1,0,0,0,5,108.29,33.42,33.3,2332,4264,233,174,77,58,32,300,1000,5,Obese
196,32,Male,180,111,34.26,Obese,5.0,36.0,Weight Loss,3,45,Intermediate,1,1,0,0,0,6,107.82,33.28,32.7,2332,4264,233,174,77,58,32,300,1000,5,Obese
196,32,Male,180,111,34.26,Obese,5.0,36.0,Weight Loss,3,45,Intermediate,1,1,0,0,0,7,106.69,32.93,32.2,2332,4264,233,174,77,58,32,300,1000,5,Obese
196,32,Male,180,111,34.26,Obese,5.0,36.0,Weight Loss,3,45,Intermediate,1,1,0,0,0,8,105.51,32.56,31.7,2284,4142,228,171,76,57,31,300,1000,5,Obese
196,32,Male,180,111,34.26,Obese,5.0,36.0,Weight Loss,3,45,Intermediate,1,1,0,0,0,9,104.86,32.36,31.3,2284,4142,228,171,76,57,31,300,1000,5,Obese
196,32,Male,180,111,34.26,Obese,5.0,36.0,Weight Loss,3,45,Intermediate,1,1,0,0,0,10,104.57,32.27,31.0,2284,4142,228,171,76,57,31,300,1000,5,Obese
196,32,Male,180,111,34.26,Obese,5.0,36.0,Weight Loss,3,45,Intermediate,1,1,0,0,0,11,103.55,31.96,30.4,2284,4142,228,171,76,57,31,300,1000,5,Obese
196,32,Male,180,111,34.26,Obese,5.0,36.0,Weight Loss,3,45,Intermediate,1,1,0,0,0,12,102.9,31.76,29.9,2248,4051,224,168,74,56,31,300,1000,5,Obese
197,19,Male,160,62,24.22,Normal,2.0,14.8,Muscle Gain,5,90,Advanced,1,1,1,0,0,0,62.0,24.22,14.8,2671,3070,200,333,59,66,37,300,1000,5,Normal
197,19,Male,160,62,24.22,Normal,2.0,14.8,Muscle Gain,5,90,Advanced,1,1,1,0,0,1,62.07,24.24,14.5,2671,3070,200,333,59,66,37,300,1000,5,Normal
197,19,Male,160,62,24.22,Normal,2.0,14.8,Muscle Gain,5,90,Advanced,1,1,1,0,0,2,62.1,24.26,14.6,2671,3070,200,333,59,66,37,300,1000,5,Normal
197,19,Male,160,62,24.22,Normal,2.0,14.8,Muscle Gain,5,90,Advanced,1,1,1,0,0,3,62.23,24.31,14.4,2671,3070,200,333,59,66,37,300,1000,5,Normal
197,19,Male,160,62,24.22,Normal,2.0,14.8,Muscle Gain,5,90,Advanced,1,1,1,0,0,4,62.19,24.29,14.3,2674,3076,200,334,59,66,37,300,1000,5,Normal
197,19,Male,160,62,24.22,Normal,2.0,14.8,Muscle Gain,5,90,Advanced,1,1,1,0,0,5,62.24,24.31,14.4,2674,3076,200,334,59,66,37,300,1000,5,Normal
197,19,Male,160,62,24.22,Normal,2.0,14.8,Muscle Gain,5,90,Advanced,1,1,1,0,0,6,62.33,24.35,14.5,2674,3076,200,334,59,66,37,300,1000,5,Normal
197,19,Male,160,62,24.22,Normal,2.0,14.8,Muscle Gain,5,90,Advanced,1,1,1,0,0,7,62.35,24.35,14.5,2674,3076,200,334,59,66,37,300,1000,5,Normal
197,19,Male,160,62,24.22,Normal,2.0,14.8,Muscle Gain,5,90,Advanced,1,1,1,0,0,8,62.51,24.42,14.6,2679,3087,200,334,59,66,37,300,1000,5,Normal
197,19,Male,160,62,24.22,Normal,2.0,14.8,Muscle Gain,5,90,Advanced,1,1,1,0,0,9,62.62,24.46,14.4,2679,3087,200,334,59,66,37,300,1000,5,Normal
197,19,Male,160,62,24.22,Normal,2.0,14.8,Muscle Gain,5,90,Advanced,1,1,1,0,0,10,62.69,24.49,14.4,2679,3087,200,334,59,66,37,300,1000,5,Normal
197,19,Male,160,62,24.22,Normal,2.0,14.8,Muscle Gain,5,90,Advanced,1,1,1,0,0,11,62.71,24.5,14.1,2679,3087,200,334,59,66,37,300,1000,5,Normal
197,19,Male,160,62,24.22,Normal,2.0,14.8,Muscle Gain,5,90,Advanced,1,1,1,0,0,12,62.84,24.55,13.9,2684,3099,201,335,59,67,37,300,1000,5,Normal
198,36,Male,165,86,31.59,Obese,4.0,27.4,Weight Loss,5,60,Advanced,1,1,0,0,0,0,86.0,31.59,27.4,2160,3610,216,162,72,54,30,300,1000,4,Obese
198,36,Male,165,86,31.59,Obese,4.0,27.4,Weight Loss,5,60,Advanced,1,1,0,0,0,1,85.36,31.35,26.8,2160,3610,216,162,72,54,30,300,1000,4,Obese
198,36,Male,165,86,31.59,Obese,4.0,27.4,Weight Loss,5,60,Advanced,1,1,0,0,0,2,85.19,31.29,26.4,2160,3610,216,162,72,54,30,300,1000,4,Obese
198,36,Male,165,86,31.59,Obese,4.0,27.4,Weight Loss,5,60,Advanced,1,1,0,0,0,3,84.64,31.09,25.6,2160,3610,216,162,72,54,30,300,1000,4,Obese
198,36,Male,165,86,31.59,Obese,4.0,27.4,Weight Loss,5,60,Advanced,1,1,0,0,0,4,83.71,30.75,24.9,2124,3529,212,159,70,53,29,300,1000,4,Obese
198,36,Male,165,86,31.59,Obese,4.0,27.4,Weight Loss,5,60,Advanced,1,1,0,0,0,5,83.42,30.64,24.3,2124,3529,212,159,70,53,29,300,1000,4,Obese
198,36,Male,165,86,31.59,Obese,4.0,27.4,Weight Loss,5,60,Advanced,1,1,0,0,0,6,83.07,30.51,23.9,2124,3529,212,159,70,53,29,300,1000,4,Obese
198,36,Male,165,86,31.59,Obese,4.0,27.4,Weight Loss,5,60,Advanced,1,1,0,0,0,7,82.71,30.38,23.4,2124,3529,212,159,70,53,29,300,1000,4,Obese
198,36,Male,165,86,31.59,Obese,4.0,27.4,Weight Loss,5,60,Advanced,1,1,0,0,0,8,81.63,29.98,22.8,2092,3456,209,156,69,52,29,300,1000,4,Overweight
198,36,Male,165,86,31.59,Obese,4.0,27.4,Weight Loss,5,60,Advanced,1,1,0,0,0,9,81.07,29.78,22.4,2092,3456,209,156,69,52,29,300,1000,4,Overweight
198,36,Male,165,86,31.59,Obese,4.0,27.4,Weight Loss,5,60,Advanced,1,1,0,0,0,10,79.94,29.36,21.7,2092,3456,209,156,69,52,29,300,1000,4,Overweight
198,36,Male,165,86,31.59,Obese,4.0,27.4,Weight Loss,5,60,Advanced,1,1,0,0,0,11,79.19,29.09,21.2,2092,3456,209,156,69,52,29,300,1000,4,Overweight
198,36,Male,165,86,31.59,Obese,4.0,27.4,Weight Loss,5,60,Advanced,1,1,0,0,0,12,78.9,28.98,20.8,2050,3361,205,153,68,51,28,300,1000,4,Overweight
199,40,Female,157,129,52.33,Obese,5.0,60.0,Weight Loss,3,60,Intermediate,1,0,0,0,1,0,129.0,52.33,60.0,2126,5115,212,159,70,53,29,300,1000,4,Obese
199,40,Female,157,129,52.33,Obese,5.0,60.0,Weight Loss,3,60,Intermediate,1,0,0,0,1,1,127.84,51.86,59.3,2126,5115,212,159,70,53,29,300,1000,4,Obese
199,40,Female,157,129,52.33,Obese,5.0,60.0,Weight Loss,3,60,Intermediate,1,0,0,0,1,2,126.92,51.49,58.9,2126,5115,212,159,70,53,29,300,1000,4,Obese
199,40,Female,157,129,52.33,Obese,5.0,60.0,Weight Loss,3,60,Intermediate,1,0,0,0,1,3,126.01,51.12,58.3,2126,5115,212,159,70,53,29,300,1000,4,Obese
199,40,Female,157,129,52.33,Obese,5.0,60.0,Weight Loss,3,60,Intermediate,1,0,0,0,1,4,124.72,50.6,57.8,2067,4965,206,155,68,51,28,300,1000,4,Obese
199,40,Female,157,129,52.33,Obese,5.0,60.0,Weight Loss,3,60,Intermediate,1,0,0,0,1,5,123.4,50.06,57.3,2067,4965,206,155,68,51,28,300,1000,4,Obese
199,40,Female,157,129,52.33,Obese,5.0,60.0,Weight Loss,3,60,Intermediate,1,0,0,0,1,6,122.2,49.58,57.0,2067,4965,206,155,68,51,28,300,1000,4,Obese
199,40,Female,157,129,52.33,Obese,5.0,60.0,Weight Loss,3,60,Intermediate,1,0,0,0,1,7,121.04,49.1,56.6,2067,4965,206,155,68,51,28,300,1000,4,Obese
199,40,Female,157,129,52.33,Obese,5.0,60.0,Weight Loss,3,60,Intermediate,1,0,0,0,1,8,120.41,48.85,56.2,2008,4814,200,150,66,50,28,300,1000,4,Obese
199,40,Female,157,129,52.33,Obese,5.0,60.0,Weight Loss,3,60,Intermediate,1,0,0,0,1,9,119.57,48.51,55.8,2008,4814,200,150,66,50,28,300,1000,4,Obese
199,40,Female,157,129,52.33,Obese,5.0,60.0,Weight Loss,3,60,Intermediate,1,0,0,0,1,10,118.52,48.08,55.5,2008,4814,200,150,66,50,28,300,1000,4,Obese
199,40,Female,157,129,52.33,Obese,5.0,60.0,Weight Loss,3,60,Intermediate,1,0,0,0,1,11,117.71,47.75,54.9,2008,4814,200,150,66,50,28,300,1000,4,Obese
199,40,Female,157,129,52.33,Obese,5.0,60.0,Weight Loss,3,60,Intermediate,1,0,0,0,1,12,116.76,47.37,54.1,1958,4686,195,146,65,48,27,300,1000,4,Obese
200,49,Female,153,85,36.31,Obese,5.0,46.8,Weight Loss,3,60,Intermediate,1,0,1,0,0,0,85.0,36.31,46.8,1425,3575,142,106,47,35,19,300,1000,3,Obese
200,49,Female,153,85,36.31,Obese,5.0,46.8,Weight Loss,3,60,Intermediate,1,0,1,0,0,1,84.14,35.95,46.3,1425,3575,142,106,47,35,19,300,1000,3,Obese
200,49,Female,153,85,36.31,Obese,5.0,46.8,Weight Loss,3,60,Intermediate,1,0,1,0,0,2,83.17,35.53,45.6,1425,3575,142,106,47,35,19,300,1000,3,Obese
200,49,Female,153,85,36.31,Obese,5.0,46.8,Weight Loss,3,60,Intermediate,1,0,1,0,0,3,82.06,35.05,45.3,1425,3575,142,106,47,35,19,300,1000,3,Obese
200,49,Female,153,85,36.31,Obese,5.0,46.8,Weight Loss,3,60,Intermediate,1,0,1,0,0,4,81.27,34.72,44.6,1373,3444,137,102,45,34,19,300,1000,3,Obese
200,49,Female,153,85,36.31,Obese,5.0,46.8,Weight Loss,3,60,Intermediate,1,0,1,0,0,5,81.12,34.66,44.2,1373,3444,137,102,45,34,19,300,1000,3,Obese
200,49,Female,153,85,36.31,Obese,5.0,46.8,Weight Loss,3,60,Intermediate,1,0,1,0,0,6,80.16,34.24,43.5,1373,3444,137,102,45,34,19,300,1000,3,Obese
200,49,Female,153,85,36.31,Obese,5.0,46.8,Weight Loss,3,60,Intermediate,1,0,1,0,0,7,80.02,34.18,42.9,1373,3444,137,102,45,34,19,300,1000,3,Obese
200,49,Female,153,85,36.31,Obese,5.0,46.8,Weight Loss,3,60,Intermediate,1,0,1,0,0,8,79.27,33.86,42.2,1346,3374,134,100,44,33,18,300,1000,3,Obese
200,49,Female,153,85,36.31,Obese,5.0,46.8,Weight Loss,3,60,Intermediate,1,0,1,0,0,9,78.26,33.43,41.8,1346,3374,134,100,44,33,18,300,1000,3,Obese
200,49,Female,153,85,36.31,Obese,5.0,46.8,Weight Loss,3,60,Intermediate,1,0,1,0,0,10,78.0,33.32,41.0,1346,3374,134,100,44,33,18,300,1000,3,Obese
200,49,Female,153,85,36.31,Obese,5.0,46.8,Weight Loss,3,60,Intermediate,1,0,1,0,0,11,76.93,32.86,40.7,1346,3374,134,100,44,33,18,300,1000,3,Obese
200,49,Female,153,85,36.31,Obese,5.0,46.8,Weight Loss,3,60,Intermediate,1,0,1,0,0,12,76.7,32.77,40.1,1311,3284,131,98,43,32,18,300,1000,3,Obese
201,40,Male,189,51,14.28,Underweight,1.0,4.1,Muscle Gain,4,30,Intermediate,1,0,1,0,0,0,51.0,14.28,4.1,2619,2085,196,327,58,65,36,300,1000,5,Underweight
201,40,Male,189,51,14.28,Underweight,1.0,4.1,Muscle Gain,4,30,Intermediate,1,0,1,0,0,1,51.08,14.3,5.0,2619,2085,196,327,58,65,36,300,1000,5,Underweight
201,40,Male,189,51,14.28,Underweight,1.0,4.1,Muscle Gain,4,30,Intermediate,1,0,1,0,0,2,51.11,14.31,5.1,2619,2085,196,327,58,65,36,300,1000,5,Underweight
201,40,Male,189,51,14.28,Underweight,1.0,4.1,Muscle Gain,4,30,Intermediate,1,0,1,0,0,3,51.19,14.33,5.0,2619,2085,196,327,58,65,36,300,1000,5,Underweight
201,40,Male,189,51,14.28,Underweight,1.0,4.1,Muscle Gain,4,30,Intermediate,1,0,1,0,0,4,51.32,14.37,5.0,2624,2096,196,328,58,65,36,300,1000,5,Underweight
201,40,Male,189,51,14.28,Underweight,1.0,4.1,Muscle Gain,4,30,Intermediate,1,0,1,0,0,5,51.38,14.38,5.1,2624,2096,196,328,58,65,36,300,1000,5,Underweight
201,40,Male,189,51,14.28,Underweight,1.0,4.1,Muscle Gain,4,30,Intermediate,1,0,1,0,0,6,51.59,14.44,5.0,2624,2096,196,328,58,65,36,300,1000,5,Underweight
201,40,Male,189,51,14.28,Underweight,1.0,4.1,Muscle Gain,4,30,Intermediate,1,0,1,0,0,7,51.61,14.45,5.0,2624,2096,196,328,58,65,36,300,1000,5,Underweight
201,40,Male,189,51,14.28,Underweight,1.0,4.1,Muscle Gain,4,30,Intermediate,1,0,1,0,0,8,51.72,14.48,5.0,2630,2110,197,328,58,65,36,300,1000,5,Underweight
201,40,Male,189,51,14.28,Underweight,1.0,4.1,Muscle Gain,4,30,Intermediate,1,0,1,0,0,9,51.89,14.53,5.0,2630,2110,197,328,58,65,36,300,1000,5,Underweight
201,40,Male,189,51,14.28,Underweight,1.0,4.1,Muscle Gain,4,30,Intermediate,1,0,1,0,0,10,51.96,14.55,5.0,2630,2110,197,328,58,65,36,300,1000,5,Underweight
201,40,Male,189,51,14.28,Underweight,1.0,4.1,Muscle Gain,4,30,Intermediate,1,0,1,0,0,11,52.06,14.57,5.0,2630,2110,197,328,58,65,36,300,1000,5,Underweight
201,40,Male,189,51,14.28,Underweight,1.0,4.1,Muscle Gain,4,30,Intermediate,1,0,1,0,0,12,52.23,14.62,5.0,2638,2128,197,329,58,65,36,300,1000,5,Underweight
202,27,Male,153,129,55.11,Obese,5.0,60.0,Weight Loss,3,60,Intermediate,1,1,0,0,0,0,129.0,55.11,60.0,2409,5115,240,180,80,60,33,300,1000,5,Obese
202,27,Male,153,129,55.11,Obese,5.0,60.0,Weight Loss,3,60,Intermediate,1,1,0,0,0,1,127.83,54.61,59.6,2409,5115,240,180,80,60,33,300,1000,5,Obese
202,27,Male,153,129,55.11,Obese,5.0,60.0,Weight Loss,3,60,Intermediate,1,1,0,0,0,2,126.6,54.08,58.9,2409,5115,240,180,80,60,33,300,1000,5,Obese
202,27,Male,153,129,55.11,Obese,5.0,60.0,Weight Loss,3,60,Intermediate,1,1,0,0,0,3,126.14,53.89,58.2,2409,5115,240,180,80,60,33,300,1000,5,Obese
202,27,Male,153,129,55.11,Obese,5.0,60.0,Weight Loss,3,60,Intermediate,1,1,0,0,0,4,125.13,53.46,57.7,2356,4979,235,176,78,58,32,300,1000,5,Obese
202,27,Male,153,129,55.11,Obese,5.0,60.0,Weight Loss,3,60,Intermediate,1,1,0,0,0,5,124.33,53.11,57.1,2356,4979,235,176,78,58,32,300,1000,5,Obese
202,27,Male,153,129,55.11,Obese,5.0,60.0,Weight Loss,3,60,Intermediate,1,1,0,0,0,6,123.62,52.81,56.6,2356,4979,235,176,78,58,32,300,1000,5,Obese
202,27,Male,153,129,55.11,Obese,5.0,60.0,Weight Loss,3,60,Intermediate,1,1,0,0,0,7,122.81,52.46,55.9,2356,4979,235,176,78,58,32,300,1000,5,Obese
202,27,Male,153,129,55.11,Obese,5.0,60.0,Weight Loss,3,60,Intermediate,1,1,0,0,0,8,121.48,51.9,55.5,2306,4851,230,172,76,57,32,300,1000,5,Obese
202,27,Male,153,129,55.11,Obese,5.0,60.0,Weight Loss,3,60,Intermediate,1,1,0,0,0,9,120.88,51.64,54.7,2306,4851,230,172,76,57,32,300,1000,5,Obese
202,27,Male,153,129,55.11,Obese,5.0,60.0,Weight Loss,3,60,Intermediate,1,1,0,0,0,10,120.23,51.36,54.0,2306,4851,230,172,76,57,32,300,1000,5,Obese
202,27,Male,153,129,55.11,Obese,5.0,60.0,Weight Loss,3,60,Intermediate,1,1,0,0,0,11,119.28,50.96,53.5,2306,4851,230,172,76,57,32,300,1000,5,Obese
202,27,Male,153,129,55.11,Obese,5.0,60.0,Weight Loss,3,60,Intermediate,1,1,0,0,0,12,118.46,50.6,53.0,2264,4746,226,169,75,56,31,300,1000,5,Obese
203,24,Male,174,52,17.18,Underweight,1.0,8.9,Muscle Gain,5,90,Advanced,1,1,1,1,1,0,52.0,17.18,8.9,2613,2720,195,326,58,65,36,300,1000,5,Underweight
203,24,Male,174,52,17.18,Underweight,1.0,8.9,Muscle Gain,5,90,Advanced,1,1,1,1,1,1,52.09,17.2,8.8,2613,2720,195,326,58,65,36,300,1000,5,Underweight
203,24,Male,174,52,17.18,Underweight,1.0,8.9,Muscle Gain,5,90,Advanced,1,1,1,1,1,2,52.07,17.2,8.5,2613,2720,195,326,58,65,36,300,1000,5,Underweight
203,24,Male,174,52,17.18,Underweight,1.0,8.9,Muscle Gain,5,90,Advanced,1,1,1,1,1,3,52.16,17.23,8.5,2613,2720,195,326,58,65,36,300,1000,5,Underweight
203,24,Male,174,52,17.18,Underweight,1.0,8.9,Muscle Gain,5,90,Advanced,1,1,1,1,1,4,52.29,17.27,8.4,2617,2730,196,327,58,65,36,300,1000,5,Underweight
203,24,Male,174,52,17.18,Underweight,1.0,8.9,Muscle Gain,5,90,Advanced,1,1,1,1,1,5,52.39,17.3,8.4,2617,2730,196,327,58,65,36,300,1000,5,Underweight
203,24,Male,174,52,17.18,Underweight,1.0,8.9,Muscle Gain,5,90,Advanced,1,1,1,1,1,6,52.37,17.3,8.1,2617,2730,196,327,58,65,36,300,1000,5,Underweight
203,24,Male,174,52,17.18,Underweight,1.0,8.9,Muscle Gain,5,90,Advanced,1,1,1,1,1,7,52.39,17.3,8.1,2617,2730,196,327,58,65,36,300,1000,5,Underweight
203,24,Male,174,52,17.18,Underweight,1.0,8.9,Muscle Gain,5,90,Advanced,1,1,1,1,1,8,52.49,17.34,7.9,2621,2737,196,327,58,65,36,300,1000,5,Underweight
203,24,Male,174,52,17.18,Underweight,1.0,8.9,Muscle Gain,5,90,Advanced,1,1,1,1,1,9,52.5,17.34,7.7,2621,2737,196,327,58,65,36,300,1000,5,Underweight
203,24,Male,174,52,17.18,Underweight,1.0,8.9,Muscle Gain,5,90,Advanced,1,1,1,1,1,10,52.59,17.37,7.5,2621,2737,196,327,58,65,36,300,1000,5,Underweight
203,24,Male,174,52,17.18,Underweight,1.0,8.9,Muscle Gain,5,90,Advanced,1,1,1,1,1,11,52.7,17.41,7.2,2621,2737,196,327,58,65,36,300,1000,5,Underweight
203,24,Male,174,52,17.18,Underweight,1.0,8.9,Muscle Gain,5,90,Advanced,1,1,1,1,1,12,52.86,17.46,6.9,2626,2750,196,328,58,65,36,300,1000,5,Underweight
204,36,Female,152,101,43.72,Obese,5.0,56.2,Weight Loss,3,90,Advanced,1,0,1,0,0,0,101.0,43.72,56.2,1726,4435,172,129,57,43,24,300,1000,4,Obese
204,36,Female,152,101,43.72,Obese,5.0,56.2,Weight Loss,3,90,Advanced,1,0,1,0,0,1,100.22,43.38,55.8,1726,4435,172,129,57,43,24,300,1000,4,Obese
204,36,Female,152,101,43.72,Obese,5.0,56.2,Weight Loss,3,90,Advanced,1,0,1,0,0,2,99.56,43.09,55.4,1726,4435,172,129,57,43,24,300,1000,4,Obese
204,36,Female,152,101,43.72,Obese,5.0,56.2,Weight Loss,3,90,Advanced,1,0,1,0,0,3,99.34,43.0,54.9,1726,4435,172,129,57,43,24,300,1000,4,Obese
204,36,Female,152,101,43.72,Obese,5.0,56.2,Weight Loss,3,90,Advanced,1,0,1,0,0,4,98.95,42.83,54.5,1697,4363,169,127,56,42,23,300,1000,4,Obese
204,36,Female,152,101,43.72,Obese,5.0,56.2,Weight Loss,3,90,Advanced,1,0,1,0,0,5,98.28,42.54,53.9,1697,4363,169,127,56,42,23,300,1000,4,Obese
204,36,Female,152,101,43.72,Obese,5.0,56.2,Weight Loss,3,90,Advanced,1,0,1,0,0,6,98.22,42.51,53.2,1697,4363,169,127,56,42,23,300,1000,4,Obese
204,36,Female,152,101,43.72,Obese,5.0,56.2,Weight Loss,3,90,Advanced,1,0,1,0,0,7,97.39,42.15,52.4,1697,4363,169,127,56,42,23,300,1000,4,Obese
204,36,Female,152,101,43.72,Obese,5.0,56.2,Weight Loss,3,90,Advanced,1,0,1,0,0,8,96.81,41.9,51.9,1668,4288,166,125,55,41,23,300,1000,4,Obese
204,36,Female,152,101,43.72,Obese,5.0,56.2,Weight Loss,3,90,Advanced,1,0,1,0,0,9,95.83,41.48,51.2,1668,4288,166,125,55,41,23,300,1000,4,Obese
204,36,Female,152,101,43.72,Obese,5.0,56.2,Weight Loss,3,90,Advanced,1,0,1,0,0,10,95.24,41.22,50.9,1668,4288,166,125,55,41,23,300,1000,4,Obese
204,36,Female,152,101,43.72,Obese,5.0,56.2,Weight Loss,3,90,Advanced,1,0,1,0,0,11,94.88,41.07,50.4,1668,4288,166,125,55,41,23,300,1000,4,Obese
204,36,Female,152,101,43.72,Obese,5.0,56.2,Weight Loss,3,90,Advanced,1,0,1,0,0,12,94.53,40.92,49.9,1637,4208,163,122,54,40,22,300,1000,4,Obese
205,41,Male,181,121,36.93,Obese,5.0,37.9,Weight Loss,4,30,Intermediate,1,1,0,0,0,0,121.0,36.93,37.9,2818,4535,281,211,93,70,39,300,1000,5,Obese
205,41,Male,181,121,36.93,Obese,5.0,37.9,Weight Loss,4,30,Intermediate,1,1,0,0,0,1,119.66,36.53,37.2,2818,4535,281,211,93,70,39,300,1000,5,Obese
205,41,Male,181,121,36.93,Obese,5.0,37.9,Weight Loss,4,30,Intermediate,1,1,0,0,0,2,118.64,36.21,36.8,2818,4535,281,211,93,70,39,300,1000,5,Obese
205,41,Male,181,121,36.93,Obese,5.0,37.9,Weight Loss,4,30,Intermediate,1,1,0,0,0,3,117.04,35.73,36.3,2818,4535,281,211,93,70,39,300,1000,5,Obese
205,41,Male,181,121,36.93,Obese,5.0,37.9,Weight Loss,4,30,Intermediate,1,1,0,0,0,4,116.36,35.52,35.9,2747,4372,274,206,91,68,38,300,1000,5,Obese
205,41,Male,181,121,36.93,Obese,5.0,37.9,Weight Loss,4,30,Intermediate,1,1,0,0,0,5,115.68,35.31,35.4,2747,4372,274,206,91,68,38,300,1000,5,Obese
205,41,Male,181,121,36.93,Obese,5.0,37.9,Weight Loss,4,30,Intermediate,1,1,0,0,0,6,115.33,35.2,34.9,2747,4372,274,206,91,68,38,300,1000,5,Obese
205,41,Male,181,121,36.93,Obese,5.0,37.9,Weight Loss,4,30,Intermediate,1,1,0,0,0,7,114.05,34.81,34.2,2747,4372,274,206,91,68,38,300,1000,5,Obese
205,41,Male,181,121,36.93,Obese,5.0,37.9,Weight Loss,4,30,Intermediate,1,1,0,0,0,8,112.78,34.42,33.9,2691,4247,269,201,89,67,37,300,1000,5,Obese
205,41,Male,181,121,36.93,Obese,5.0,37.9,Weight Loss,4,30,Intermediate,1,1,0,0,0,9,112.44,34.32,33.3,2691,4247,269,201,89,67,37,300,1000,5,Obese
205,41,Male,181,121,36.93,Obese,5.0,37.9,Weight Loss,4,30,Intermediate,1,1,0,0,0,10,111.24,33.95,32.8,2691,4247,269,201,89,67,37,300,1000,5,Obese
205,41,Male,181,121,36.93,Obese,5.0,37.9,Weight Loss,4,30,Intermediate,1,1,0,0,0,11,110.14,33.62,32.5,2691,4247,269,201,89,67,37,300,1000,5,Obese
205,41,Male,181,121,36.93,Obese,5.0,37.9,Weight Loss,4,30,Intermediate,1,1,0,0,0,12,109.37,33.38,32.0,2638,4127,263,197,87,65,36,300,1000,5,Obese
206,41,Male,152,128,55.4,Obese,5.0,60.0,Weight Loss,2,30,Beginner,1,1,0,0,1,0,128.0,55.4,60.0,2291,4780,229,171,76,57,32,300,1000,5,Obese
206,41,Male,152,128,55.4,Obese,5.0,60.0,Weight Loss,2,30,Beginner,1,1,0,0,1,1,127.73,55.28,59.4,2291,4780,229,171,76,57,32,300,1000,5,Obese
206,41,Male,152,128,55.4,Obese,5.0,60.0,Weight Loss,2,30,Beginner,1,1,0,0,1,2,126.93,54.94,58.9,2291,4780,229,171,76,57,32,300,1000,5,Obese
206,41,Male,152,128,55.4,Obese,5.0,60.0,Weight Loss,2,30,Beginner,1,1,0,0,1,3,126.16,54.6,58.1,2291,4780,229,171,76,57,32,300,1000,5,Obese
206,41,Male,152,128,55.4,Obese,5.0,60.0,Weight Loss,2,30,Beginner,1,1,0,0,1,4,125.67,54.39,57.4,2259,4698,225,169,75,56,31,300,1000,5,Obese
206,41,Male,152,128,55.4,Obese,5.0,60.0,Weight Loss,2,30,Beginner,1,1,0,0,1,5,124.09,53.71,57.0,2259,4698,225,169,75,56,31,300,1000,5,Obese
206,41,Male,152,128,55.4,Obese,5.0,60.0,Weight Loss,2,30,Beginner,1,1,0,0,1,6,123.36,53.39,56.2,2259,4698,225,169,75,56,31,300,1000,5,Obese
206,41,Male,152,128,55.4,Obese,5.0,60.0,Weight Loss,2,30,Beginner,1,1,0,0,1,7,122.42,52.99,55.5,2259,4698,225,169,75,56,31,300,1000,5,Obese
206,41,Male,152,128,55.4,Obese,5.0,60.0,Weight Loss,2,30,Beginner,1,1,0,0,1,8,121.63,52.65,55.0,2203,4557,220,165,73,55,30,300,1000,5,Obese
206,41,Male,152,128,55.4,Obese,5.0,60.0,Weight Loss,2,30,Beginner,1,1,0,0,1,9,120.7,52.24,54.5,2203,4557,220,165,73,55,30,300,1000,5,Obese
206,41,Male,152,128,55.4,Obese,5.0,60.0,Weight Loss,2,30,Beginner,1,1,0,0,1,10,119.82,51.86,53.9,2203,4557,220,165,73,55,30,300,1000,5,Obese
206,41,Male,152,128,55.4,Obese,5.0,60.0,Weight Loss,2,30,Beginner,1,1,0,0,1,11,118.45,51.27,53.1,2203,4557,220,165,73,55,30,300,1000,5,Obese
206,41,Male,152,128,55.4,Obese,5.0,60.0,Weight Loss,2,30,Beginner,1,1,0,0,1,12,117.17,50.71,52.8,2142,4401,214,160,71,53,29,300,1000,4,Obese
207,45,Female,176,99,31.96,Obese,5.0,41.6,Weight Loss,4,30,Intermediate,1,0,1,0,1,0,99.0,31.96,41.6,2141,3765,214,160,71,53,29,300,1000,4,Obese
207,45,Female,176,99,31.96,Obese,5.0,41.6,Weight Loss,4,30,Intermediate,1,0,1,0,1,1,97.66,31.53,40.9,2141,3765,214,160,71,53,29,300,1000,4,Obese
207,45,Female,176,99,31.96,Obese,5.0,41.6,Weight Loss,4,30,Intermediate,1,0,1,0,1,2,97.04,31.33,40.2,2141,3765,214,160,71,53,29,300,1000,4,Obese
207,45,Female,176,99,31.96,Obese,5.0,41.6,Weight Loss,4,30,Intermediate,1,0,1,0,1,3,96.3,31.09,39.6,2141,3765,214,160,71,53,29,300,1000,4,Obese
207,45,Female,176,99,31.96,Obese,5.0,41.6,Weight Loss,4,30,Intermediate,1,0,1,0,1,4,96.05,31.01,38.9,2095,3661,209,157,69,52,29,300,1000,4,Obese
207,45,Female,176,99,31.96,Obese,5.0,41.6,Weight Loss,4,30,Intermediate,1,0,1,0,1,5,95.09,30.7,38.3,2095,3661,209,157,69,52,29,300,1000,4,Obese
207,45,Female,176,99,31.96,Obese,5.0,41.6,Weight Loss,4,30,Intermediate,1,0,1,0,1,6,94.57,30.53,37.7,2095,3661,209,157,69,52,29,300,1000,4,Obese
207,45,Female,176,99,31.96,Obese,5.0,41.6,Weight Loss,4,30,Intermediate,1,0,1,0,1,7,94.27,30.43,37.2,2095,3661,209,157,69,52,29,300,1000,4,Obese
207,45,Female,176,99,31.96,Obese,5.0,41.6,Weight Loss,4,30,Intermediate,1,0,1,0,1,8,94.11,30.38,36.5,2065,3593,206,154,68,51,28,300,1000,4,Obese
207,45,Female,176,99,31.96,Obese,5.0,41.6,Weight Loss,4,30,Intermediate,1,0,1,0,1,9,93.15,30.07,36.0,2065,3593,206,154,68,51,28,300,1000,4,Obese
207,45,Female,176,99,31.96,Obese,5.0,41.6,Weight Loss,4,30,Intermediate,1,0,1,0,1,10,92.19,29.76,35.3,2065,3593,206,154,68,51,28,300,1000,4,Overweight
207,45,Female,176,99,31.96,Obese,5.0,41.6,Weight Loss,4,30,Intermediate,1,0,1,0,1,11,91.75,29.62,34.6,2065,3593,206,154,68,51,28,300,1000,4,Overweight
207,45,Female,176,99,31.96,Obese,5.0,41.6,Weight Loss,4,30,Intermediate,1,0,1,0,1,12,90.59,29.24,34.3,2010,3470,201,150,67,50,28,300,1000,4,Overweight
208,34,Female,178,82,25.88,Overweight,5.0,32.5,Maintain,3,60,Intermediate,0,0,1,0,1,0,82.0,25.88,32.5,2202,3470,165,220,73,55,30,300,1000,5,Overweight
208,34,Female,178,82,25.88,Overweight,5.0,32.5,Maintain,3,60,Intermediate,0,0,1,0,1,1,81.67,25.78,32.6,2202,3470,165,220,73,55,30,300,1000,5,Overweight
208,34,Female,178,82,25.88,Overweight,5.0,32.5,Maintain,3,60,Intermediate,0,0,1,0,1,2,81.39,25.69,32.4,2202,3470,165,220,73,55,30,300,1000,5,Overweight
208,34,Female,178,82,25.88,Overweight,5.0,32.5,Maintain,3,60,Intermediate,0,0,1,0,1,3,81.77,25.81,32.6,2202,3470,165,220,73,55,30,300,1000,5,Overweight
208,34,Female,178,82,25.88,Overweight,5.0,32.5,Maintain,3,60,Intermediate,0,0,1,0,1,4,81.67,25.78,32.7,2197,3458,164,219,73,54,30,300,1000,4,Overweight
208,34,Female,178,82,25.88,Overweight,5.0,32.5,Maintain,3,60,Intermediate,0,0,1,0,1,5,81.73,25.8,32.8,2197,3458,164,219,73,54,30,300,1000,4,Overweight
208,34,Female,178,82,25.88,Overweight,5.0,32.5,Maintain,3,60,Intermediate,0,0,1,0,1,6,81.55,25.74,32.8,2197,3458,164,219,73,54,30,300,1000,4,Overweight
208,34,Female,178,82,25.88,Overweight,5.0,32.5,Maintain,3,60,Intermediate,0,0,1,0,1,7,81.53,25.73,32.8,2197,3458,164,219,73,54,30,300,1000,4,Overweight
208,34,Female,178,82,25.88,Overweight,5.0,32.5,Maintain,3,60,Intermediate,0,0,1,0,1,8,81.92,25.86,32.6,2200,3467,165,220,73,55,30,300,1000,5,Overweight
208,34,Female,178,82,25.88,Overweight,5.0,32.5,Maintain,3,60,Intermediate,0,0,1,0,1,9,81.57,25.75,32.7,2200,3467,165,220,73,55,30,300,1000,5,Overweight
208,34,Female,178,82,25.88,Overweight,5.0,32.5,Maintain,3,60,Intermediate,0,0,1,0,1,10,81.73,25.8,32.5,2200,3467,165,220,73,55,30,300,1000,5,Overweight
208,34,Female,178,82,25.88,Overweight,5.0,32.5,Maintain,3,60,Intermediate,0,0,1,0,1,11,81.62,25.76,32.7,2200,3467,165,220,73,55,30,300,1000,5,Overweight
208,34,Female,178,82,25.88,Overweight,5.0,32.5,Maintain,3,60,Intermediate,0,0,1,0,1,12,81.37,25.68,32.8,2193,3447,164,219,73,54,30,300,1000,4,Overweight
209,34,Male,181,115,35.1,Obese,5.0,36.3,Weight Loss,4,90,Intermediate,1,1,0,0,0,0,115.0,35.1,36.3,2780,4925,278,208,92,69,38,300,1000,5,Obese
209,34,Male,181,115,35.1,Obese,5.0,36.3,Weight Loss,4,90,Intermediate,1,1,0,0,0,1,113.95,34.78,36.0,2780,4925,278,208,92,69,38,300,1000,5,Obese
209,34,Male,181,115,35.1,Obese,5.0,36.3,Weight Loss,4,90,Intermediate,1,1,0,0,0,2,112.92,34.47,35.5,2780,4925,278,208,92,69,38,300,1000,5,Obese
209,34,Male,181,115,35.1,Obese,5.0,36.3,Weight Loss,4,90,Intermediate,1,1,0,0,0,3,112.05,34.2,35.1,2780,4925,278,208,92,69,38,300,1000,5,Obese
209,34,Male,181,115,35.1,Obese,5.0,36.3,Weight Loss,4,90,Intermediate,1,1,0,0,0,4,111.09,33.91,34.4,2719,4788,271,203,90,67,38,300,1000,5,Obese
209,34,Male,181,115,35.1,Obese,5.0,36.3,Weight Loss,4,90,Intermediate,1,1,0,0,0,5,110.06,33.59,34.0,2719,4788,271,203,90,67,38,300,1000,5,Obese
209,34,Male,181,115,35.1,Obese,5.0,36.3,Weight Loss,4,90,Intermediate,1,1,0,0,0,6,109.3,33.36,33.5,2719,4788,271,203,90,67,38,300,1000,5,Obese
209,34,Male,181,115,35.1,Obese,5.0,36.3,Weight Loss,4,90,Intermediate,1,1,0,0,0,7,108.27,33.05,33.2,2719,4788,271,203,90,67,38,300,1000,5,Obese
209,34,Male,181,115,35.1,Obese,5.0,36.3,Weight Loss,4,90,Intermediate,1,1,0,0,0,8,107.96,32.95,32.7,2671,4678,267,200,89,66,37,300,1000,5,Obese
209,34,Male,181,115,35.1,Obese,5.0,36.3,Weight Loss,4,90,Intermediate,1,1,0,0,0,9,107.34,32.77,32.2,2671,4678,267,200,89,66,37,300,1000,5,Obese
209,34,Male,181,115,35.1,Obese,5.0,36.3,Weight Loss,4,90,Intermediate,1,1,0,0,0,10,106.82,32.61,31.6,2671,4678,267,200,89,66,37,300,1000,5,Obese
209,34,Male,181,115,35.1,Obese,5.0,36.3,Weight Loss,4,90,Intermediate,1,1,0,0,0,11,106.71,32.57,31.1,2671,4678,267,200,89,66,37,300,1000,5,Obese
209,34,Male,181,115,35.1,Obese,5.0,36.3,Weight Loss,4,90,Intermediate,1,1,0,0,0,12,105.88,32.32,30.4,2638,4605,263,197,87,65,36,300,1000,5,Obese
210,18,Female,199,107,27.02,Overweight,4.0,28.5,Maintain,2,45,Beginner,0,0,0,0,1,0,107.0,27.02,28.5,2836,4195,212,283,94,70,39,300,1000,5,Overweight
210,18,Female,199,107,27.02,Overweight,4.0,28.5,Maintain,2,45,Beginner,0,0,0,0,1,1,107.01,27.02,28.6,2836,4195,212,283,94,70,39,300,1000,5,Overweight
210,18,Female,199,107,27.02,Overweight,4.0,28.5,Maintain,2,45,Beginner,0,0,0,0,1,2,107.47,27.14,28.5,2836,4195,212,283,94,70,39,300,1000,5,Overweight
210,18,Female,199,107,27.02,Overweight,4.0,28.5,Maintain,2,45,Beginner,0,0,0,0,1,3,107.85,27.23,28.6,2836,4195,212,283,94,70,39,300,1000,5,Overweight
210,18,Female,199,107,27.02,Overweight,4.0,28.5,Maintain,2,45,Beginner,0,0,0,0,1,4,108.02,27.28,28.8,2850,4230,213,285,95,71,39,300,1000,5,Overweight
210,18,Female,199,107,27.02,Overweight,4.0,28.5,Maintain,2,45,Beginner,0,0,0,0,1,5,107.92,27.25,29.0,2850,4230,213,285,95,71,39,300,1000,5,Overweight
210,18,Female,199,107,27.02,Overweight,4.0,28.5,Maintain,2,45,Beginner,0,0,0,0,1,6,108.12,27.3,28.8,2850,4230,213,285,95,71,39,300,1000,5,Overweight
210,18,Female,199,107,27.02,Overweight,4.0,28.5,Maintain,2,45,Beginner,0,0,0,0,1,7,108.53,27.4,28.8,2850,4230,213,285,95,71,39,300,1000,5,Overweight
210,18,Female,199,107,27.02,Overweight,4.0,28.5,Maintain,2,45,Beginner,0,0,0,0,1,8,108.49,27.39,28.8,2856,4247,214,285,95,71,39,300,1000,5,Overweight
210,18,Female,199,107,27.02,Overweight,4.0,28.5,Maintain,2,45,Beginner,0,0,0,0,1,9,108.14,27.31,28.8,2856,4247,214,285,95,71,39,300,1000,5,Overweight
210,18,Female,199,107,27.02,Overweight,4.0,28.5,Maintain,2,45,Beginner,0,0,0,0,1,10,108.47,27.39,28.6,2856,4247,214,285,95,71,39,300,1000,5,Overweight
210,18,Female,199,107,27.02,Overweight,4.0,28.5,Maintain,2,45,Beginner,0,0,0,0,1,11,108.24,27.33,28.4,2856,4247,214,285,95,71,39,300,1000,5,Overweight
210,18,Female,199,107,27.02,Overweight,4.0,28.5,Maintain,2,45,Beginner,0,0,0,0,1,12,108.16,27.31,28.5,2852,4235,213,285,95,71,39,300,1000,5,Overweight
211,32,Female,168,44,15.59,Underweight,2.0,17.6,Muscle Gain,4,60,Intermediate,1,0,0,0,0,0,44.0,15.59,17.6,2111,2140,158,263,46,52,29,300,1000,4,Underweight
211,32,Female,168,44,15.59,Underweight,2.0,17.6,Muscle Gain,4,60,Intermediate,1,0,0,0,0,1,44.19,15.66,17.5,2111,2140,158,263,46,52,29,300,1000,4,Underweight
211,32,Female,168,44,15.59,Underweight,2.0,17.6,Muscle Gain,4,60,Intermediate,1,0,0,0,0,2,44.34,15.71,17.6,2111,2140,158,263,46,52,29,300,1000,4,Underweight
211,32,Female,168,44,15.59,Underweight,2.0,17.6,Muscle Gain,4,60,Intermediate,1,0,0,0,0,3,44.47,15.75,17.6,2111,2140,158,263,46,52,29,300,1000,4,Underweight
211,32,Female,168,44,15.59,Underweight,2.0,17.6,Muscle Gain,4,60,Intermediate,1,0,0,0,0,4,44.53,15.78,17.6,2120,2158,159,265,47,53,29,300,1000,4,Underweight
211,32,Female,168,44,15.59,Underweight,2.0,17.6,Muscle Gain,4,60,Intermediate,1,0,0,0,0,5,44.57,15.79,17.5,2120,2158,159,265,47,53,29,300,1000,4,Underweight
211,32,Female,168,44,15.59,Underweight,2.0,17.6,Muscle Gain,4,60,Intermediate,1,0,0,0,0,6,44.53,15.78,17.2,2120,2158,159,265,47,53,29,300,1000,4,Underweight
211,32,Female,168,44,15.59,Underweight,2.0,17.6,Muscle Gain,4,60,Intermediate,1,0,0,0,0,7,44.69,15.83,17.3,2120,2158,159,265,47,53,29,300,1000,4,Underweight
211,32,Female,168,44,15.59,Underweight,2.0,17.6,Muscle Gain,4,60,Intermediate,1,0,0,0,0,8,44.78,15.87,17.4,2124,2167,159,265,47,53,29,300,1000,4,Underweight
211,32,Female,168,44,15.59,Underweight,2.0,17.6,Muscle Gain,4,60,Intermediate,1,0,0,0,0,9,44.89,15.9,17.4,2124,2167,159,265,47,53,29,300,1000,4,Underweight
211,32,Female,168,44,15.59,Underweight,2.0,17.6,Muscle Gain,4,60,Intermediate,1,0,0,0,0,10,45.02,15.95,17.4,2124,2167,159,265,47,53,29,300,1000,4,Underweight
211,32,Female,168,44,15.59,Underweight,2.0,17.6,Muscle Gain,4,60,Intermediate,1,0,0,0,0,11,44.99,15.94,17.1,2124,2167,159,265,47,53,29,300,1000,4,Underweight
211,32,Female,168,44,15.59,Underweight,2.0,17.6,Muscle Gain,4,60,Intermediate,1,0,0,0,0,12,45.07,15.97,17.1,2128,2177,159,266,47,53,29,300,1000,4,Underweight
212,49,Male,170,76,26.3,Overweight,3.0,23.8,Maintain,5,90,Advanced,0,1,1,0,0,0,76.0,26.3,23.8,2452,3560,183,245,81,61,34,300,1000,5,Overweight
212,49,Male,170,76,26.3,Overweight,3.0,23.8,Maintain,5,90,Advanced,0,1,1,0,0,1,75.77,26.22,24.0,2452,3560,183,245,81,61,34,300,1000,5,Overweight
212,49,Male,170,76,26.3,Overweight,3.0,23.8,Maintain,5,90,Advanced,0,1,1,0,0,2,75.64,26.17,23.8,2452,3560,183,245,81,61,34,300,1000,5,Overweight
212,49,Male,170,76,26.3,Overweight,3.0,23.8,Maintain,5,90,Advanced,0,1,1,0,0,3,75.44,26.1,23.8,2452,3560,183,245,81,61,34,300,1000,5,Overweight
212,49,Male,170,76,26.3,Overweight,3.0,23.8,Maintain,5,90,Advanced,0,1,1,0,0,4,75.34,26.07,23.7,2442,3537,183,244,81,61,34,300,1000,5,Overweight
212,49,Male,170,76,26.3,Overweight,3.0,23.8,Maintain,5,90,Advanced,0,1,1,0,0,5,74.98,25.94,23.8,2442,3537,183,244,81,61,34,300,1000,5,Overweight
212,49,Male,170,76,26.3,Overweight,3.0,23.8,Maintain,5,90,Advanced,0,1,1,0,0,6,75.47,26.11,23.8,2442,3537,183,244,81,61,34,300,1000,5,Overweight
212,49,Male,170,76,26.3,Overweight,3.0,23.8,Maintain,5,90,Advanced,0,1,1,0,0,7,75.35,26.07,23.8,2442,3537,183,244,81,61,34,300,1000,5,Overweight
212,49,Male,170,76,26.3,Overweight,3.0,23.8,Maintain,5,90,Advanced,0,1,1,0,0,8,75.57,26.15,23.8,2446,3545,183,244,81,61,34,300,1000,5,Overweight
212,49,Male,170,76,26.3,Overweight,3.0,23.8,Maintain,5,90,Advanced,0,1,1,0,0,9,75.98,26.29,23.8,2446,3545,183,244,81,61,34,300,1000,5,Overweight
212,49,Male,170,76,26.3,Overweight,3.0,23.8,Maintain,5,90,Advanced,0,1,1,0,0,10,75.93,26.27,23.9,2446,3545,183,244,81,61,34,300,1000,5,Overweight
212,49,Male,170,76,26.3,Overweight,3.0,23.8,Maintain,5,90,Advanced,0,1,1,0,0,11,76.38,26.43,24.0,2446,3545,183,244,81,61,34,300,1000,5,Overweight
212,49,Male,170,76,26.3,Overweight,3.0,23.8,Maintain,5,90,Advanced,0,1,1,0,0,12,75.92,26.27,23.9,2451,3557,183,245,81,61,34,300,1000,5,Overweight
213,20,Female,154,111,46.8,Obese,5.0,60.0,Weight Loss,3,60,Intermediate,1,0,1,1,1,0,111.0,46.8,60.0,1990,4485,199,149,66,49,27,300,1000,4,Obese
213,20,Female,154,111,46.8,Obese,5.0,60.0,Weight Loss,3,60,Intermediate,1,0,1,1,1,1,110.0,46.38,59.6,1990,4485,199,149,66,49,27,300,1000,4,Obese
213,20,Female,154,111,46.8,Obese,5.0,60.0,Weight Loss,3,60,Intermediate,1,0,1,1,1,2,109.23,46.06,59.2,1990,4485,199,149,66,49,27,300,1000,4,Obese
213,20,Female,154,111,46.8,Obese,5.0,60.0,Weight Loss,3,60,Intermediate,1,0,1,1,1,3,108.91,45.92,58.8,1990,4485,199,149,66,49,27,300,1000,4,Obese
213,20,Female,154,111,46.8,Obese,5.0,60.0,Weight Loss,3,60,Intermediate,1,0,1,1,1,4,108.4,45.71,58.1,1955,4393,195,146,65,48,27,300,1000,4,Obese
213,20,Female,154,111,46.8,Obese,5.0,60.0,Weight Loss,3,60,Intermediate,1,0,1,1,1,5,107.46,45.31,57.4,1955,4393,195,146,65,48,27,300,1000,4,Obese
213,20,Female,154,111,46.8,Obese,5.0,60.0,Weight Loss,3,60,Intermediate,1,0,1,1,1,6,106.71,45.0,56.7,1955,4393,195,146,65,48,27,300,1000,4,Obese
213,20,Female,154,111,46.8,Obese,5.0,60.0,Weight Loss,3,60,Intermediate,1,0,1,1,1,7,106.1,44.74,56.2,1955,4393,195,146,65,48,27,300,1000,4,Obese
213,20,Female,154,111,46.8,Obese,5.0,60.0,Weight Loss,3,60,Intermediate,1,0,1,1,1,8,105.53,44.5,55.7,1915,4293,191,143,63,47,26,300,1000,4,Obese
213,20,Female,154,111,46.8,Obese,5.0,60.0,Weight Loss,3,60,Intermediate,1,0,1,1,1,9,104.54,44.08,55.3,1915,4293,191,143,63,47,26,300,1000,4,Obese
213,20,Female,154,111,46.8,Obese,5.0,60.0,Weight Loss,3,60,Intermediate,1,0,1,1,1,10,103.78,43.76,54.8,1915,4293,191,143,63,47,26,300,1000,4,Obese
213,20,Female,154,111,46.8,Obese,5.0,60.0,Weight Loss,3,60,Intermediate,1,0,1,1,1,11,103.48,43.63,54.4,1915,4293,191,143,63,47,26,300,1000,4,Obese
213,20,Female,154,111,46.8,Obese,5.0,60.0,Weight Loss,3,60,Intermediate,1,0,1,1,1,12,102.7,43.3,54.0,1876,4194,187,140,62,46,26,300,1000,4,Obese
214,49,Male,167,70,25.1,Overweight,4.0,24.7,Maintain,2,60,Intermediate,1,0,0,0,1,0,70.0,25.1,24.7,2067,3050,155,206,68,51,28,300,1000,4,Overweight
214,49,Male,167,70,25.1,Overweight,4.0,24.7,Maintain,2,60,Intermediate,1,0,0,0,1,1,70.28,25.2,24.6,2067,3050,155,206,68,51,28,300,1000,4,Overweight
214,49,Male,167,70,25.1,Overweight,4.0,24.7,Maintain,2,60,Intermediate,1,0,0,0,1,2,70.1,25.14,24.7,2067,3050,155,206,68,51,28,300,1000,4,Overweight
214,49,Male,167,70,25.1,Overweight,4.0,24.7,Maintain,2,60,Intermediate,1,0,0,0,1,3,70.16,25.16,24.6,2067,3050,155,206,68,51,28,300,1000,4,Overweight
214,49,Male,167,70,25.1,Overweight,4.0,24.7,Maintain,2,60,Intermediate,1,0,0,0,1,4,69.97,25.09,24.7,2067,3049,155,206,68,51,28,300,1000,4,Overweight
214,49,Male,167,70,25.1,Overweight,4.0,24.7,Maintain,2,60,Intermediate,1,0,0,0,1,5,70.16,25.16,24.9,2067,3049,155,206,68,51,28,300,1000,4,Overweight
214,49,Male,167,70,25.1,Overweight,4.0,24.7,Maintain,2,60,Intermediate,1,0,0,0,1,6,70.43,25.25,25.1,2067,3049,155,206,68,51,28,300,1000,4,Overweight
214,49,Male,167,70,25.1,Overweight,4.0,24.7,Maintain,2,60,Intermediate,1,0,0,0,1,7,70.14,25.15,25.2,2067,3049,155,206,68,51,28,300,1000,4,Overweight
214,49,Male,167,70,25.1,Overweight,4.0,24.7,Maintain,2,60,Intermediate,1,0,0,0,1,8,69.66,24.98,25.3,2063,3038,154,206,68,51,28,300,1000,4,Normal
214,49,Male,167,70,25.1,Overweight,4.0,24.7,Maintain,2,60,Intermediate,1,0,0,0,1,9,69.63,24.97,25.2,2063,3038,154,206,68,51,28,300,1000,4,Normal
214,49,Male,167,70,25.1,Overweight,4.0,24.7,Maintain,2,60,Intermediate,1,0,0,0,1,10,70.0,25.1,25.3,2063,3038,154,206,68,51,28,300,1000,4,Overweight
214,49,Male,167,70,25.1,Overweight,4.0,24.7,Maintain,2,60,Intermediate,1,0,0,0,1,11,69.52,24.93,25.4,2063,3038,154,206,68,51,28,300,1000,4,Normal
214,49,Male,167,70,25.1,Overweight,4.0,24.7,Maintain,2,60,Intermediate,1,0,0,0,1,12,69.39,24.88,25.4,2059,3028,154,205,68,51,28,300,1000,4,Normal
215,30,Female,177,48,15.32,Underweight,2.0,17.6,Muscle Gain,2,60,Beginner,0,0,1,0,1,0,48.0,15.32,17.6,2053,2280,153,256,45,51,28,300,1000,4,Underweight
215,30,Female,177,48,15.32,Underweight,2.0,17.6,Muscle Gain,2,60,Beginner,0,0,1,0,1,1,48.13,15.36,17.7,2053,2280,153,256,45,51,28,300,1000,4,Underweight
215,30,Female,177,48,15.32,Underweight,2.0,17.6,Muscle Gain,2,60,Beginner,0,0,1,0,1,2,48.3,15.42,17.6,2053,2280,153,256,45,51,28,300,1000,4,Underweight
215,30,Female,177,48,15.32,Underweight,2.0,17.6,Muscle Gain,2,60,Beginner,0,0,1,0,1,3,48.4,15.45,17.7,2053,2280,153,256,45,51,28,300,1000,4,Underweight
215,30,Female,177,48,15.32,Underweight,2.0,17.6,Muscle Gain,2,60,Beginner,0,0,1,0,1,4,48.53,15.49,17.6,2060,2298,154,257,45,51,28,300,1000,4,Underweight
215,30,Female,177,48,15.32,Underweight,2.0,17.6,Muscle Gain,2,60,Beginner,0,0,1,0,1,5,48.6,15.51,17.5,2060,2298,154,257,45,51,28,300,1000,4,Underweight
215,30,Female,177,48,15.32,Underweight,2.0,17.6,Muscle Gain,2,60,Beginner,0,0,1,0,1,6,48.8,15.58,17.5,2060,2298,154,257,45,51,28,300,1000,4,Underweight
215,30,Female,177,48,15.32,Underweight,2.0,17.6,Muscle Gain,2,60,Beginner,0,0,1,0,1,7,49.02,15.65,17.6,2060,2298,154,257,45,51,28,300,1000,4,Underweight
215,30,Female,177,48,15.32,Underweight,2.0,17.6,Muscle Gain,2,60,Beginner,0,0,1,0,1,8,49.2,15.7,17.6,2069,2321,155,258,45,51,28,300,1000,4,Underweight
215,30,Female,177,48,15.32,Underweight,2.0,17.6,Muscle Gain,2,60,Beginner,0,0,1,0,1,9,49.27,15.73,17.6,2069,2321,155,258,45,51,28,300,1000,4,Underweight
215,30,Female,177,48,15.32,Underweight,2.0,17.6,Muscle Gain,2,60,Beginner,0,0,1,0,1,10,49.51,15.8,17.6,2069,2321,155,258,45,51,28,300,1000,4,Underweight
215,30,Female,177,48,15.32,Underweight,2.0,17.6,Muscle Gain,2,60,Beginner,0,0,1,0,1,11,49.77,15.89,17.3,2069,2321,155,258,45,51,28,300,1000,4,Underweight
215,30,Female,177,48,15.32,Underweight,2.0,17.6,Muscle Gain,2,60,Beginner,0,0,1,0,1,12,49.9,15.93,17.3,2079,2346,155,259,46,51,29,300,1000,4,Underweight
216,37,Male,191,90,24.67,Normal,3.0,19.5,Maintain,4,60,Intermediate,1,1,0,1,0,0,90.0,24.67,19.5,2966,3750,222,296,98,74,41,300,1000,5,Normal
216,37,Male,191,90,24.67,Normal,3.0,19.5,Maintain,4,60,Intermediate,1,1,0,1,0,1,90.11,24.7,19.4,2966,3750,222,296,98,74,41,300,1000,5,Normal
216,37,Male,191,90,24.67,Normal,3.0,19.5,Maintain,4,60,Intermediate,1,1,0,1,0,2,89.81,24.62,19.4,2966,3750,222,296,98,74,41,300,1000,5,Normal
216,37,Male,191,90,24.67,Normal,3.0,19.5,Maintain,4,60,Intermediate,1,1,0,1,0,3,89.44,24.52,19.3,2966,3750,222,296,98,74,41,300,1000,5,Normal
216,37,Male,191,90,24.67,Normal,3.0,19.5,Maintain,4,60,Intermediate,1,1,0,1,0,4,89.78,24.61,19.2,2962,3742,222,296,98,74,41,300,1000,5,Normal
216,37,Male,191,90,24.67,Normal,3.0,19.5,Maintain,4,60,Intermediate,1,1,0,1,0,5,89.77,24.61,19.4,2962,3742,222,296,98,74,41,300,1000,5,Normal
216,37,Male,191,90,24.67,Normal,3.0,19.5,Maintain,4,60,Intermediate,1,1,0,1,0,6,89.49,24.53,19.4,2962,3742,222,296,98,74,41,300,1000,5,Normal
216,37,Male,191,90,24.67,Normal,3.0,19.5,Maintain,4,60,Intermediate,1,1,0,1,0,7,89.6,24.56,19.5,2962,3742,222,296,98,74,41,300,1000,5,Normal
216,37,Male,191,90,24.67,Normal,3.0,19.5,Maintain,4,60,Intermediate,1,1,0,1,0,8,90.0,24.67,19.6,2966,3750,222,296,98,74,41,300,1000,5,Normal
216,37,Male,191,90,24.67,Normal,3.0,19.5,Maintain,4,60,Intermediate,1,1,0,1,0,9,90.28,24.75,19.5,2966,3750,222,296,98,74,41,300,1000,5,Normal
216,37,Male,191,90,24.67,Normal,3.0,19.5,Maintain,4,60,Intermediate,1,1,0,1,0,10,89.8,24.62,19.5,2966,3750,222,296,98,74,41,300,1000,5,Normal
216,37,Male,191,90,24.67,Normal,3.0,19.5,Maintain,4,60,Intermediate,1,1,0,1,0,11,89.44,24.52,19.6,2966,3750,222,296,98,74,41,300,1000,5,Normal
216,37,Male,191,90,24.67,Normal,3.0,19.5,Maintain,4,60,Intermediate,1,1,0,1,0,12,89.61,24.56,19.4,2960,3736,222,296,98,74,41,300,1000,5,Normal
217,36,Male,171,68,23.26,Normal,3.0,21.2,Muscle Gain,4,45,Intermediate,1,0,0,0,0,0,68.0,23.26,21.2,2739,2830,205,342,60,68,38,300,1000,5,Normal
217,36,Male,171,68,23.26,Normal,3.0,21.2,Muscle Gain,4,45,Intermediate,1,0,0,0,0,1,68.11,23.29,21.1,2739,2830,205,342,60,68,38,300,1000,5,Normal
217,36,Male,171,68,23.26,Normal,3.0,21.2,Muscle Gain,4,45,Intermediate,1,0,0,0,0,2,68.23,23.33,20.9,2739,2830,205,342,60,68,38,300,1000,5,Normal
217,36,Male,171,68,23.26,Normal,3.0,21.2,Muscle Gain,4,45,Intermediate,1,0,0,0,0,3,68.3,23.36,21.0,2739,2830,205,342,60,68,38,300,1000,5,Normal
217,36,Male,171,68,23.26,Normal,3.0,21.2,Muscle Gain,4,45,Intermediate,1,0,0,0,0,4,68.45,23.41,20.8,2746,2845,205,343,61,68,38,300,1000,5,Normal
217,36,Male,171,68,23.26,Normal,3.0,21.2,Muscle Gain,4,45,Intermediate,1,0,0,0,0,5,68.68,23.49,20.6,2746,2845,205,343,61,68,38,300,1000,5,Normal
217,36,Male,171,68,23.26,Normal,3.0,21.2,Muscle Gain,4,45,Intermediate,1,0,0,0,0,6,68.86,23.55,20.6,2746,2845,205,343,61,68,38,300,1000,5,Normal
217,36,Male,171,68,23.26,Normal,3.0,21.2,Muscle Gain,4,45,Intermediate,1,0,0,0,0,7,68.98,23.59,20.4,2746,2845,205,343,61,68,38,300,1000,5,Normal
217,36,Male,171,68,23.26,Normal,3.0,21.2,Muscle Gain,4,45,Intermediate,1,0,0,0,0,8,69.11,23.64,20.4,2756,2868,206,344,61,68,38,300,1000,5,Normal
217,36,Male,171,68,23.26,Normal,3.0,21.2,Muscle Gain,4,45,Intermediate,1,0,0,0,0,9,69.19,23.66,20.2,2756,2868,206,344,61,68,38,300,1000,5,Normal
217,36,Male,171,68,23.26,Normal,3.0,21.2,Muscle Gain,4,45,Intermediate,1,0,0,0,0,10,69.29,23.7,20.1,2756,2868,206,344,61,68,38,300,1000,5,Normal
217,36,Male,171,68,23.26,Normal,3.0,21.2,Muscle Gain,4,45,Intermediate,1,0,0,0,0,11,69.44,23.75,20.0,2756,2868,206,344,61,68,38,300,1000,5,Normal
217,36,Male,171,68,23.26,Normal,3.0,21.2,Muscle Gain,4,45,Intermediate,1,0,0,0,0,12,69.53,23.78,20.0,2763,2883,207,345,61,69,38,300,1000,5,Normal
218,24,Male,170,117,40.48,Obese,5.0,38.0,Weight Loss,4,60,Intermediate,1,1,0,0,0,0,117.0,40.48,38.0,2782,4695,278,208,92,69,38,300,1000,5,Obese
218,24,Male,170,117,40.48,Obese,5.0,38.0,Weight Loss,4,60,Intermediate,1,1,0,0,0,1,116.31,40.25,37.6,2782,4695,278,208,92,69,38,300,1000,5,Obese
218,24,Male,170,117,40.48,Obese,5.0,38.0,Weight Loss,4,60,Intermediate,1,1,0,0,0,2,115.03,39.8,37.3,2782,4695,278,208,92,69,38,300,1000,5,Obese
218,24,Male,170,117,40.48,Obese,5.0,38.0,Weight Loss,4,60,Intermediate,1,1,0,0,0,3,114.32,39.56,37.0,2782,4695,278,208,92,69,38,300,1000,5,Obese
218,24,Male,170,117,40.48,Obese,5.0,38.0,Weight Loss,4,60,Intermediate,1,1,0,0,0,4,113.36,39.23,36.3,2725,4567,272,204,90,68,38,300,1000,5,Obese
218,24,Male,170,117,40.48,Obese,5.0,38.0,Weight Loss,4,60,Intermediate,1,1,0,0,0,5,112.39,38.89,35.9,2725,4567,272,204,90,68,38,300,1000,5,Obese
218,24,Male,170,117,40.48,Obese,5.0,38.0,Weight Loss,4,60,Intermediate,1,1,0,0,0,6,111.5,38.58,35.2,2725,4567,272,204,90,68,38,300,1000,5,Obese
218,24,Male,170,117,40.48,Obese,5.0,38.0,Weight Loss,4,60,Intermediate,1,1,0,0,0,7,110.18,38.13,34.5,2725,4567,272,204,90,68,38,300,1000,5,Obese
218,24,Male,170,117,40.48,Obese,5.0,38.0,Weight Loss,4,60,Intermediate,1,1,0,0,0,8,109.65,37.94,33.7,2668,4437,266,200,88,66,37,300,1000,5,Obese
218,24,Male,170,117,40.48,Obese,5.0,38.0,Weight Loss,4,60,Intermediate,1,1,0,0,0,9,108.82,37.65,33.1,2668,4437,266,200,88,66,37,300,1000,5,Obese
218,24,Male,170,117,40.48,Obese,5.0,38.0,Weight Loss,4,60,Intermediate,1,1,0,0,0,10,108.27,37.46,32.6,2668,4437,266,200,88,66,37,300,1000,5,Obese
218,24,Male,170,117,40.48,Obese,5.0,38.0,Weight Loss,4,60,Intermediate,1,1,0,0,0,11,107.33,37.14,32.3,2668,4437,266,200,88,66,37,300,1000,5,Obese
218,24,Male,170,117,40.48,Obese,5.0,38.0,Weight Loss,4,60,Intermediate,1,1,0,0,0,12,107.17,37.08,31.6,2629,4350,262,197,87,65,36,300,1000,5,Obese
219,23,Female,155,79,32.88,Obese,5.0,38.0,Weight Loss,3,60,Intermediate,1,0,0,0,1,0,79.0,32.88,38.0,1538,3365,153,115,51,38,21,300,1000,4,Obese
219,23,Female,155,79,32.88,Obese,5.0,38.0,Weight Loss,3,60,Intermediate,1,0,0,0,1,1,78.07,32.5,37.4,1538,3365,153,115,51,38,21,300,1000,4,Obese
219,23,Female,155,79,32.88,Obese,5.0,38.0,Weight Loss,3,60,Intermediate,1,0,0,0,1,2,77.49,32.26,36.8,1538,3365,153,115,51,38,21,300,1000,4,Obese
219,23,Female,155,79,32.88,Obese,5.0,38.0,Weight Loss,3,60,Intermediate,1,0,0,0,1,3,77.12,32.1,36.0,1538,3365,153,115,51,38,21,300,1000,4,Obese
219,23,Female,155,79,32.88,Obese,5.0,38.0,Weight Loss,3,60,Intermediate,1,0,0,0,1,4,76.69,31.92,35.3,1507,3284,150,113,50,37,21,300,1000,4,Obese
219,23,Female,155,79,32.88,Obese,5.0,38.0,Weight Loss,3,60,Intermediate,1,0,0,0,1,5,75.77,31.54,34.7,1507,3284,150,113,50,37,21,300,1000,4,Obese
219,23,Female,155,79,32.88,Obese,5.0,38.0,Weight Loss,3,60,Intermediate,1,0,0,0,1,6,75.36,31.37,33.9,1507,3284,150,113,50,37,21,300,1000,4,Obese
219,23,Female,155,79,32.88,Obese,5.0,38.0,Weight Loss,3,60,Intermediate,1,0,0,0,1,7,74.53,31.02,33.6,1507,3284,150,113,50,37,21,300,1000,4,Obese
219,23,Female,155,79,32.88,Obese,5.0,38.0,Weight Loss,3,60,Intermediate,1,0,0,0,1,8,74.31,30.93,32.9,1474,3200,147,110,49,36,20,300,1000,3,Obese
219,23,Female,155,79,32.88,Obese,5.0,38.0,Weight Loss,3,60,Intermediate,1,0,0,0,1,9,73.91,30.76,32.3,1474,3200,147,110,49,36,20,300,1000,3,Obese
219,23,Female,155,79,32.88,Obese,5.0,38.0,Weight Loss,3,60,Intermediate,1,0,0,0,1,10,73.63,30.65,31.9,1474,3200,147,110,49,36,20,300,1000,3,Obese
219,23,Female,155,79,32.88,Obese,5.0,38.0,Weight Loss,3,60,Intermediate,1,0,0,0,1,11,73.0,30.38,31.3,1474,3200,147,110,49,36,20,300,1000,3,Obese
219,23,Female,155,79,32.88,Obese,5.0,38.0,Weight Loss,3,60,Intermediate,1,0,0,0,1,12,72.39,30.13,30.7,1447,3133,144,108,48,36,20,300,1000,3,Obese
220,19,Male,150,80,35.56,Obese,5.0,32.5,Weight Loss,3,90,Intermediate,1,1,0,1,0,0,80.0,35.56,32.5,1765,3700,176,132,58,44,24,300,1000,4,Obese
220,19,Male,150,80,35.56,Obese,5.0,32.5,Weight Loss,3,90,Intermediate,1,1,0,1,0,1,79.05,35.14,32.2,1765,3700,176,132,58,44,24,300,1000,4,Obese
220,19,Male,150,80,35.56,Obese,5.0,32.5,Weight Loss,3,90,Intermediate,1,1,0,1,0,2,78.48,34.88,31.4,1765,3700,176,132,58,44,24,300,1000,4,Obese
220,19,Male,150,80,35.56,Obese,5.0,32.5,Weight Loss,3,90,Intermediate,1,1,0,1,0,3,77.28,34.35,31.0,1765,3700,176,132,58,44,24,300,1000,4,Obese
220,19,Male,150,80,35.56,Obese,5.0,32.5,Weight Loss,3,90,Intermediate,1,1,0,1,0,4,77.23,34.32,30.6,1727,3603,172,129,57,43,24,300,1000,4,Obese
220,19,Male,150,80,35.56,Obese,5.0,32.5,Weight Loss,3,90,Intermediate,1,1,0,1,0,5,76.85,34.15,30.0,1727,3603,172,129,57,43,24,300,1000,4,Obese
220,19,Male,150,80,35.56,Obese,5.0,32.5,Weight Loss,3,90,Intermediate,1,1,0,1,0,6,76.75,34.11,29.4,1727,3603,172,129,57,43,24,300,1000,4,Obese
220,19,Male,150,80,35.56,Obese,5.0,32.5,Weight Loss,3,90,Intermediate,1,1,0,1,0,7,75.89,33.73,28.8,1727,3603,172,129,57,43,24,300,1000,4,Obese
220,19,Male,150,80,35.56,Obese,5.0,32.5,Weight Loss,3,90,Intermediate,1,1,0,1,0,8,75.04,33.35,28.4,1697,3526,169,127,56,42,23,300,1000,4,Obese
220,19,Male,150,80,35.56,Obese,5.0,32.5,Weight Loss,3,90,Intermediate,1,1,0,1,0,9,73.95,32.87,27.7,1697,3526,169,127,56,42,23,300,1000,4,Obese
220,19,Male,150,80,35.56,Obese,5.0,32.5,Weight Loss,3,90,Intermediate,1,1,0,1,0,10,73.16,32.51,26.9,1697,3526,169,127,56,42,23,300,1000,4,Obese
220,19,Male,150,80,35.56,Obese,5.0,32.5,Weight Loss,3,90,Intermediate,1,1,0,1,0,11,72.79,32.35,26.5,1697,3526,169,127,56,42,23,300,1000,4,Obese
220,19,Male,150,80,35.56,Obese,5.0,32.5,Weight Loss,3,90,Intermediate,1,1,0,1,0,12,71.99,31.99,26.2,1655,3419,165,124,55,41,23,300,1000,4,Obese
221,33,Female,154,125,52.71,Obese,5.0,60.0,Weight Loss,4,60,Beginner,1,0,1,0,0,0,125.0,52.71,60.0,2424,4975,242,181,80,60,33,300,1000,5,Obese
221,33,Female,154,125,52.71,Obese,5.0,60.0,Weight Loss,4,60,Beginner,1,0,1,0,0,1,124.0,52.28,59.6,2424,4975,242,181,80,60,33,300,1000,5,Obese
221,33,Female,154,125,52.71,Obese,5.0,60.0,Weight Loss,4,60,Beginner,1,0,1,0,0,2,123.37,52.02,59.0,2424,4975,242,181,80,60,33,300,1000,5,Obese
221,33,Female,154,125,52.71,Obese,5.0,60.0,Weight Loss,4,60,Beginner,1,0,1,0,0,3,122.83,51.79,58.4,2424,4975,242,181,80,60,33,300,1000,5,Obese
221,33,Female,154,125,52.71,Obese,5.0,60.0,Weight Loss,4,60,Beginner,1,0,1,0,0,4,121.46,51.22,58.0,2369,4851,236,177,78,59,33,300,1000,5,Obese
221,33,Female,154,125,52.71,Obese,5.0,60.0,Weight Loss,4,60,Beginner,1,0,1,0,0,5,120.03,50.61,57.6,2369,4851,236,177,78,59,33,300,1000,5,Obese
221,33,Female,154,125,52.71,Obese,5.0,60.0,Weight Loss,4,60,Beginner,1,0,1,0,0,6,119.59,50.42,57.1,2369,4851,236,177,78,59,33,300,1000,5,Obese
221,33,Female,154,125,52.71,Obese,5.0,60.0,Weight Loss,4,60,Beginner,1,0,1,0,0,7,118.51,49.97,56.4,2369,4851,236,177,78,59,33,300,1000,5,Obese
221,33,Female,154,125,52.71,Obese,5.0,60.0,Weight Loss,4,60,Beginner,1,0,1,0,0,8,117.73,49.64,56.0,2311,4720,231,173,77,57,32,300,1000,5,Obese
221,33,Female,154,125,52.71,Obese,5.0,60.0,Weight Loss,4,60,Beginner,1,0,1,0,0,9,116.97,49.32,55.3,2311,4720,231,173,77,57,32,300,1000,5,Obese
221,33,Female,154,125,52.71,Obese,5.0,60.0,Weight Loss,4,60,Beginner,1,0,1,0,0,10,115.65,48.76,54.9,2311,4720,231,173,77,57,32,300,1000,5,Obese
221,33,Female,154,125,52.71,Obese,5.0,60.0,Weight Loss,4,60,Beginner,1,0,1,0,0,11,114.4,48.24,54.1,2311,4720,231,173,77,57,32,300,1000,5,Obese
221,33,Female,154,125,52.71,Obese,5.0,60.0,Weight Loss,4,60,Beginner,1,0,1,0,0,12,113.89,48.02,53.6,2251,4586,225,168,75,56,31,300,1000,5,Obese
222,49,Male,190,50,13.85,Underweight,2.0,10.5,Muscle Gain,3,60,Intermediate,1,0,0,0,0,0,50.0,13.85,10.5,2290,2350,171,286,50,57,32,300,1000,5,Underweight
222,49,Male,190,50,13.85,Underweight,2.0,10.5,Muscle Gain,3,60,Intermediate,1,0,0,0,0,1,50.06,13.87,10.5,2290,2350,171,286,50,57,32,300,1000,5,Underweight
222,49,Male,190,50,13.85,Underweight,2.0,10.5,Muscle Gain,3,60,Intermediate,1,0,0,0,0,2,50.13,13.89,10.4,2290,2350,171,286,50,57,32,300,1000,5,Underweight
222,49,Male,190,50,13.85,Underweight,2.0,10.5,Muscle Gain,3,60,Intermediate,1,0,0,0,0,3,50.19,13.9,10.5,2290,2350,171,286,50,57,32,300,1000,5,Underweight
222,49,Male,190,50,13.85,Underweight,2.0,10.5,Muscle Gain,3,60,Intermediate,1,0,0,0,0,4,50.35,13.95,10.4,2295,2362,172,286,51,57,32,300,1000,5,Underweight
222,49,Male,190,50,13.85,Underweight,2.0,10.5,Muscle Gain,3,60,Intermediate,1,0,0,0,0,5,50.44,13.97,10.3,2295,2362,172,286,51,57,32,300,1000,5,Underweight
222,49,Male,190,50,13.85,Underweight,2.0,10.5,Muscle Gain,3,60,Intermediate,1,0,0,0,0,6,50.45,13.97,10.2,2295,2362,172,286,51,57,32,300,1000,5,Underweight
222,49,Male,190,50,13.85,Underweight,2.0,10.5,Muscle Gain,3,60,Intermediate,1,0,0,0,0,7,50.43,13.97,10.0,2295,2362,172,286,51,57,32,300,1000,5,Underweight
222,49,Male,190,50,13.85,Underweight,2.0,10.5,Muscle Gain,3,60,Intermediate,1,0,0,0,0,8,50.6,14.02,9.9,2298,2370,172,287,51,57,32,300,1000,5,Underweight
222,49,Male,190,50,13.85,Underweight,2.0,10.5,Muscle Gain,3,60,Intermediate,1,0,0,0,0,9,50.71,14.05,9.9,2298,2370,172,287,51,57,32,300,1000,5,Underweight
222,49,Male,190,50,13.85,Underweight,2.0,10.5,Muscle Gain,3,60,Intermediate,1,0,0,0,0,10,50.88,14.09,9.8,2298,2370,172,287,51,57,32,300,1000,5,Underweight
222,49,Male,190,50,13.85,Underweight,2.0,10.5,Muscle Gain,3,60,Intermediate,1,0,0,0,0,11,50.97,14.12,9.5,2298,2370,172,287,51,57,32,300,1000,5,Underweight
222,49,Male,190,50,13.85,Underweight,2.0,10.5,Muscle Gain,3,60,Intermediate,1,0,0,0,0,12,50.98,14.12,9.4,2303,2384,172,287,51,57,32,300,1000,5,Underweight
223,28,Male,161,62,23.92,Normal,3.0,20.2,Maintain,5,30,Advanced,1,1,1,1,1,0,62.0,23.92,20.2,2311,2470,173,231,77,57,32,300,1000,5,Normal
223,28,Male,161,62,23.92,Normal,3.0,20.2,Maintain,5,30,Advanced,1,1,1,1,1,1,61.69,23.8,20.3,2311,2470,173,231,77,57,32,300,1000,5,Normal
223,28,Male,161,62,23.92,Normal,3.0,20.2,Maintain,5,30,Advanced,1,1,1,1,1,2,62.17,23.99,20.2,2311,2470,173,231,77,57,32,300,1000,5,Normal
223,28,Male,161,62,23.92,Normal,3.0,20.2,Maintain,5,30,Advanced,1,1,1,1,1,3,62.49,24.11,20.2,2311,2470,173,231,77,57,32,300,1000,5,Normal
223,28,Male,161,62,23.92,Normal,3.0,20.2,Maintain,5,30,Advanced,1,1,1,1,1,4,62.49,24.11,20.4,2318,2486,173,231,77,57,32,300,1000,5,Normal
223,28,Male,161,62,23.92,Normal,3.0,20.2,Maintain,5,30,Advanced,1,1,1,1,1,5,62.88,24.26,20.5,2318,2486,173,231,77,57,32,300,1000,5,Normal
223,28,Male,161,62,23.92,Normal,3.0,20.2,Maintain,5,30,Advanced,1,1,1,1,1,6,62.67,24.18,20.5,2318,2486,173,231,77,57,32,300,1000,5,Normal
223,28,Male,161,62,23.92,Normal,3.0,20.2,Maintain,5,30,Advanced,1,1,1,1,1,7,62.4,24.07,20.5,2318,2486,173,231,77,57,32,300,1000,5,Normal
223,28,Male,161,62,23.92,Normal,3.0,20.2,Maintain,5,30,Advanced,1,1,1,1,1,8,62.38,24.07,20.7,2317,2483,173,231,77,57,32,300,1000,5,Normal
223,28,Male,161,62,23.92,Normal,3.0,20.2,Maintain,5,30,Advanced,1,1,1,1,1,9,62.78,24.22,20.6,2317,2483,173,231,77,57,32,300,1000,5,Normal
223,28,Male,161,62,23.92,Normal,3.0,20.2,Maintain,5,30,Advanced,1,1,1,1,1,10,62.29,24.03,20.8,2317,2483,173,231,77,57,32,300,1000,5,Normal
223,28,Male,161,62,23.92,Normal,3.0,20.2,Maintain,5,30,Advanced,1,1,1,1,1,11,61.97,23.91,20.8,2317,2483,173,231,77,57,32,300,1000,5,Normal
223,28,Male,161,62,23.92,Normal,3.0,20.2,Maintain,5,30,Advanced,1,1,1,1,1,12,61.49,23.72,20.8,2303,2452,172,230,76,57,32,300,1000,5,Normal
224,38,Female,175,40,13.06,Underweight,2.0,13.8,Muscle Gain,2,45,Advanced,0,0,0,0,0,0,40.0,13.06,13.8,1871,1850,140,233,41,46,26,300,1000,4,Underweight
224,38,Female,175,40,13.06,Underweight,2.0,13.8,Muscle Gain,2,45,Advanced,0,0,0,0,0,1,39.97,13.05,13.7,1871,1850,140,233,41,46,26,300,1000,4,Underweight
224,38,Female,175,40,13.06,Underweight,2.0,13.8,Muscle Gain,2,45,Advanced,0,0,0,0,0,2,40.08,13.09,13.7,1871,1850,140,233,41,46,26,300,1000,4,Underweight
224,38,Female,175,40,13.06,Underweight,2.0,13.8,Muscle Gain,2,45,Advanced,0,0,0,0,0,3,40.03,13.07,13.7,1871,1850,140,233,41,46,26,300,1000,4,Underweight
224,38,Female,175,40,13.06,Underweight,2.0,13.8,Muscle Gain,2,45,Advanced,0,0,0,0,0,4,40.09,13.09,13.4,1872,1853,140,234,41,46,26,300,1000,4,Underweight
224,38,Female,175,40,13.06,Underweight,2.0,13.8,Muscle Gain,2,45,Advanced,0,0,0,0,0,5,40.16,13.11,13.2,1872,1853,140,234,41,46,26,300,1000,4,Underweight
224,38,Female,175,40,13.06,Underweight,2.0,13.8,Muscle Gain,2,45,Advanced,0,0,0,0,0,6,40.11,13.1,13.0,1872,1853,140,234,41,46,26,300,1000,4,Underweight
224,38,Female,175,40,13.06,Underweight,2.0,13.8,Muscle Gain,2,45,Advanced,0,0,0,0,0,7,40.15,13.11,12.9,1872,1853,140,234,41,46,26,300,1000,4,Underweight
224,38,Female,175,40,13.06,Underweight,2.0,13.8,Muscle Gain,2,45,Advanced,0,0,0,0,0,8,40.2,13.13,12.9,1874,1856,140,234,41,46,26,300,1000,4,Underweight
224,38,Female,175,40,13.06,Underweight,2.0,13.8,Muscle Gain,2,45,Advanced,0,0,0,0,0,9,40.3,13.16,12.9,1874,1856,140,234,41,46,26,300,1000,4,Underweight
224,38,Female,175,40,13.06,Underweight,2.0,13.8,Muscle Gain,2,45,Advanced,0,0,0,0,0,10,40.34,13.17,12.8,1874,1856,140,234,41,46,26,300,1000,4,Underweight
224,38,Female,175,40,13.06,Underweight,2.0,13.8,Muscle Gain,2,45,Advanced,0,0,0,0,0,11,40.35,13.18,12.6,1874,1856,140,234,41,46,26,300,1000,4,Underweight
224,38,Female,175,40,13.06,Underweight,2.0,13.8,Muscle Gain,2,45,Advanced,0,0,0,0,0,12,40.44,13.2,12.5,1877,1865,140,234,41,46,26,300,1000,4,Underweight
225,38,Male,195,85,22.35,Normal,3.0,18.3,Maintain,4,30,Advanced,0,0,0,1,0,0,85.0,22.35,18.3,2919,3275,218,291,97,72,40,300,1000,5,Normal
225,38,Male,195,85,22.35,Normal,3.0,18.3,Maintain,4,30,Advanced,0,0,0,1,0,1,85.44,22.47,18.2,2919,3275,218,291,97,72,40,300,1000,5,Normal
225,38,Male,195,85,22.35,Normal,3.0,18.3,Maintain,4,30,Advanced,0,0,0,1,0,2,85.36,22.45,18.3,2919,3275,218,291,97,72,40,300,1000,5,Normal
225,38,Male,195,85,22.35,Normal,3.0,18.3,Maintain,4,30,Advanced,0,0,0,1,0,3,85.4,22.46,18.4,2919,3275,218,291,97,72,40,300,1000,5,Normal
225,38,Male,195,85,22.35,Normal,3.0,18.3,Maintain,4,30,Advanced,0,0,0,1,0,4,84.96,22.34,18.3,2919,3273,218,291,97,72,40,300,1000,5,Normal
225,38,Male,195,85,22.35,Normal,3.0,18.3,Maintain,4,30,Advanced,0,0,0,1,0,5,84.73,22.28,18.5,2919,3273,218,291,97,72,40,300,1000,5,Normal
225,38,Male,195,85,22.35,Normal,3.0,18.3,Maintain,4,30,Advanced,0,0,0,1,0,6,84.53,22.23,18.7,2919,3273,218,291,97,72,40,300,1000,5,Normal
225,38,Male,195,85,22.35,Normal,3.0,18.3,Maintain,4,30,Advanced,0,0,0,1,0,7,84.71,22.28,18.6,2919,3273,218,291,97,72,40,300,1000,5,Normal
225,38,Male,195,85,22.35,Normal,3.0,18.3,Maintain,4,30,Advanced,0,0,0,1,0,8,84.75,22.29,18.7,2916,3266,218,291,97,72,40,300,1000,5,Normal
225,38,Male,195,85,22.35,Normal,3.0,18.3,Maintain,4,30,Advanced,0,0,0,1,0,9,85.14,22.39,18.6,2916,3266,218,291,97,72,40,300,1000,5,Normal
225,38,Male,195,85,22.35,Normal,3.0,18.3,Maintain,4,30,Advanced,0,0,0,1,0,10,84.98,22.35,18.5,2916,3266,218,291,97,72,40,300,1000,5,Normal
225,38,Male,195,85,22.35,Normal,3.0,18.3,Maintain,4,30,Advanced,0,0,0,1,0,11,84.52,22.23,18.6,2916,3266,218,291,97,72,40,300,1000,5,Normal
225,38,Male,195,85,22.35,Normal,3.0,18.3,Maintain,4,30,Advanced,0,0,0,1,0,12,84.87,22.32,18.5,2917,3270,218,291,97,72,40,300,1000,5,Normal
226,46,Male,183,60,17.92,Underweight,2.0,15.8,Muscle Gain,3,45,Intermediate,1,0,0,0,1,0,60.0,17.92,15.8,2388,2550,179,298,53,59,33,300,1000,5,Underweight
226,46,Male,183,60,17.92,Underweight,2.0,15.8,Muscle Gain,3,45,Intermediate,1,0,0,0,1,1,60.16,17.96,15.7,2388,2550,179,298,53,59,33,300,1000,5,Underweight
226,46,Male,183,60,17.92,Underweight,2.0,15.8,Muscle Gain,3,45,Intermediate,1,0,0,0,1,2,60.28,18.0,15.7,2388,2550,179,298,53,59,33,300,1000,5,Underweight
226,46,Male,183,60,17.92,Underweight,2.0,15.8,Muscle Gain,3,45,Intermediate,1,0,0,0,1,3,60.31,18.01,15.5,2388,2550,179,298,53,59,33,300,1000,5,Underweight
226,46,Male,183,60,17.92,Underweight,2.0,15.8,Muscle Gain,3,45,Intermediate,1,0,0,0,1,4,60.4,18.04,15.5,2393,2564,179,299,53,59,33,300,1000,5,Underweight
226,46,Male,183,60,17.92,Underweight,2.0,15.8,Muscle Gain,3,45,Intermediate,1,0,0,0,1,5,60.55,18.08,15.4,2393,2564,179,299,53,59,33,300,1000,5,Underweight
226,46,Male,183,60,17.92,Underweight,2.0,15.8,Muscle Gain,3,45,Intermediate,1,0,0,0,1,6,60.77,18.15,15.1,2393,2564,179,299,53,59,33,300,1000,5,Underweight
226,46,Male,183,60,17.92,Underweight,2.0,15.8,Muscle Gain,3,45,Intermediate,1,0,0,0,1,7,60.84,18.17,15.0,2393,2564,179,299,53,59,33,300,1000,5,Underweight
226,46,Male,183,60,17.92,Underweight,2.0,15.8,Muscle Gain,3,45,Intermediate,1,0,0,0,1,8,61.06,18.23,14.9,2402,2587,180,300,53,60,33,300,1000,5,Underweight
226,46,Male,183,60,17.92,Underweight,2.0,15.8,Muscle Gain,3,45,Intermediate,1,0,0,0,1,9,61.23,18.28,14.9,2402,2587,180,300,53,60,33,300,1000,5,Underweight
226,46,Male,183,60,17.92,Underweight,2.0,15.8,Muscle Gain,3,45,Intermediate,1,0,0,0,1,10,61.37,18.33,14.8,2402,2587,180,300,53,60,33,300,1000,5,Underweight
226,46,Male,183,60,17.92,Underweight,2.0,15.8,Muscle Gain,3,45,Intermediate,1,0,0,0,1,11,61.46,18.35,14.7,2402,2587,180,300,53,60,33,300,1000,5,Underweight
226,46,Male,183,60,17.92,Underweight,2.0,15.8,Muscle Gain,3,45,Intermediate,1,0,0,0,1,12,61.62,18.4,14.8,2410,2606,180,301,53,60,33,300,1000,5,Underweight
227,24,Female,198,129,32.9,Obese,5.0,42.9,Weight Loss,3,60,Intermediate,1,0,1,1,1,0,129.0,32.9,42.9,2588,5115,258,194,86,64,36,300,1000,5,Obese
227,24,Female,198,129,32.9,Obese,5.0,42.9,Weight Loss,3,60,Intermediate,1,0,1,1,1,1,128.46,32.77,42.5,2588,5115,258,194,86,64,36,300,1000,5,Obese
227,24,Female,198,129,32.9,Obese,5.0,42.9,Weight Loss,3,60,Intermediate,1,0,1,1,1,2,127.49,32.52,42.0,2588,5115,258,194,86,64,36,300,1000,5,Obese
227,24,Female,198,129,32.9,Obese,5.0,42.9,Weight Loss,3,60,Intermediate,1,0,1,1,1,3,126.63,32.3,41.2,2588,5115,258,194,86,64,36,300,1000,5,Obese
227,24,Female,198,129,32.9,Obese,5.0,42.9,Weight Loss,3,60,Intermediate,1,0,1,1,1,4,125.37,31.98,40.6,2539,4987,253,190,84,63,35,300,1000,5,Obese
227,24,Female,198,129,32.9,Obese,5.0,42.9,Weight Loss,3,60,Intermediate,1,0,1,1,1,5,124.13,31.66,40.2,2539,4987,253,190,84,63,35,300,1000,5,Obese
227,24,Female,198,129,32.9,Obese,5.0,42.9,Weight Loss,3,60,Intermediate,1,0,1,1,1,6,122.85,31.34,39.6,2539,4987,253,190,84,63,35,300,1000,5,Obese
227,24,Female,198,129,32.9,Obese,5.0,42.9,Weight Loss,3,60,Intermediate,1,0,1,1,1,7,122.43,31.23,39.0,2539,4987,253,190,84,63,35,300,1000,5,Obese
227,24,Female,198,129,32.9,Obese,5.0,42.9,Weight Loss,3,60,Intermediate,1,0,1,1,1,8,121.13,30.9,38.3,2480,4839,248,186,82,62,34,300,1000,5,Obese
227,24,Female,198,129,32.9,Obese,5.0,42.9,Weight Loss,3,60,Intermediate,1,0,1,1,1,9,119.7,30.53,37.8,2480,4839,248,186,82,62,34,300,1000,5,Obese
227,24,Female,198,129,32.9,Obese,5.0,42.9,Weight Loss,3,60,Intermediate,1,0,1,1,1,10,118.74,30.29,37.4,2480,4839,248,186,82,62,34,300,1000,5,Obese
227,24,Female,198,129,32.9,Obese,5.0,42.9,Weight Loss,3,60,Intermediate,1,0,1,1,1,11,117.83,30.06,37.1,2480,4839,248,186,82,62,34,300,1000,5,Obese
227,24,Female,198,129,32.9,Obese,5.0,42.9,Weight Loss,3,60,Intermediate,1,0,1,1,1,12,116.96,29.83,36.6,2423,4693,242,181,80,60,33,300,1000,5,Overweight
228,43,Male,163,75,28.23,Overweight,4.0,27.4,Weight Loss,4,90,Intermediate,1,0,0,0,0,0,75.0,28.23,27.4,1916,3525,191,143,63,47,26,300,1000,4,Overweight
228,43,Male,163,75,28.23,Overweight,4.0,27.4,Weight Loss,4,90,Intermediate,1,0,0,0,0,1,74.01,27.86,27.0,1916,3525,191,143,63,47,26,300,1000,4,Overweight
228,43,Male,163,75,28.23,Overweight,4.0,27.4,Weight Loss,4,90,Intermediate,1,0,0,0,0,2,73.37,27.61,26.6,1916,3525,191,143,63,47,26,300,1000,4,Overweight
228,43,Male,163,75,28.23,Overweight,4.0,27.4,Weight Loss,4,90,Intermediate,1,0,0,0,0,3,72.67,27.35,26.3,1916,3525,191,143,63,47,26,300,1000,4,Overweight
228,43,Male,163,75,28.23,Overweight,4.0,27.4,Weight Loss,4,90,Intermediate,1,0,0,0,0,4,72.03,27.11,25.5,1870,3421,187,140,62,46,26,300,1000,4,Overweight
228,43,Male,163,75,28.23,Overweight,4.0,27.4,Weight Loss,4,90,Intermediate,1,0,0,0,0,5,71.75,27.01,24.9,1870,3421,187,140,62,46,26,300,1000,4,Overweight
228,43,Male,163,75,28.23,Overweight,4.0,27.4,Weight Loss,4,90,Intermediate,1,0,0,0,0,6,71.54,26.93,24.5,1870,3421,187,140,62,46,26,300,1000,4,Overweight
228,43,Male,163,75,28.23,Overweight,4.0,27.4,Weight Loss,4,90,Intermediate,1,0,0,0,0,7,71.34,26.85,23.9,1870,3421,187,140,62,46,26,300,1000,4,Overweight
228,43,Male,163,75,28.23,Overweight,4.0,27.4,Weight Loss,4,90,Intermediate,1,0,0,0,0,8,70.45,26.52,23.3,1845,3365,184,138,61,46,25,300,1000,4,Overweight
228,43,Male,163,75,28.23,Overweight,4.0,27.4,Weight Loss,4,90,Intermediate,1,0,0,0,0,9,69.52,26.17,22.6,1845,3365,184,138,61,46,25,300,1000,4,Overweight
228,43,Male,163,75,28.23,Overweight,4.0,27.4,Weight Loss,4,90,Intermediate,1,0,0,0,0,10,68.36,25.73,22.2,1845,3365,184,138,61,46,25,300,1000,4,Overweight
228,43,Male,163,75,28.23,Overweight,4.0,27.4,Weight Loss,4,90,Intermediate,1,0,0,0,0,11,67.45,25.39,21.9,1845,3365,184,138,61,46,25,300,1000,4,Overweight
228,43,Male,163,75,28.23,Overweight,4.0,27.4,Weight Loss,4,90,Intermediate,1,0,0,0,0,12,67.12,25.26,21.2,1793,3249,179,134,59,44,25,300,1000,4,Overweight
229,43,Male,175,93,30.37,Obese,5.0,32.2,Weight Loss,4,30,Intermediate,1,1,1,1,1,0,93.0,30.37,32.2,2311,3555,231,173,77,57,32,300,1000,5,Obese
229,43,Male,175,93,30.37,Obese,5.0,32.2,Weight Loss,4,30,Intermediate,1,1,1,1,1,1,92.05,30.06,31.5,2311,3555,231,173,77,57,32,300,1000,5,Obese
229,43,Male,175,93,30.37,Obese,5.0,32.2,Weight Loss,4,30,Intermediate,1,1,1,1,1,2,91.82,29.98,30.9,2311,3555,231,173,77,57,32,300,1000,5,Overweight
229,43,Male,175,93,30.37,Obese,5.0,32.2,Weight Loss,4,30,Intermediate,1,1,1,1,1,3,91.12,29.75,30.6,2311,3555,231,173,77,57,32,300,1000,5,Overweight
229,43,Male,175,93,30.37,Obese,5.0,32.2,Weight Loss,4,30,Intermediate,1,1,1,1,1,4,90.47,29.54,30.2,2272,3466,227,170,75,56,31,300,1000,5,Overweight
229,43,Male,175,93,30.37,Obese,5.0,32.2,Weight Loss,4,30,Intermediate,1,1,1,1,1,5,89.75,29.31,29.7,2272,3466,227,170,75,56,31,300,1000,5,Overweight
229,43,Male,175,93,30.37,Obese,5.0,32.2,Weight Loss,4,30,Intermediate,1,1,1,1,1,6,89.01,29.06,29.1,2272,3466,227,170,75,56,31,300,1000,5,Overweight
229,43,Male,175,93,30.37,Obese,5.0,32.2,Weight Loss,4,30,Intermediate,1,1,1,1,1,7,88.44,28.88,28.5,2272,3466,227,170,75,56,31,300,1000,5,Overweight
229,43,Male,175,93,30.37,Obese,5.0,32.2,Weight Loss,4,30,Intermediate,1,1,1,1,1,8,87.45,28.55,27.8,2225,3360,222,166,74,55,31,300,1000,5,Overweight
229,43,Male,175,93,30.37,Obese,5.0,32.2,Weight Loss,4,30,Intermediate,1,1,1,1,1,9,86.76,28.33,27.0,2225,3360,222,166,74,55,31,300,1000,5,Overweight
229,43,Male,175,93,30.37,Obese,5.0,32.2,Weight Loss,4,30,Intermediate,1,1,1,1,1,10,85.83,28.03,26.5,2225,3360,222,166,74,55,31,300,1000,5,Overweight
229,43,Male,175,93,30.37,Obese,5.0,32.2,Weight Loss,4,30,Intermediate,1,1,1,1,1,11,85.05,27.77,26.1,2225,3360,222,166,74,55,31,300,1000,5,Overweight
229,43,Male,175,93,30.37,Obese,5.0,32.2,Weight Loss,4,30,Intermediate,1,1,1,1,1,12,84.81,27.69,25.8,2184,3268,218,163,72,54,30,300,1000,4,Overweight
230,37,Male,194,126,33.48,Obese,5.0,36.1,Weight Loss,5,45,Advanced,1,0,0,0,0,0,126.0,33.48,36.1,3053,4860,305,228,101,76,42,300,1000,5,Obese
230,37,Male,194,126,33.48,Obese,5.0,36.1,Weight Loss,5,45,Advanced,1,0,0,0,0,1,124.93,33.2,35.7,3053,4860,305,228,101,76,42,300,1000,5,Obese
230,37,Male,194,126,33.48,Obese,5.0,36.1,Weight Loss,5,45,Advanced,1,0,0,0,0,2,123.82,32.9,35.3,3053,4860,305,228,101,76,42,300,1000,5,Obese
230,37,Male,194,126,33.48,Obese,5.0,36.1,Weight Loss,5,45,Advanced,1,0,0,0,0,3,122.57,32.57,34.8,3053,4860,305,228,101,76,42,300,1000,5,Obese
230,37,Male,194,126,33.48,Obese,5.0,36.1,Weight Loss,5,45,Advanced,1,0,0,0,0,4,121.63,32.32,34.0,2985,4707,298,223,99,74,41,300,1000,5,Obese
230,37,Male,194,126,33.48,Obese,5.0,36.1,Weight Loss,5,45,Advanced,1,0,0,0,0,5,120.46,32.01,33.3,2985,4707,298,223,99,74,41,300,1000,5,Obese
230,37,Male,194,126,33.48,Obese,5.0,36.1,Weight Loss,5,45,Advanced,1,0,0,0,0,6,118.85,31.58,32.7,2985,4707,298,223,99,74,41,300,1000,5,Obese
230,37,Male,194,126,33.48,Obese,5.0,36.1,Weight Loss,5,45,Advanced,1,0,0,0,0,7,118.19,31.4,32.1,2985,4707,298,223,99,74,41,300,1000,5,Obese
230,37,Male,194,126,33.48,Obese,5.0,36.1,Weight Loss,5,45,Advanced,1,0,0,0,0,8,117.14,31.12,31.4,2915,4549,291,218,97,72,40,300,1000,5,Obese
230,37,Male,194,126,33.48,Obese,5.0,36.1,Weight Loss,5,45,Advanced,1,0,0,0,0,9,116.03,30.83,31.1,2915,4549,291,218,97,72,40,300,1000,5,Obese
230,37,Male,194,126,33.48,Obese,5.0,36.1,Weight Loss,5,45,Advanced,1,0,0,0,0,10,114.74,30.49,30.7,2915,4549,291,218,97,72,40,300,1000,5,Obese
230,37,Male,194,126,33.48,Obese,5.0,36.1,Weight Loss,5,45,Advanced,1,0,0,0,0,11,114.13,30.32,30.0,2915,4549,291,218,97,72,40,300,1000,5,Obese
230,37,Male,194,126,33.48,Obese,5.0,36.1,Weight Loss,5,45,Advanced,1,0,0,0,0,12,113.5,30.16,29.7,2859,4422,285,214,95,71,40,300,1000,5,Obese
231,46,Male,176,96,30.99,Obese,5.0,32.6,Weight Loss,2,90,Beginner,0,1,1,0,0,0,96.0,30.99,32.6,2023,4260,202,151,67,50,28,300,1000,4,Obese
231,46,Male,176,96,30.99,Obese,5.0,32.6,Weight Loss,2,90,Beginner,0,1,1,0,0,1,95.23,30.74,32.0,2023,4260,202,151,67,50,28,300,1000,4,Obese
231,46,Male,176,96,30.99,Obese,5.0,32.6,Weight Loss,2,90,Beginner,0,1,1,0,0,2,94.71,30.58,31.3,2023,4260,202,151,67,50,28,300,1000,4,Obese
231,46,Male,176,96,30.99,Obese,5.0,32.6,Weight Loss,2,90,Beginner,0,1,1,0,0,3,94.17,30.4,30.5,2023,4260,202,151,67,50,28,300,1000,4,Obese
231,46,Male,176,96,30.99,Obese,5.0,32.6,Weight Loss,2,90,Beginner,0,1,1,0,0,4,93.19,30.08,30.0,1984,4161,198,148,66,49,27,300,1000,4,Obese
231,46,Male,176,96,30.99,Obese,5.0,32.6,Weight Loss,2,90,Beginner,0,1,1,0,0,5,92.78,29.95,29.4,1984,4161,198,148,66,49,27,300,1000,4,Overweight
231,46,Male,176,96,30.99,Obese,5.0,32.6,Weight Loss,2,90,Beginner,0,1,1,0,0,6,92.39,29.83,28.7,1984,4161,198,148,66,49,27,300,1000,4,Overweight
231,46,Male,176,96,30.99,Obese,5.0,32.6,Weight Loss,2,90,Beginner,0,1,1,0,0,7,91.52,29.55,28.0,1984,4161,198,148,66,49,27,300,1000,4,Overweight
231,46,Male,176,96,30.99,Obese,5.0,32.6,Weight Loss,2,90,Beginner,0,1,1,0,0,8,90.45,29.2,27.5,1946,4065,194,145,64,48,27,300,1000,4,Overweight
231,46,Male,176,96,30.99,Obese,5.0,32.6,Weight Loss,2,90,Beginner,0,1,1,0,0,9,89.7,28.96,26.8,1946,4065,194,145,64,48,27,300,1000,4,Overweight
231,46,Male,176,96,30.99,Obese,5.0,32.6,Weight Loss,2,90,Beginner,0,1,1,0,0,10,88.85,28.69,26.3,1946,4065,194,145,64,48,27,300,1000,4,Overweight
231,46,Male,176,96,30.99,Obese,5.0,32.6,Weight Loss,2,90,Beginner,0,1,1,0,0,11,88.07,28.43,25.6,1946,4065,194,145,64,48,27,300,1000,4,Overweight
231,46,Male,176,96,30.99,Obese,5.0,32.6,Weight Loss,2,90,Beginner,0,1,1,0,0,12,86.93,28.06,24.8,1898,3942,189,142,63,47,26,300,1000,4,Overweight
232,49,Female,158,40,16.02,Underweight,3.0,18.5,Muscle Gain,2,45,Beginner,1,0,0,1,1,0,40.0,16.02,18.5,1649,1850,123,206,36,41,23,300,1000,4,Underweight
232,49,Female,158,40,16.02,Underweight,3.0,18.5,Muscle Gain,2,45,Beginner,1,0,0,1,1,1,40.08,16.05,18.3,1649,1850,123,206,36,41,23,300,1000,4,Underweight
232,49,Female,158,40,16.02,Underweight,3.0,18.5,Muscle Gain,2,45,Beginner,1,0,0,1,1,2,40.19,16.1,18.3,1649,1850,123,206,36,41,23,300,1000,4,Underweight
232,49,Female,158,40,16.02,Underweight,3.0,18.5,Muscle Gain,2,45,Beginner,1,0,0,1,1,3,40.36,16.17,18.3,1649,1850,123,206,36,41,23,300,1000,4,Underweight
232,49,Female,158,40,16.02,Underweight,3.0,18.5,Muscle Gain,2,45,Beginner,1,0,0,1,1,4,40.44,16.2,18.2,1655,1865,124,206,36,41,23,300,1000,4,Underweight
232,49,Female,158,40,16.02,Underweight,3.0,18.5,Muscle Gain,2,45,Beginner,1,0,0,1,1,5,40.65,16.28,18.2,1655,1865,124,206,36,41,23,300,1000,4,Underweight
232,49,Female,158,40,16.02,Underweight,3.0,18.5,Muscle Gain,2,45,Beginner,1,0,0,1,1,6,40.66,16.29,17.9,1655,1865,124,206,36,41,23,300,1000,4,Underweight
232,49,Female,158,40,16.02,Underweight,3.0,18.5,Muscle Gain,2,45,Beginner,1,0,0,1,1,7,40.7,16.3,17.8,1655,1865,124,206,36,41,23,300,1000,4,Underweight
232,49,Female,158,40,16.02,Underweight,3.0,18.5,Muscle Gain,2,45,Beginner,1,0,0,1,1,8,40.89,16.38,17.6,1661,1881,124,207,36,41,23,300,1000,4,Underweight
232,49,Female,158,40,16.02,Underweight,3.0,18.5,Muscle Gain,2,45,Beginner,1,0,0,1,1,9,41.02,16.43,17.6,1661,1881,124,207,36,41,23,300,1000,4,Underweight
232,49,Female,158,40,16.02,Underweight,3.0,18.5,Muscle Gain,2,45,Beginner,1,0,0,1,1,10,41.25,16.52,17.5,1661,1881,124,207,36,41,23,300,1000,4,Underweight
232,49,Female,158,40,16.02,Underweight,3.0,18.5,Muscle Gain,2,45,Beginner,1,0,0,1,1,11,41.31,16.55,17.5,1661,1881,124,207,36,41,23,300,1000,4,Underweight
232,49,Female,158,40,16.02,Underweight,3.0,18.5,Muscle Gain,2,45,Beginner,1,0,0,1,1,12,41.41,16.59,17.4,1669,1899,125,208,37,41,23,300,1000,4,Underweight
233,44,Female,175,102,33.31,Obese,5.0,43.8,Weight Loss,4,60,Beginner,1,0,1,0,0,0,102.0,33.31,43.8,2185,4170,218,163,72,54,30,300,1000,4,Obese
233,44,Female,175,102,33.31,Obese,5.0,43.8,Weight Loss,4,60,Beginner,1,0,1,0,0,1,100.91,32.95,43.0,2185,4170,218,163,72,54,30,300,1000,4,Obese
233,44,Female,175,102,33.31,Obese,5.0,43.8,Weight Loss,4,60,Beginner,1,0,1,0,0,2,99.9,32.62,42.3,2185,4170,218,163,72,54,30,300,1000,4,Obese
233,44,Female,175,102,33.31,Obese,5.0,43.8,Weight Loss,4,60,Beginner,1,0,1,0,0,3,99.01,32.33,42.0,2185,4170,218,163,72,54,30,300,1000,4,Obese
233,44,Female,175,102,33.31,Obese,5.0,43.8,Weight Loss,4,60,Beginner,1,0,1,0,0,4,97.99,32.0,41.4,2123,4029,212,159,70,53,29,300,1000,4,Obese
233,44,Female,175,102,33.31,Obese,5.0,43.8,Weight Loss,4,60,Beginner,1,0,1,0,0,5,97.25,31.76,40.8,2123,4029,212,159,70,53,29,300,1000,4,Obese
233,44,Female,175,102,33.31,Obese,5.0,43.8,Weight Loss,4,60,Beginner,1,0,1,0,0,6,96.71,31.58,40.3,2123,4029,212,159,70,53,29,300,1000,4,Obese
233,44,Female,175,102,33.31,Obese,5.0,43.8,Weight Loss,4,60,Beginner,1,0,1,0,0,7,96.27,31.44,40.0,2123,4029,212,159,70,53,29,300,1000,4,Obese
233,44,Female,175,102,33.31,Obese,5.0,43.8,Weight Loss,4,60,Beginner,1,0,1,0,0,8,95.44,31.17,39.5,2084,3940,208,156,69,52,29,300,1000,4,Obese
233,44,Female,175,102,33.31,Obese,5.0,43.8,Weight Loss,4,60,Beginner,1,0,1,0,0,9,94.08,30.72,39.2,2084,3940,208,156,69,52,29,300,1000,4,Obese
233,44,Female,175,102,33.31,Obese,5.0,43.8,Weight Loss,4,60,Beginner,1,0,1,0,0,10,93.5,30.53,38.8,2084,3940,208,156,69,52,29,300,1000,4,Obese
233,44,Female,175,102,33.31,Obese,5.0,43.8,Weight Loss,4,60,Beginner,1,0,1,0,0,11,92.9,30.33,38.1,2084,3940,208,156,69,52,29,300,1000,4,Obese
233,44,Female,175,102,33.31,Obese,5.0,43.8,Weight Loss,4,60,Beginner,1,0,1,0,0,12,91.93,30.02,37.5,2029,3817,202,152,67,50,28,300,1000,4,Obese
234,49,Male,196,93,24.21,Normal,4.0,24.2,Muscle Gain,4,60,Intermediate,1,1,0,0,1,0,93.0,24.21,24.2,3268,3855,245,408,72,81,45,300,1000,5,Normal
234,49,Male,196,93,24.21,Normal,4.0,24.2,Muscle Gain,4,60,Intermediate,1,1,0,0,1,1,93.26,24.28,24.3,3268,3855,245,408,72,81,45,300,1000,5,Normal
234,49,Male,196,93,24.21,Normal,4.0,24.2,Muscle Gain,4,60,Intermediate,1,1,0,0,1,2,93.43,24.32,24.0,3268,3855,245,408,72,81,45,300,1000,5,Normal
234,49,Male,196,93,24.21,Normal,4.0,24.2,Muscle Gain,4,60,Intermediate,1,1,0,0,1,3,93.46,24.33,24.1,3268,3855,245,408,72,81,45,300,1000,5,Normal
234,49,Male,196,93,24.21,Normal,4.0,24.2,Muscle Gain,4,60,Intermediate,1,1,0,0,1,4,93.63,24.37,23.9,3277,3876,245,409,72,81,45,300,1000,5,Normal
234,49,Male,196,93,24.21,Normal,4.0,24.2,Muscle Gain,4,60,Intermediate,1,1,0,0,1,5,93.77,24.41,23.8,3277,3876,245,409,72,81,45,300,1000,5,Normal
234,49,Male,196,93,24.21,Normal,4.0,24.2,Muscle Gain,4,60,Intermediate,1,1,0,0,1,6,93.96,24.46,23.6,3277,3876,245,409,72,81,45,300,1000,5,Normal
234,49,Male,196,93,24.21,Normal,4.0,24.2,Muscle Gain,4,60,Intermediate,1,1,0,0,1,7,94.22,24.53,23.5,3277,3876,245,409,72,81,45,300,1000,5,Normal
234,49,Male,196,93,24.21,Normal,4.0,24.2,Muscle Gain,4,60,Intermediate,1,1,0,0,1,8,94.49,24.6,23.3,3291,3907,246,411,73,82,46,300,1000,5,Normal
234,49,Male,196,93,24.21,Normal,4.0,24.2,Muscle Gain,4,60,Intermediate,1,1,0,0,1,9,94.74,24.66,23.1,3291,3907,246,411,73,82,46,300,1000,5,Normal
234,49,Male,196,93,24.21,Normal,4.0,24.2,Muscle Gain,4,60,Intermediate,1,1,0,0,1,10,94.85,24.69,23.1,3291,3907,246,411,73,82,46,300,1000,5,Normal
234,49,Male,196,93,24.21,Normal,4.0,24.2,Muscle Gain,4,60,Intermediate,1,1,0,0,1,11,95.14,24.77,23.0,3291,3907,246,411,73,82,46,300,1000,5,Normal
234,49,Male,196,93,24.21,Normal,4.0,24.2,Muscle Gain,4,60,Intermediate,1,1,0,0,1,12,95.28,24.8,23.0,3303,3934,247,412,73,82,46,300,1000,5,Normal
235,21,Female,171,94,32.15,Obese,5.0,37.4,Weight Loss,3,60,Intermediate,1,0,1,0,0,0,94.0,32.15,37.4,1896,3890,189,142,63,47,26,300,1000,4,Obese
235,21,Female,171,94,32.15,Obese,5.0,37.4,Weight Loss,3,60,Intermediate,1,0,1,0,0,1,93.16,31.86,36.6,1896,3890,189,142,63,47,26,300,1000,4,Obese
235,21,Female,171,94,32.15,Obese,5.0,37.4,Weight Loss,3,60,Intermediate,1,0,1,0,0,2,92.8,31.74,36.1,1896,3890,189,142,63,47,26,300,1000,4,Obese
235,21,Female,171,94,32.15,Obese,5.0,37.4,Weight Loss,3,60,Intermediate,1,0,1,0,0,3,91.45,31.27,35.8,1896,3890,189,142,63,47,26,300,1000,4,Obese
235,21,Female,171,94,32.15,Obese,5.0,37.4,Weight Loss,3,60,Intermediate,1,0,1,0,0,4,90.43,30.93,35.5,1847,3765,184,138,61,46,25,300,1000,4,Obese
235,21,Female,171,94,32.15,Obese,5.0,37.4,Weight Loss,3,60,Intermediate,1,0,1,0,0,5,90.24,30.86,35.1,1847,3765,184,138,61,46,25,300,1000,4,Obese
235,21,Female,171,94,32.15,Obese,5.0,37.4,Weight Loss,3,60,Intermediate,1,0,1,0,0,6,89.51,30.61,34.4,1847,3765,184,138,61,46,25,300,1000,4,Obese
235,21,Female,171,94,32.15,Obese,5.0,37.4,Weight Loss,3,60,Intermediate,1,0,1,0,0,7,88.68,30.33,34.0,1847,3765,184,138,61,46,25,300,1000,4,Obese
235,21,Female,171,94,32.15,Obese,5.0,37.4,Weight Loss,3,60,Intermediate,1,0,1,0,0,8,88.31,30.2,33.2,1818,3690,181,136,60,45,25,300,1000,4,Obese
235,21,Female,171,94,32.15,Obese,5.0,37.4,Weight Loss,3,60,Intermediate,1,0,1,0,0,9,87.95,30.08,32.8,1818,3690,181,136,60,45,25,300,1000,4,Obese
235,21,Female,171,94,32.15,Obese,5.0,37.4,Weight Loss,3,60,Intermediate,1,0,1,0,0,10,87.03,29.76,32.0,1818,3690,181,136,60,45,25,300,1000,4,Overweight
235,21,Female,171,94,32.15,Obese,5.0,37.4,Weight Loss,3,60,Intermediate,1,0,1,0,0,11,86.46,29.57,31.7,1818,3690,181,136,60,45,25,300,1000,4,Overweight
235,21,Female,171,94,32.15,Obese,5.0,37.4,Weight Loss,3,60,Intermediate,1,0,1,0,0,12,85.68,29.3,31.2,1781,3598,178,133,59,44,24,300,1000,4,Overweight
236,35,Male,196,79,20.56,Normal,2.0,16.8,Muscle Gain,2,30,Advanced,1,1,1,0,0,0,79.0,20.56,16.8,2836,3065,212,354,63,70,39,300,1000,5,Normal
236,35,Male,196,79,20.56,Normal,2.0,16.8,Muscle Gain,2,30,Advanced,1,1,1,0,0,1,79.17,20.61,16.8,2836,3065,212,354,63,70,39,300,1000,5,Normal
236,35,Male,196,79,20.56,Normal,2.0,16.8,Muscle Gain,2,30,Advanced,1,1,1,0,0,2,79.27,20.63,16.9,2836,3065,212,354,63,70,39,300,1000,5,Normal
236,35,Male,196,79,20.56,Normal,2.0,16.8,Muscle Gain,2,30,Advanced,1,1,1,0,0,3,79.28,20.64,16.6,2836,3065,212,354,63,70,39,300,1000,5,Normal
236,35,Male,196,79,20.56,Normal,2.0,16.8,Muscle Gain,2,30,Advanced,1,1,1,0,0,4,79.37,20.66,16.4,2842,3078,213,355,63,71,39,300,1000,5,Normal
236,35,Male,196,79,20.56,Normal,2.0,16.8,Muscle Gain,2,30,Advanced,1,1,1,0,0,5,79.39,20.67,16.3,2842,3078,213,355,63,71,39,300,1000,5,Normal
236,35,Male,196,79,20.56,Normal,2.0,16.8,Muscle Gain,2,30,Advanced,1,1,1,0,0,6,79.49,20.69,16.0,2842,3078,213,355,63,71,39,300,1000,5,Normal
236,35,Male,196,79,20.56,Normal,2.0,16.8,Muscle Gain,2,30,Advanced,1,1,1,0,0,7,79.55,20.71,15.9,2842,3078,213,355,63,71,39,300,1000,5,Normal
236,35,Male,196,79,20.56,Normal,2.0,16.8,Muscle Gain,2,30,Advanced,1,1,1,0,0,8,79.52,20.7,15.9,2844,3083,213,355,63,71,39,300,1000,5,Normal
236,35,Male,196,79,20.56,Normal,2.0,16.8,Muscle Gain,2,30,Advanced,1,1,1,0,0,9,79.53,20.7,15.6,2844,3083,213,355,63,71,39,300,1000,5,Normal
236,35,Male,196,79,20.56,Normal,2.0,16.8,Muscle Gain,2,30,Advanced,1,1,1,0,0,10,79.66,20.74,15.5,2844,3083,213,355,63,71,39,300,1000,5,Normal
236,35,Male,196,79,20.56,Normal,2.0,16.8,Muscle Gain,2,30,Advanced,1,1,1,0,0,11,79.79,20.77,15.5,2844,3083,213,355,63,71,39,300,1000,5,Normal
236,35,Male,196,79,20.56,Normal,2.0,16.8,Muscle Gain,2,30,Advanced,1,1,1,0,0,12,79.85,20.79,15.2,2848,3094,213,356,63,71,39,300,1000,5,Normal
237,20,Female,179,54,16.85,Underweight,2.0,15.3,Muscle Gain,2,45,Beginner,1,1,1,0,1,0,54.0,16.85,15.3,2221,2340,166,277,49,55,31,300,1000,5,Underweight
237,20,Female,179,54,16.85,Underweight,2.0,15.3,Muscle Gain,2,45,Beginner,1,1,1,0,1,1,54.22,16.92,15.1,2221,2340,166,277,49,55,31,300,1000,5,Underweight
237,20,Female,179,54,16.85,Underweight,2.0,15.3,Muscle Gain,2,45,Beginner,1,1,1,0,1,2,54.5,17.01,15.2,2221,2340,166,277,49,55,31,300,1000,5,Underweight
237,20,Female,179,54,16.85,Underweight,2.0,15.3,Muscle Gain,2,45,Beginner,1,1,1,0,1,3,54.8,17.1,15.0,2221,2340,166,277,49,55,31,300,1000,5,Underweight
237,20,Female,179,54,16.85,Underweight,2.0,15.3,Muscle Gain,2,45,Beginner,1,1,1,0,1,4,55.06,17.19,14.8,2236,2377,167,279,49,55,31,300,1000,5,Underweight
237,20,Female,179,54,16.85,Underweight,2.0,15.3,Muscle Gain,2,45,Beginner,1,1,1,0,1,5,55.3,17.26,14.6,2236,2377,167,279,49,55,31,300,1000,5,Underweight
237,20,Female,179,54,16.85,Underweight,2.0,15.3,Muscle Gain,2,45,Beginner,1,1,1,0,1,6,55.41,17.29,14.3,2236,2377,167,279,49,55,31,300,1000,5,Underweight
237,20,Female,179,54,16.85,Underweight,2.0,15.3,Muscle Gain,2,45,Beginner,1,1,1,0,1,7,55.53,17.33,14.3,2236,2377,167,279,49,55,31,300,1000,5,Underweight
237,20,Female,179,54,16.85,Underweight,2.0,15.3,Muscle Gain,2,45,Beginner,1,1,1,0,1,8,55.62,17.36,14.0,2244,2396,168,280,49,56,31,300,1000,5,Underweight
237,20,Female,179,54,16.85,Underweight,2.0,15.3,Muscle Gain,2,45,Beginner,1,1,1,0,1,9,55.72,17.39,14.1,2244,2396,168,280,49,56,31,300,1000,5,Underweight
237,20,Female,179,54,16.85,Underweight,2.0,15.3,Muscle Gain,2,45,Beginner,1,1,1,0,1,10,55.81,17.42,13.9,2244,2396,168,280,49,56,31,300,1000,5,Underweight
237,20,Female,179,54,16.85,Underweight,2.0,15.3,Muscle Gain,2,45,Beginner,1,1,1,0,1,11,55.88,17.44,13.7,2244,2396,168,280,49,56,31,300,1000,5,Underweight
237,20,Female,179,54,16.85,Underweight,2.0,15.3,Muscle Gain,2,45,Beginner,1,1,1,0,1,12,56.17,17.53,13.8,2251,2416,168,281,50,56,31,300,1000,5,Underweight
238,33,Male,192,60,16.28,Underweight,1.0,5.9,Muscle Gain,5,60,Advanced,1,1,0,0,1,0,60.0,16.28,5.9,2842,2700,213,355,63,71,39,300,1000,5,Underweight
238,33,Male,192,60,16.28,Underweight,1.0,5.9,Muscle Gain,5,60,Advanced,1,1,0,0,1,1,60.0,16.28,5.8,2842,2700,213,355,63,71,39,300,1000,5,Underweight
238,33,Male,192,60,16.28,Underweight,1.0,5.9,Muscle Gain,5,60,Advanced,1,1,0,0,1,2,60.16,16.32,5.6,2842,2700,213,355,63,71,39,300,1000,5,Underweight
238,33,Male,192,60,16.28,Underweight,1.0,5.9,Muscle Gain,5,60,Advanced,1,1,0,0,1,3,60.24,16.34,5.6,2842,2700,213,355,63,71,39,300,1000,5,Underweight
238,33,Male,192,60,16.28,Underweight,1.0,5.9,Muscle Gain,5,60,Advanced,1,1,0,0,1,4,60.34,16.37,5.7,2847,2711,213,355,63,71,39,300,1000,5,Underweight
238,33,Male,192,60,16.28,Underweight,1.0,5.9,Muscle Gain,5,60,Advanced,1,1,0,0,1,5,60.48,16.41,5.8,2847,2711,213,355,63,71,39,300,1000,5,Underweight
238,33,Male,192,60,16.28,Underweight,1.0,5.9,Muscle Gain,5,60,Advanced,1,1,0,0,1,6,60.51,16.41,5.6,2847,2711,213,355,63,71,39,300,1000,5,Underweight
238,33,Male,192,60,16.28,Underweight,1.0,5.9,Muscle Gain,5,60,Advanced,1,1,0,0,1,7,60.56,16.43,5.6,2847,2711,213,355,63,71,39,300,1000,5,Underweight
238,33,Male,192,60,16.28,Underweight,1.0,5.9,Muscle Gain,5,60,Advanced,1,1,0,0,1,8,60.55,16.42,5.6,2850,2719,213,356,63,71,39,300,1000,5,Underweight
238,33,Male,192,60,16.28,Underweight,1.0,5.9,Muscle Gain,5,60,Advanced,1,1,0,0,1,9,60.55,16.43,5.5,2850,2719,213,356,63,71,39,300,1000,5,Underweight
238,33,Male,192,60,16.28,Underweight,1.0,5.9,Muscle Gain,5,60,Advanced,1,1,0,0,1,10,60.54,16.42,5.5,2850,2719,213,356,63,71,39,300,1000,5,Underweight
238,33,Male,192,60,16.28,Underweight,1.0,5.9,Muscle Gain,5,60,Advanced,1,1,0,0,1,11,60.68,16.46,5.4,2850,2719,213,356,63,71,39,300,1000,5,Underweight
238,33,Male,192,60,16.28,Underweight,1.0,5.9,Muscle Gain,5,60,Advanced,1,1,0,0,1,12,60.65,16.45,5.1,2852,2722,213,356,63,71,39,300,1000,5,Underweight
239,44,Male,197,86,22.16,Normal,2.0,17.8,Muscle Gain,2,60,Advanced,1,1,1,0,0,0,86.0,22.16,17.8,2879,3610,215,359,63,71,40,300,1000,5,Normal
239,44,Male,197,86,22.16,Normal,2.0,17.8,Muscle Gain,2,60,Advanced,1,1,1,0,0,1,86.0,22.16,17.7,2879,3610,215,359,63,71,40,300,1000,5,Normal
239,44,Male,197,86,22.16,Normal,2.0,17.8,Muscle Gain,2,60,Advanced,1,1,1,0,0,2,86.04,22.17,17.4,2879,3610,215,359,63,71,40,300,1000,5,Normal
239,44,Male,197,86,22.16,Normal,2.0,17.8,Muscle Gain,2,60,Advanced,1,1,1,0,0,3,86.22,22.22,17.2,2879,3610,215,359,63,71,40,300,1000,5,Normal
239,44,Male,197,86,22.16,Normal,2.0,17.8,Muscle Gain,2,60,Advanced,1,1,1,0,0,4,86.37,22.26,16.9,2884,3622,216,360,64,72,40,300,1000,5,Normal
239,44,Male,197,86,22.16,Normal,2.0,17.8,Muscle Gain,2,60,Advanced,1,1,1,0,0,5,86.37,22.26,16.9,2884,3622,216,360,64,72,40,300,1000,5,Normal
239,44,Male,197,86,22.16,Normal,2.0,17.8,Muscle Gain,2,60,Advanced,1,1,1,0,0,6,86.53,22.3,16.8,2884,3622,216,360,64,72,40,300,1000,5,Normal
239,44,Male,197,86,22.16,Normal,2.0,17.8,Muscle Gain,2,60,Advanced,1,1,1,0,0,7,86.53,22.3,16.6,2884,3622,216,360,64,72,40,300,1000,5,Normal
239,44,Male,197,86,22.16,Normal,2.0,17.8,Muscle Gain,2,60,Advanced,1,1,1,0,0,8,86.63,22.32,16.6,2888,3632,216,361,64,72,40,300,1000,5,Normal
239,44,Male,197,86,22.16,Normal,2.0,17.8,Muscle Gain,2,60,Advanced,1,1,1,0,0,9,86.78,22.36,16.5,2888,3632,216,361,64,72,40,300,1000,5,Normal
239,44,Male,197,86,22.16,Normal,2.0,17.8,Muscle Gain,2,60,Advanced,1,1,1,0,0,10,86.97,22.41,16.3,2888,3632,216,361,64,72,40,300,1000,5,Normal
239,44,Male,197,86,22.16,Normal,2.0,17.8,Muscle Gain,2,60,Advanced,1,1,1,0,0,11,87.14,22.45,16.1,2888,3632,216,361,64,72,40,300,1000,5,Normal
239,44,Male,197,86,22.16,Normal,2.0,17.8,Muscle Gain,2,60,Advanced,1,1,1,0,0,12,87.14,22.45,16.2,2895,3649,217,361,64,72,40,300,1000,5,Normal
240,46,Male,166,112,40.64,Obese,5.0,41.7,Weight Loss,3,30,Beginner,1,1,0,0,0,0,112.0,40.64,41.7,2157,4220,215,161,71,53,30,300,1000,4,Obese
240,46,Male,166,112,40.64,Obese,5.0,41.7,Weight Loss,3,30,Beginner,1,1,0,0,0,1,110.91,40.25,41.1,2157,4220,215,161,71,53,30,300,1000,4,Obese
240,46,Male,166,112,40.64,Obese,5.0,41.7,Weight Loss,3,30,Beginner,1,1,0,0,0,2,110.39,40.06,40.8,2157,4220,215,161,71,53,30,300,1000,4,Obese
240,46,Male,166,112,40.64,Obese,5.0,41.7,Weight Loss,3,30,Beginner,1,1,0,0,0,3,109.16,39.61,40.4,2157,4220,215,161,71,53,30,300,1000,4,Obese
240,46,Male,166,112,40.64,Obese,5.0,41.7,Weight Loss,3,30,Beginner,1,1,0,0,0,4,108.25,39.28,39.7,2105,4088,210,157,70,52,29,300,1000,4,Obese
240,46,Male,166,112,40.64,Obese,5.0,41.7,Weight Loss,3,30,Beginner,1,1,0,0,0,5,107.28,38.93,39.3,2105,4088,210,157,70,52,29,300,1000,4,Obese
240,46,Male,166,112,40.64,Obese,5.0,41.7,Weight Loss,3,30,Beginner,1,1,0,0,0,6,106.83,38.77,38.8,2105,4088,210,157,70,52,29,300,1000,4,Obese
240,46,Male,166,112,40.64,Obese,5.0,41.7,Weight Loss,3,30,Beginner,1,1,0,0,0,7,106.52,38.65,38.2,2105,4088,210,157,70,52,29,300,1000,4,Obese
240,46,Male,166,112,40.64,Obese,5.0,41.7,Weight Loss,3,30,Beginner,1,1,0,0,0,8,106.0,38.47,37.6,2074,4009,207,155,69,51,29,300,1000,4,Obese
240,46,Male,166,112,40.64,Obese,5.0,41.7,Weight Loss,3,30,Beginner,1,1,0,0,0,9,104.97,38.09,37.2,2074,4009,207,155,69,51,29,300,1000,4,Obese
240,46,Male,166,112,40.64,Obese,5.0,41.7,Weight Loss,3,30,Beginner,1,1,0,0,0,10,104.29,37.85,36.9,2074,4009,207,155,69,51,29,300,1000,4,Obese
240,46,Male,166,112,40.64,Obese,5.0,41.7,Weight Loss,3,30,Beginner,1,1,0,0,0,11,103.01,37.38,36.2,2074,4009,207,155,69,51,29,300,1000,4,Obese
240,46,Male,166,112,40.64,Obese,5.0,41.7,Weight Loss,3,30,Beginner,1,1,0,0,0,12,102.48,37.19,35.8,2026,3886,202,151,67,50,28,300,1000,4,Obese
241,45,Male,175,92,30.04,Obese,5.0,32.4,Weight Loss,3,60,Intermediate,1,1,0,0,0,0,92.0,30.04,32.4,1966,3820,196,147,65,49,27,300,1000,4,Obese
241,45,Male,175,92,30.04,Obese,5.0,32.4,Weight Loss,3,60,Intermediate,1,1,0,0,0,1,91.21,29.78,32.0,1966,3820,196,147,65,49,27,300,1000,4,Overweight
241,45,Male,175,92,30.04,Obese,5.0,32.4,Weight Loss,3,60,Intermediate,1,1,0,0,0,2,90.17,29.44,31.5,1966,3820,196,147,65,49,27,300,1000,4,Overweight
241,45,Male,175,92,30.04,Obese,5.0,32.4,Weight Loss,3,60,Intermediate,1,1,0,0,0,3,89.59,29.25,31.0,1966,3820,196,147,65,49,27,300,1000,4,Overweight
241,45,Male,175,92,30.04,Obese,5.0,32.4,Weight Loss,3,60,Intermediate,1,1,0,0,0,4,89.28,29.15,30.4,1928,3724,192,144,64,48,26,300,1000,4,Overweight
241,45,Male,175,92,30.04,Obese,5.0,32.4,Weight Loss,3,60,Intermediate,1,1,0,0,0,5,89.16,29.11,30.0,1928,3724,192,144,64,48,26,300,1000,4,Overweight
241,45,Male,175,92,30.04,Obese,5.0,32.4,Weight Loss,3,60,Intermediate,1,1,0,0,0,6,88.54,28.91,29.4,1928,3724,192,144,64,48,26,300,1000,4,Overweight
241,45,Male,175,92,30.04,Obese,5.0,32.4,Weight Loss,3,60,Intermediate,1,1,0,0,0,7,88.49,28.89,28.8,1928,3724,192,144,64,48,26,300,1000,4,Overweight
241,45,Male,175,92,30.04,Obese,5.0,32.4,Weight Loss,3,60,Intermediate,1,1,0,0,0,8,87.34,28.52,28.3,1902,3657,190,142,63,47,26,300,1000,4,Overweight
241,45,Male,175,92,30.04,Obese,5.0,32.4,Weight Loss,3,60,Intermediate,1,1,0,0,0,9,87.16,28.46,27.8,1902,3657,190,142,63,47,26,300,1000,4,Overweight
241,45,Male,175,92,30.04,Obese,5.0,32.4,Weight Loss,3,60,Intermediate,1,1,0,0,0,10,86.01,28.08,27.1,1902,3657,190,142,63,47,26,300,1000,4,Overweight
241,45,Male,175,92,30.04,Obese,5.0,32.4,Weight Loss,3,60,Intermediate,1,1,0,0,0,11,85.33,27.86,26.6,1902,3657,190,142,63,47,26,300,1000,4,Overweight
241,45,Male,175,92,30.04,Obese,5.0,32.4,Weight Loss,3,60,Intermediate,1,1,0,0,0,12,84.78,27.68,26.1,1867,3567,186,140,62,46,26,300,1000,4,Overweight
242,22,Male,185,48,14.02,Underweight,1.0,5.6,Muscle Gain,3,30,Beginner,1,1,0,0,1,0,48.0,14.02,5.6,2405,1980,180,300,53,60,33,300,1000,5,Underweight
242,22,Male,185,48,14.02,Underweight,1.0,5.6,Muscle Gain,3,30,Beginner,1,1,0,0,1,1,48.09,14.05,5.4,2405,1980,180,300,53,60,33,300,1000,5,Underweight
242,22,Male,185,48,14.02,Underweight,1.0,5.6,Muscle Gain,3,30,Beginner,1,1,0,0,1,2,48.28,14.11,5.1,2405,1980,180,300,53,60,33,300,1000,5,Underweight
242,22,Male,185,48,14.02,Underweight,1.0,5.6,Muscle Gain,3,30,Beginner,1,1,0,0,1,3,48.49,14.17,5.1,2405,1980,180,300,53,60,33,300,1000,5,Underweight
242,22,Male,185,48,14.02,Underweight,1.0,5.6,Muscle Gain,3,30,Beginner,1,1,0,0,1,4,48.63,14.21,5.0,2414,2002,181,301,53,60,33,300,1000,5,Underweight
242,22,Male,185,48,14.02,Underweight,1.0,5.6,Muscle Gain,3,30,Beginner,1,1,0,0,1,5,48.88,14.28,5.0,2414,2002,181,301,53,60,33,300,1000,5,Underweight
242,22,Male,185,48,14.02,Underweight,1.0,5.6,Muscle Gain,3,30,Beginner,1,1,0,0,1,6,49.1,14.35,5.0,2414,2002,181,301,53,60,33,300,1000,5,Underweight
242,22,Male,185,48,14.02,Underweight,1.0,5.6,Muscle Gain,3,30,Beginner,1,1,0,0,1,7,49.19,14.37,5.0,2414,2002,181,301,53,60,33,300,1000,5,Underweight
242,22,Male,185,48,14.02,Underweight,1.0,5.6,Muscle Gain,3,30,Beginner,1,1,0,0,1,8,49.31,14.41,5.0,2423,2025,181,302,53,60,33,300,1000,5,Underweight
242,22,Male,185,48,14.02,Underweight,1.0,5.6,Muscle Gain,3,30,Beginner,1,1,0,0,1,9,49.42,14.44,5.0,2423,2025,181,302,53,60,33,300,1000,5,Underweight
242,22,Male,185,48,14.02,Underweight,1.0,5.6,Muscle Gain,3,30,Beginner,1,1,0,0,1,10,49.65,14.51,5.0,2423,2025,181,302,53,60,33,300,1000,5,Underweight
242,22,Male,185,48,14.02,Underweight,1.0,5.6,Muscle Gain,3,30,Beginner,1,1,0,0,1,11,49.79,14.55,5.0,2423,2025,181,302,53,60,33,300,1000,5,Underweight
242,22,Male,185,48,14.02,Underweight,1.0,5.6,Muscle Gain,3,30,Beginner,1,1,0,0,1,12,49.94,14.59,5.1,2432,2047,182,304,54,60,34,300,1000,5,Underweight
243,40,Male,150,113,50.22,Obese,5.0,58.7,Weight Loss,2,60,Intermediate,1,1,1,1,1,0,113.0,50.22,58.7,2074,4555,207,155,69,51,29,300,1000,4,Obese
243,40,Male,150,113,50.22,Obese,5.0,58.7,Weight Loss,2,60,Intermediate,1,1,1,1,1,1,112.77,50.12,58.2,2074,4555,207,155,69,51,29,300,1000,4,Obese
243,40,Male,150,113,50.22,Obese,5.0,58.7,Weight Loss,2,60,Intermediate,1,1,1,1,1,2,112.06,49.8,57.6,2074,4555,207,155,69,51,29,300,1000,4,Obese
243,40,Male,150,113,50.22,Obese,5.0,58.7,Weight Loss,2,60,Intermediate,1,1,1,1,1,3,110.96,49.32,56.8,2074,4555,207,155,69,51,29,300,1000,4,Obese
243,40,Male,150,113,50.22,Obese,5.0,58.7,Weight Loss,2,60,Intermediate,1,1,1,1,1,4,110.47,49.1,56.3,2039,4466,203,152,67,50,28,300,1000,4,Obese
243,40,Male,150,113,50.22,Obese,5.0,58.7,Weight Loss,2,60,Intermediate,1,1,1,1,1,5,110.22,48.99,55.8,2039,4466,203,152,67,50,28,300,1000,4,Obese
243,40,Male,150,113,50.22,Obese,5.0,58.7,Weight Loss,2,60,Intermediate,1,1,1,1,1,6,109.31,48.58,55.1,2039,4466,203,152,67,50,28,300,1000,4,Obese
243,40,Male,150,113,50.22,Obese,5.0,58.7,Weight Loss,2,60,Intermediate,1,1,1,1,1,7,108.65,48.29,54.3,2039,4466,203,152,67,50,28,300,1000,4,Obese
243,40,Male,150,113,50.22,Obese,5.0,58.7,Weight Loss,2,60,Intermediate,1,1,1,1,1,8,107.73,47.88,53.7,2002,4370,200,150,66,50,28,300,1000,4,Obese
243,40,Male,150,113,50.22,Obese,5.0,58.7,Weight Loss,2,60,Intermediate,1,1,1,1,1,9,106.95,47.53,52.9,2002,4370,200,150,66,50,28,300,1000,4,Obese
243,40,Male,150,113,50.22,Obese,5.0,58.7,Weight Loss,2,60,Intermediate,1,1,1,1,1,10,106.15,47.18,52.3,2002,4370,200,150,66,50,28,300,1000,4,Obese
243,40,Male,150,113,50.22,Obese,5.0,58.7,Weight Loss,2,60,Intermediate,1,1,1,1,1,11,105.19,46.75,51.7,2002,4370,200,150,66,50,28,300,1000,4,Obese
243,40,Male,150,113,50.22,Obese,5.0,58.7,Weight Loss,2,60,Intermediate,1,1,1,1,1,12,104.46,46.43,51.2,1957,4255,195,146,65,48,27,300,1000,4,Obese
244,45,Female,157,91,36.92,Obese,5.0,50.3,Weight Loss,4,45,Advanced,1,0,0,0,0,0,91.0,36.92,50.3,1833,3635,183,137,61,45,25,300,1000,4,Obese
244,45,Female,157,91,36.92,Obese,5.0,50.3,Weight Loss,4,45,Advanced,1,0,0,0,0,1,90.03,36.52,49.7,1833,3635,183,137,61,45,25,300,1000,4,Obese
244,45,Female,157,91,36.92,Obese,5.0,50.3,Weight Loss,4,45,Advanced,1,0,0,0,0,2,89.66,36.38,49.2,1833,3635,183,137,61,45,25,300,1000,4,Obese
244,45,Female,157,91,36.92,Obese,5.0,50.3,Weight Loss,4,45,Advanced,1,0,0,0,0,3,88.83,36.04,48.6,1833,3635,183,137,61,45,25,300,1000,4,Obese
244,45,Female,157,91,36.92,Obese,5.0,50.3,Weight Loss,4,45,Advanced,1,0,0,0,0,4,87.53,35.51,48.3,1779,3513,177,133,59,44,24,300,1000,4,Obese
244,45,Female,157,91,36.92,Obese,5.0,50.3,Weight Loss,4,45,Advanced,1,0,0,0,0,5,86.98,35.29,47.5,1779,3513,177,133,59,44,24,300,1000,4,Obese
244,45,Female,157,91,36.92,Obese,5.0,50.3,Weight Loss,4,45,Advanced,1,0,0,0,0,6,86.27,35.0,46.8,1779,3513,177,133,59,44,24,300,1000,4,Obese
244,45,Female,157,91,36.92,Obese,5.0,50.3,Weight Loss,4,45,Advanced,1,0,0,0,0,7,86.11,34.93,46.3,1779,3513,177,133,59,44,24,300,1000,4,Obese
244,45,Female,157,91,36.92,Obese,5.0,50.3,Weight Loss,4,45,Advanced,1,0,0,0,0,8,85.07,34.51,45.8,1741,3427,174,130,58,43,24,300,1000,4,Obese
244,45,Female,157,91,36.92,Obese,5.0,50.3,Weight Loss,4,45,Advanced,1,0,0,0,0,9,84.46,34.27,45.3,1741,3427,174,130,58,43,24,300,1000,4,Obese
244,45,Female,157,91,36.92,Obese,5.0,50.3,Weight Loss,4,45,Advanced,1,0,0,0,0,10,83.95,34.06,44.6,1741,3427,174,130,58,43,24,300,1000,4,Obese
244,45,Female,157,91,36.92,Obese,5.0,50.3,Weight Loss,4,45,Advanced,1,0,0,0,0,11,83.23,33.76,44.0,1741,3427,174,130,58,43,24,300,1000,4,Obese
244,45,Female,157,91,36.92,Obese,5.0,50.3,Weight Loss,4,45,Advanced,1,0,0,0,0,12,82.93,33.64,43.2,1708,3352,170,128,56,42,23,300,1000,4,Obese
245,47,Male,198,96,24.49,Normal,3.0,20.5,Muscle Gain,2,90,Beginner,1,1,0,0,0,0,96.0,24.49,20.5,3005,4260,225,375,66,75,42,300,1000,5,Normal
245,47,Male,198,96,24.49,Normal,3.0,20.5,Muscle Gain,2,90,Beginner,1,1,0,0,0,1,96.31,24.57,20.3,3005,4260,225,375,66,75,42,300,1000,5,Normal
245,47,Male,198,96,24.49,Normal,3.0,20.5,Muscle Gain,2,90,Beginner,1,1,0,0,0,2,96.58,24.63,20.3,3005,4260,225,375,66,75,42,300,1000,5,Normal
245,47,Male,198,96,24.49,Normal,3.0,20.5,Muscle Gain,2,90,Beginner,1,1,0,0,0,3,96.73,24.67,20.4,3005,4260,225,375,66,75,42,300,1000,5,Normal
245,47,Male,198,96,24.49,Normal,3.0,20.5,Muscle Gain,2,90,Beginner,1,1,0,0,0,4,97.02,24.75,20.2,3019,4295,226,377,67,75,42,300,1000,5,Normal
245,47,Male,198,96,24.49,Normal,3.0,20.5,Muscle Gain,2,90,Beginner,1,1,0,0,0,5,97.34,24.83,20.3,3019,4295,226,377,67,75,42,300,1000,5,Normal
245,47,Male,198,96,24.49,Normal,3.0,20.5,Muscle Gain,2,90,Beginner,1,1,0,0,0,6,97.73,24.93,20.2,3019,4295,226,377,67,75,42,300,1000,5,Normal
245,47,Male,198,96,24.49,Normal,3.0,20.5,Muscle Gain,2,90,Beginner,1,1,0,0,0,7,98.08,25.02,19.9,3019,4295,226,377,67,75,42,300,1000,5,Overweight
245,47,Male,198,96,24.49,Normal,3.0,20.5,Muscle Gain,2,90,Beginner,1,1,0,0,0,8,98.28,25.07,19.6,3036,4339,227,379,67,75,42,300,1000,5,Overweight
245,47,Male,198,96,24.49,Normal,3.0,20.5,Muscle Gain,2,90,Beginner,1,1,0,0,0,9,98.55,25.14,19.6,3036,4339,227,379,67,75,42,300,1000,5,Overweight
245,47,Male,198,96,24.49,Normal,3.0,20.5,Muscle Gain,2,90,Beginner,1,1,0,0,0,10,98.82,25.21,19.4,3036,4339,227,379,67,75,42,300,1000,5,Overweight
245,47,Male,198,96,24.49,Normal,3.0,20.5,Muscle Gain,2,90,Beginner,1,1,0,0,0,11,99.09,25.28,19.3,3036,4339,227,379,67,75,42,300,1000,5,Overweight
245,47,Male,198,96,24.49,Normal,3.0,20.5,Muscle Gain,2,90,Beginner,1,1,0,0,0,12,99.39,25.35,19.1,3051,4378,228,381,67,76,42,300,1000,5,Overweight
246,49,Female,184,65,19.2,Normal,4.0,25.6,Muscle Gain,5,45,Advanced,0,0,0,0,1,0,65.0,19.2,25.6,2460,2725,184,307,54,61,34,300,1000,5,Normal
246,49,Female,184,65,19.2,Normal,4.0,25.6,Muscle Gain,5,45,Advanced,0,0,0,0,1,1,65.15,19.24,25.6,2460,2725,184,307,54,61,34,300,1000,5,Normal
246,49,Female,184,65,19.2,Normal,4.0,25.6,Muscle Gain,5,45,Advanced,0,0,0,0,1,2,65.19,19.26,25.7,2460,2725,184,307,54,61,34,300,1000,5,Normal
246,49,Female,184,65,19.2,Normal,4.0,25.6,Muscle Gain,5,45,Advanced,0,0,0,0,1,3,65.15,19.24,25.7,2460,2725,184,307,54,61,34,300,1000,5,Normal
246,49,Female,184,65,19.2,Normal,4.0,25.6,Muscle Gain,5,45,Advanced,0,0,0,0,1,4,65.14,19.24,25.5,2462,2729,184,307,54,61,34,300,1000,5,Normal
246,49,Female,184,65,19.2,Normal,4.0,25.6,Muscle Gain,5,45,Advanced,0,0,0,0,1,5,65.1,19.23,25.3,2462,2729,184,307,54,61,34,300,1000,5,Normal
246,49,Female,184,65,19.2,Normal,4.0,25.6,Muscle Gain,5,45,Advanced,0,0,0,0,1,6,65.21,19.26,25.3,2462,2729,184,307,54,61,34,300,1000,5,Normal
246,49,Female,184,65,19.2,Normal,4.0,25.6,Muscle Gain,5,45,Advanced,0,0,0,0,1,7,65.29,19.28,25.3,2462,2729,184,307,54,61,34,300,1000,5,Normal
246,49,Female,184,65,19.2,Normal,4.0,25.6,Muscle Gain,5,45,Advanced,0,0,0,0,1,8,65.31,19.29,25.2,2465,2735,184,308,54,61,34,300,1000,5,Normal
246,49,Female,184,65,19.2,Normal,4.0,25.6,Muscle Gain,5,45,Advanced,0,0,0,0,1,9,65.44,19.33,25.3,2465,2735,184,308,54,61,34,300,1000,5,Normal
246,49,Female,184,65,19.2,Normal,4.0,25.6,Muscle Gain,5,45,Advanced,0,0,0,0,1,10,65.55,19.36,25.1,2465,2735,184,308,54,61,34,300,1000,5,Normal
246,49,Female,184,65,19.2,Normal,4.0,25.6,Muscle Gain,5,45,Advanced,0,0,0,0,1,11,65.59,19.37,24.8,2465,2735,184,308,54,61,34,300,1000,5,Normal
246,49,Female,184,65,19.2,Normal,4.0,25.6,Muscle Gain,5,45,Advanced,0,0,0,0,1,12,65.67,19.4,24.5,2471,2748,185,308,54,61,34,300,1000,5,Normal
247,37,Male,164,80,29.74,Overweight,4.0,28.5,Weight Loss,3,45,Intermediate,1,1,0,0,1,0,80.0,29.74,28.5,1761,3250,176,132,58,44,24,300,1000,4,Overweight
247,37,Male,164,80,29.74,Overweight,4.0,28.5,Weight Loss,3,45,Intermediate,1,1,0,0,1,1,78.81,29.3,28.2,1761,3250,176,132,58,44,24,300,1000,4,Overweight
247,37,Male,164,80,29.74,Overweight,4.0,28.5,Weight Loss,3,45,Intermediate,1,1,0,0,1,2,77.97,28.99,27.6,1761,3250,176,132,58,44,24,300,1000,4,Overweight
247,37,Male,164,80,29.74,Overweight,4.0,28.5,Weight Loss,3,45,Intermediate,1,1,0,0,1,3,77.39,28.77,27.1,1761,3250,176,132,58,44,24,300,1000,4,Overweight
247,37,Male,164,80,29.74,Overweight,4.0,28.5,Weight Loss,3,45,Intermediate,1,1,0,0,1,4,76.84,28.57,26.8,1718,3139,171,128,57,42,24,300,1000,4,Overweight
247,37,Male,164,80,29.74,Overweight,4.0,28.5,Weight Loss,3,45,Intermediate,1,1,0,0,1,5,76.29,28.36,26.1,1718,3139,171,128,57,42,24,300,1000,4,Overweight
247,37,Male,164,80,29.74,Overweight,4.0,28.5,Weight Loss,3,45,Intermediate,1,1,0,0,1,6,75.88,28.21,25.5,1718,3139,171,128,57,42,24,300,1000,4,Overweight
247,37,Male,164,80,29.74,Overweight,4.0,28.5,Weight Loss,3,45,Intermediate,1,1,0,0,1,7,74.98,27.88,24.9,1718,3139,171,128,57,42,24,300,1000,4,Overweight
247,37,Male,164,80,29.74,Overweight,4.0,28.5,Weight Loss,3,45,Intermediate,1,1,0,0,1,8,74.94,27.86,24.3,1692,3072,169,126,56,42,23,300,1000,4,Overweight
247,37,Male,164,80,29.74,Overweight,4.0,28.5,Weight Loss,3,45,Intermediate,1,1,0,0,1,9,74.86,27.83,23.8,1692,3072,169,126,56,42,23,300,1000,4,Overweight
247,37,Male,164,80,29.74,Overweight,4.0,28.5,Weight Loss,3,45,Intermediate,1,1,0,0,1,10,73.86,27.46,23.2,1692,3072,169,126,56,42,23,300,1000,4,Overweight
247,37,Male,164,80,29.74,Overweight,4.0,28.5,Weight Loss,3,45,Intermediate,1,1,0,0,1,11,73.23,27.23,22.5,1692,3072,169,126,56,42,23,300,1000,4,Overweight
247,37,Male,164,80,29.74,Overweight,4.0,28.5,Weight Loss,3,45,Intermediate,1,1,0,0,1,12,73.05,27.16,21.9,1666,3006,166,124,55,41,23,300,1000,4,Overweight
248,48,Female,196,74,19.26,Normal,4.0,25.6,Muscle Gain,4,30,Advanced,1,0,1,0,1,0,74.0,19.26,25.6,2724,2890,204,340,60,68,38,300,1000,5,Normal
248,48,Female,196,74,19.26,Normal,4.0,25.6,Muscle Gain,4,30,Advanced,1,0,1,0,1,1,74.16,19.3,25.4,2724,2890,204,340,60,68,38,300,1000,5,Normal
248,48,Female,196,74,19.26,Normal,4.0,25.6,Muscle Gain,4,30,Advanced,1,0,1,0,1,2,74.26,19.33,25.3,2724,2890,204,340,60,68,38,300,1000,5,Normal
248,48,Female,196,74,19.26,Normal,4.0,25.6,Muscle Gain,4,30,Advanced,1,0,1,0,1,3,74.28,19.34,25.3,2724,2890,204,340,60,68,38,300,1000,5,Normal
248,48,Female,196,74,19.26,Normal,4.0,25.6,Muscle Gain,4,30,Advanced,1,0,1,0,1,4,74.32,19.35,25.1,2729,2901,204,341,60,68,38,300,1000,5,Normal
248,48,Female,196,74,19.26,Normal,4.0,25.6,Muscle Gain,4,30,Advanced,1,0,1,0,1,5,74.46,19.38,25.0,2729,2901,204,341,60,68,38,300,1000,5,Normal
248,48,Female,196,74,19.26,Normal,4.0,25.6,Muscle Gain,4,30,Advanced,1,0,1,0,1,6,74.47,19.39,24.9,2729,2901,204,341,60,68,38,300,1000,5,Normal
248,48,Female,196,74,19.26,Normal,4.0,25.6,Muscle Gain,4,30,Advanced,1,0,1,0,1,7,74.59,19.42,24.9,2729,2901,204,341,60,68,38,300,1000,5,Normal
248,48,Female,196,74,19.26,Normal,4.0,25.6,Muscle Gain,4,30,Advanced,1,0,1,0,1,8,74.72,19.45,24.7,2735,2915,205,341,60,68,38,300,1000,5,Normal
248,48,Female,196,74,19.26,Normal,4.0,25.6,Muscle Gain,4,30,Advanced,1,0,1,0,1,9,74.89,19.49,24.7,2735,2915,205,341,60,68,38,300,1000,5,Normal
248,48,Female,196,74,19.26,Normal,4.0,25.6,Muscle Gain,4,30,Advanced,1,0,1,0,1,10,74.94,19.51,24.5,2735,2915,205,341,60,68,38,300,1000,5,Normal
248,48,Female,196,74,19.26,Normal,4.0,25.6,Muscle Gain,4,30,Advanced,1,0,1,0,1,11,75.0,19.52,24.5,2735,2915,205,341,60,68,38,300,1000,5,Normal
248,48,Female,196,74,19.26,Normal,4.0,25.6,Muscle Gain,4,30,Advanced,1,0,1,0,1,12,75.08,19.54,24.3,2740,2927,205,342,60,68,38,300,1000,5,Normal
249,39,Female,171,102,34.88,Obese,5.0,44.3,Weight Loss,5,45,Advanced,1,0,1,0,1,0,102.0,34.88,44.3,2185,4020,218,163,72,54,30,300,1000,4,Obese
249,39,Female,171,102,34.88,Obese,5.0,44.3,Weight Loss,5,45,Advanced,1,0,1,0,1,1,101.48,34.7,43.7,2185,4020,218,163,72,54,30,300,1000,4,Obese
249,39,Female,171,102,34.88,Obese,5.0,44.3,Weight Loss,5,45,Advanced,1,0,1,0,1,2,100.21,34.27,43.3,2185,4020,218,163,72,54,30,300,1000,4,Obese
249,39,Female,171,102,34.88,Obese,5.0,44.3,Weight Loss,5,45,Advanced,1,0,1,0,1,3,99.38,33.98,42.9,2185,4020,218,163,72,54,30,300,1000,4,Obese
249,39,Female,171,102,34.88,Obese,5.0,44.3,Weight Loss,5,45,Advanced,1,0,1,0,1,4,98.21,33.59,42.2,2126,3887,212,159,70,53,29,300,1000,4,Obese
249,39,Female,171,102,34.88,Obese,5.0,44.3,Weight Loss,5,45,Advanced,1,0,1,0,1,5,97.16,33.23,41.8,2126,3887,212,159,70,53,29,300,1000,4,Obese
249,39,Female,171,102,34.88,Obese,5.0,44.3,Weight Loss,5,45,Advanced,1,0,1,0,1,6,95.95,32.81,41.3,2126,3887,212,159,70,53,29,300,1000,4,Obese
249,39,Female,171,102,34.88,Obese,5.0,44.3,Weight Loss,5,45,Advanced,1,0,1,0,1,7,94.93,32.47,40.8,2126,3887,212,159,70,53,29,300,1000,4,Obese
249,39,Female,171,102,34.88,Obese,5.0,44.3,Weight Loss,5,45,Advanced,1,0,1,0,1,8,94.54,32.33,40.1,2070,3758,207,155,69,51,28,300,1000,4,Obese
249,39,Female,171,102,34.88,Obese,5.0,44.3,Weight Loss,5,45,Advanced,1,0,1,0,1,9,93.53,31.99,39.4,2070,3758,207,155,69,51,28,300,1000,4,Obese
249,39,Female,171,102,34.88,Obese,5.0,44.3,Weight Loss,5,45,Advanced,1,0,1,0,1,10,92.22,31.54,38.8,2070,3758,207,155,69,51,28,300,1000,4,Obese
249,39,Female,171,102,34.88,Obese,5.0,44.3,Weight Loss,5,45,Advanced,1,0,1,0,1,11,91.38,31.25,38.4,2070,3758,207,155,69,51,28,300,1000,4,Obese
249,39,Female,171,102,34.88,Obese,5.0,44.3,Weight Loss,5,45,Advanced,1,0,1,0,1,12,90.14,30.83,38.0,2001,3604,200,150,66,50,28,300,1000,4,Obese
250,49,Female,163,64,24.09,Normal,5.0,32.4,Muscle Gain,4,90,Intermediate,1,0,0,0,0,0,64.0,24.09,32.4,2241,3140,168,280,49,56,31,300,1000,5,Normal
250,49,Female,163,64,24.09,Normal,5.0,32.4,Muscle Gain,4,90,Intermediate,1,0,0,0,0,1,64.2,24.16,32.2,2241,3140,168,280,49,56,31,300,1000,5,Normal
250,49,Female,163,64,24.09,Normal,5.0,32.4,Muscle Gain,4,90,Intermediate,1,0,0,0,0,2,64.33,24.21,32.1,2241,3140,168,280,49,56,31,300,1000,5,Normal
250,49,Female,163,64,24.09,Normal,5.0,32.4,Muscle Gain,4,90,Intermediate,1,0,0,0,0,3,64.38,24.23,32.1,2241,3140,168,280,49,56,31,300,1000,5,Normal
250,49,Female,163,64,24.09,Normal,5.0,32.4,Muscle Gain,4,90,Intermediate,1,0,0,0,0,4,64.59,24.31,31.9,2250,3160,168,281,50,56,31,300,1000,5,Normal
250,49,Female,163,64,24.09,Normal,5.0,32.4,Muscle Gain,4,90,Intermediate,1,0,0,0,0,5,64.81,24.39,31.9,2250,3160,168,281,50,56,31,300,1000,5,Normal
250,49,Female,163,64,24.09,Normal,5.0,32.4,Muscle Gain,4,90,Intermediate,1,0,0,0,0,6,65.03,24.48,31.7,2250,3160,168,281,50,56,31,300,1000,5,Normal
250,49,Female,163,64,24.09,Normal,5.0,32.4,Muscle Gain,4,90,Intermediate,1,0,0,0,0,7,65.09,24.5,31.7,2250,3160,168,281,50,56,31,300,1000,5,Normal
250,49,Female,163,64,24.09,Normal,5.0,32.4,Muscle Gain,4,90,Intermediate,1,0,0,0,0,8,65.24,24.55,31.6,2260,3183,169,282,50,56,31,300,1000,5,Normal
250,49,Female,163,64,24.09,Normal,5.0,32.4,Muscle Gain,4,90,Intermediate,1,0,0,0,0,9,65.3,24.58,31.7,2260,3183,169,282,50,56,31,300,1000,5,Normal
250,49,Female,163,64,24.09,Normal,5.0,32.4,Muscle Gain,4,90,Intermediate,1,0,0,0,0,10,65.3,24.58,31.4,2260,3183,169,282,50,56,31,300,1000,5,Normal
250,49,Female,163,64,24.09,Normal,5.0,32.4,Muscle Gain,4,90,Intermediate,1,0,0,0,0,11,65.55,24.67,31.4,2260,3183,169,282,50,56,31,300,1000,5,Normal
250,49,Female,163,64,24.09,Normal,5.0,32.4,Muscle Gain,4,90,Intermediate,1,0,0,0,0,12,65.65,24.71,31.5,2267,3197,170,283,50,56,31,300,1000,5,Normal
251,19,Male,175,129,42.12,Obese,5.0,42.2,Weight Loss,4,90,Beginner,1,1,1,1,0,0,129.0,42.12,42.2,3055,5415,305,229,101,76,42,300,1000,5,Obese
251,19,Male,175,129,42.12,Obese,5.0,42.2,Weight Loss,4,90,Beginner,1,1,1,1,0,1,127.86,41.75,41.5,3055,5415,305,229,101,76,42,300,1000,5,Obese
251,19,Male,175,129,42.12,Obese,5.0,42.2,Weight Loss,4,90,Beginner,1,1,1,1,0,2,127.14,41.51,40.8,3055,5415,305,229,101,76,42,300,1000,5,Obese
251,19,Male,175,129,42.12,Obese,5.0,42.2,Weight Loss,4,90,Beginner,1,1,1,1,0,3,125.82,41.08,40.1,3055,5415,305,229,101,76,42,300,1000,5,Obese
251,19,Male,175,129,42.12,Obese,5.0,42.2,Weight Loss,4,90,Beginner,1,1,1,1,0,4,125.07,40.84,39.7,2994,5277,299,224,99,74,41,300,1000,5,Obese
251,19,Male,175,129,42.12,Obese,5.0,42.2,Weight Loss,4,90,Beginner,1,1,1,1,0,5,124.25,40.57,39.1,2994,5277,299,224,99,74,41,300,1000,5,Obese
251,19,Male,175,129,42.12,Obese,5.0,42.2,Weight Loss,4,90,Beginner,1,1,1,1,0,6,123.72,40.4,38.3,2994,5277,299,224,99,74,41,300,1000,5,Obese
251,19,Male,175,129,42.12,Obese,5.0,42.2,Weight Loss,4,90,Beginner,1,1,1,1,0,7,122.61,40.04,37.6,2994,5277,299,224,99,74,41,300,1000,5,Obese
251,19,Male,175,129,42.12,Obese,5.0,42.2,Weight Loss,4,90,Beginner,1,1,1,1,0,8,121.4,39.64,37.0,2937,5148,293,220,97,73,41,300,1000,5,Obese
251,19,Male,175,129,42.12,Obese,5.0,42.2,Weight Loss,4,90,Beginner,1,1,1,1,0,9,120.43,39.32,36.6,2937,5148,293,220,97,73,41,300,1000,5,Obese
251,19,Male,175,129,42.12,Obese,5.0,42.2,Weight Loss,4,90,Beginner,1,1,1,1,0,10,119.87,39.14,35.9,2937,5148,293,220,97,73,41,300,1000,5,Obese
251,19,Male,175,129,42.12,Obese,5.0,42.2,Weight Loss,4,90,Beginner,1,1,1,1,0,11,118.7,38.76,35.4,2937,5148,293,220,97,73,41,300,1000,5,Obese
251,19,Male,175,129,42.12,Obese,5.0,42.2,Weight Loss,4,90,Beginner,1,1,1,1,0,12,117.71,38.44,34.7,2880,5019,288,216,96,72,40,300,1000,5,Obese
252,34,Male,177,114,36.39,Obese,5.0,39.7,Weight Loss,3,45,Advanced,1,0,0,0,0,0,114.0,36.39,39.7,2361,4440,236,177,78,59,33,300,1000,5,Obese
252,34,Male,177,114,36.39,Obese,5.0,39.7,Weight Loss,3,45,Advanced,1,0,0,0,0,1,113.21,36.14,38.9,2361,4440,236,177,78,59,33,300,1000,5,Obese
252,34,Male,177,114,36.39,Obese,5.0,39.7,Weight Loss,3,45,Advanced,1,0,0,0,0,2,111.98,35.74,38.2,2361,4440,236,177,78,59,33,300,1000,5,Obese
252,34,Male,177,114,36.39,Obese,5.0,39.7,Weight Loss,3,45,Advanced,1,0,0,0,0,3,111.27,35.52,37.6,2361,4440,236,177,78,59,33,300,1000,5,Obese
252,34,Male,177,114,36.39,Obese,5.0,39.7,Weight Loss,3,45,Advanced,1,0,0,0,0,4,110.22,35.18,37.2,2309,4307,230,173,76,57,32,300,1000,5,Obese
252,34,Male,177,114,36.39,Obese,5.0,39.7,Weight Loss,3,45,Advanced,1,0,0,0,0,5,109.4,34.92,36.5,2309,4307,230,173,76,57,32,300,1000,5,Obese
252,34,Male,177,114,36.39,Obese,5.0,39.7,Weight Loss,3,45,Advanced,1,0,0,0,0,6,108.44,34.61,35.8,2309,4307,230,173,76,57,32,300,1000,5,Obese
252,34,Male,177,114,36.39,Obese,5.0,39.7,Weight Loss,3,45,Advanced,1,0,0,0,0,7,107.7,34.38,35.3,2309,4307,230,173,76,57,32,300,1000,5,Obese
252,34,Male,177,114,36.39,Obese,5.0,39.7,Weight Loss,3,45,Advanced,1,0,0,0,0,8,106.59,34.02,34.7,2259,4180,225,169,75,56,31,300,1000,5,Obese
252,34,Male,177,114,36.39,Obese,5.0,39.7,Weight Loss,3,45,Advanced,1,0,0,0,0,9,105.54,33.69,34.0,2259,4180,225,169,75,56,31,300,1000,5,Obese
252,34,Male,177,114,36.39,Obese,5.0,39.7,Weight Loss,3,45,Advanced,1,0,0,0,0,10,104.59,33.38,33.3,2259,4180,225,169,75,56,31,300,1000,5,Obese
252,34,Male,177,114,36.39,Obese,5.0,39.7,Weight Loss,3,45,Advanced,1,0,0,0,0,11,103.99,33.19,32.6,2259,4180,225,169,75,56,31,300,1000,5,Obese
252,34,Male,177,114,36.39,Obese,5.0,39.7,Weight Loss,3,45,Advanced,1,0,0,0,0,12,103.67,33.09,31.9,2219,4078,221,166,73,55,31,300,1000,5,Obese
253,41,Female,172,77,26.03,Overweight,5.0,36.1,Weight Loss,3,45,Intermediate,1,0,0,0,1,0,77.0,26.03,36.1,1533,3145,153,114,51,38,21,300,1000,4,Overweight
253,41,Female,172,77,26.03,Overweight,5.0,36.1,Weight Loss,3,45,Intermediate,1,0,0,0,1,1,76.03,25.7,35.4,1533,3145,153,114,51,38,21,300,1000,4,Overweight
253,41,Female,172,77,26.03,Overweight,5.0,36.1,Weight Loss,3,45,Intermediate,1,0,0,0,1,2,75.65,25.57,34.7,1533,3145,153,114,51,38,21,300,1000,4,Overweight
253,41,Female,172,77,26.03,Overweight,5.0,36.1,Weight Loss,3,45,Intermediate,1,0,0,0,1,3,74.78,25.28,34.0,1533,3145,153,114,51,38,21,300,1000,4,Overweight
253,41,Female,172,77,26.03,Overweight,5.0,36.1,Weight Loss,3,45,Intermediate,1,0,0,0,1,4,74.19,25.08,33.4,1494,3046,149,112,49,37,20,300,1000,3,Overweight
253,41,Female,172,77,26.03,Overweight,5.0,36.1,Weight Loss,3,45,Intermediate,1,0,0,0,1,5,73.88,24.97,33.0,1494,3046,149,112,49,37,20,300,1000,3,Normal
253,41,Female,172,77,26.03,Overweight,5.0,36.1,Weight Loss,3,45,Intermediate,1,0,0,0,1,6,73.19,24.74,32.6,1494,3046,149,112,49,37,20,300,1000,3,Normal
253,41,Female,172,77,26.03,Overweight,5.0,36.1,Weight Loss,3,45,Intermediate,1,0,0,0,1,7,73.17,24.73,32.1,1494,3046,149,112,49,37,20,300,1000,3,Normal
253,41,Female,172,77,26.03,Overweight,5.0,36.1,Weight Loss,3,45,Intermediate,1,0,0,0,1,8,72.15,24.39,31.7,1466,2975,146,109,48,36,20,300,1000,3,Normal
253,41,Female,172,77,26.03,Overweight,5.0,36.1,Weight Loss,3,45,Intermediate,1,0,0,0,1,9,72.16,24.39,31.0,1466,2975,146,109,48,36,20,300,1000,3,Normal
253,41,Female,172,77,26.03,Overweight,5.0,36.1,Weight Loss,3,45,Intermediate,1,0,0,0,1,10,71.91,24.31,30.4,1466,2975,146,109,48,36,20,300,1000,3,Normal
253,41,Female,172,77,26.03,Overweight,5.0,36.1,Weight Loss,3,45,Intermediate,1,0,0,0,1,11,71.87,24.29,29.8,1466,2975,146,109,48,36,20,300,1000,3,Normal
253,41,Female,172,77,26.03,Overweight,5.0,36.1,Weight Loss,3,45,Intermediate,1,0,0,0,1,12,70.85,23.95,29.4,1449,2929,144,108,48,36,20,300,1000,3,Normal
254,47,Male,163,41,15.43,Underweight,1.0,9.4,Muscle Gain,4,60,Intermediate,1,1,0,0,1,0,41.0,15.43,9.4,2158,2035,161,269,47,53,30,300,1000,4,Underweight
254,47,Male,163,41,15.43,Underweight,1.0,9.4,Muscle Gain,4,60,Intermediate,1,1,0,0,1,1,41.06,15.46,9.1,2158,2035,161,269,47,53,30,300,1000,4,Underweight
254,47,Male,163,41,15.43,Underweight,1.0,9.4,Muscle Gain,4,60,Intermediate,1,1,0,0,1,2,41.05,15.45,8.8,2158,2035,161,269,47,53,30,300,1000,4,Underweight
254,47,Male,163,41,15.43,Underweight,1.0,9.4,Muscle Gain,4,60,Intermediate,1,1,0,0,1,3,41.07,15.46,8.6,2158,2035,161,269,47,53,30,300,1000,4,Underweight
254,47,Male,163,41,15.43,Underweight,1.0,9.4,Muscle Gain,4,60,Intermediate,1,1,0,0,1,4,41.06,15.46,8.4,2159,2037,161,269,47,53,30,300,1000,4,Underweight
254,47,Male,163,41,15.43,Underweight,1.0,9.4,Muscle Gain,4,60,Intermediate,1,1,0,0,1,5,41.14,15.48,8.4,2159,2037,161,269,47,53,30,300,1000,4,Underweight
254,47,Male,163,41,15.43,Underweight,1.0,9.4,Muscle Gain,4,60,Intermediate,1,1,0,0,1,6,41.18,15.5,8.1,2159,2037,161,269,47,53,30,300,1000,4,Underweight
254,47,Male,163,41,15.43,Underweight,1.0,9.4,Muscle Gain,4,60,Intermediate,1,1,0,0,1,7,41.21,15.51,8.2,2159,2037,161,269,47,53,30,300,1000,4,Underweight
254,47,Male,163,41,15.43,Underweight,1.0,9.4,Muscle Gain,4,60,Intermediate,1,1,0,0,1,8,41.23,15.52,7.9,2161,2042,162,270,48,54,30,300,1000,4,Underweight
254,47,Male,163,41,15.43,Underweight,1.0,9.4,Muscle Gain,4,60,Intermediate,1,1,0,0,1,9,41.34,15.56,7.9,2161,2042,162,270,48,54,30,300,1000,4,Underweight
254,47,Male,163,41,15.43,Underweight,1.0,9.4,Muscle Gain,4,60,Intermediate,1,1,0,0,1,10,41.44,15.6,7.6,2161,2042,162,270,48,54,30,300,1000,4,Underweight
254,47,Male,163,41,15.43,Underweight,1.0,9.4,Muscle Gain,4,60,Intermediate,1,1,0,0,1,11,41.54,15.63,7.6,2161,2042,162,270,48,54,30,300,1000,4,Underweight
254,47,Male,163,41,15.43,Underweight,1.0,9.4,Muscle Gain,4,60,Intermediate,1,1,0,0,1,12,41.65,15.68,7.5,2168,2057,162,271,48,54,30,300,1000,4,Underweight
255,19,Female,173,46,15.37,Underweight,2.0,16.1,Muscle Gain,5,90,Advanced,1,0,0,0,0,0,46.0,15.37,16.1,2292,2510,171,286,50,57,32,300,1000,5,Underweight
255,19,Female,173,46,15.37,Underweight,2.0,16.1,Muscle Gain,5,90,Advanced,1,0,0,0,0,1,46.07,15.39,16.1,2292,2510,171,286,50,57,32,300,1000,5,Underweight
255,19,Female,173,46,15.37,Underweight,2.0,16.1,Muscle Gain,5,90,Advanced,1,0,0,0,0,2,46.14,15.42,16.2,2292,2510,171,286,50,57,32,300,1000,5,Underweight
255,19,Female,173,46,15.37,Underweight,2.0,16.1,Muscle Gain,5,90,Advanced,1,0,0,0,0,3,46.23,15.45,16.2,2292,2510,171,286,50,57,32,300,1000,5,Underweight
255,19,Female,173,46,15.37,Underweight,2.0,16.1,Muscle Gain,5,90,Advanced,1,0,0,0,0,4,46.28,15.46,15.9,2296,2519,172,287,51,57,32,300,1000,5,Underweight
255,19,Female,173,46,15.37,Underweight,2.0,16.1,Muscle Gain,5,90,Advanced,1,0,0,0,0,5,46.4,15.5,15.7,2296,2519,172,287,51,57,32,300,1000,5,Underweight
255,19,Female,173,46,15.37,Underweight,2.0,16.1,Muscle Gain,5,90,Advanced,1,0,0,0,0,6,46.45,15.52,15.5,2296,2519,172,287,51,57,32,300,1000,5,Underweight
255,19,Female,173,46,15.37,Underweight,2.0,16.1,Muscle Gain,5,90,Advanced,1,0,0,0,0,7,46.48,15.53,15.4,2296,2519,172,287,51,57,32,300,1000,5,Underweight
255,19,Female,173,46,15.37,Underweight,2.0,16.1,Muscle Gain,5,90,Advanced,1,0,0,0,0,8,46.57,15.56,15.4,2301,2530,172,287,51,57,32,300,1000,5,Underweight
255,19,Female,173,46,15.37,Underweight,2.0,16.1,Muscle Gain,5,90,Advanced,1,0,0,0,0,9,46.69,15.6,15.2,2301,2530,172,287,51,57,32,300,1000,5,Underweight
255,19,Female,173,46,15.37,Underweight,2.0,16.1,Muscle Gain,5,90,Advanced,1,0,0,0,0,10,46.67,15.59,15.2,2301,2530,172,287,51,57,32,300,1000,5,Underweight
255,19,Female,173,46,15.37,Underweight,2.0,16.1,Muscle Gain,5,90,Advanced,1,0,0,0,0,11,46.76,15.62,15.3,2301,2530,172,287,51,57,32,300,1000,5,Underweight
255,19,Female,173,46,15.37,Underweight,2.0,16.1,Muscle Gain,5,90,Advanced,1,0,0,0,0,12,46.79,15.63,15.1,2304,2537,172,288,51,57,32,300,1000,5,Underweight
256,40,Male,151,121,53.07,Obese,5.0,60.0,Weight Loss,4,60,Intermediate,1,1,0,0,1,0,121.0,53.07,60.0,2536,4835,253,190,84,63,35,300,1000,5,Obese
256,40,Male,151,121,53.07,Obese,5.0,60.0,Weight Loss,4,60,Intermediate,1,1,0,0,1,1,119.88,52.58,59.5,2536,4835,253,190,84,63,35,300,1000,5,Obese
256,40,Male,151,121,53.07,Obese,5.0,60.0,Weight Loss,4,60,Intermediate,1,1,0,0,1,2,119.07,52.22,59.0,2536,4835,253,190,84,63,35,300,1000,5,Obese
256,40,Male,151,121,53.07,Obese,5.0,60.0,Weight Loss,4,60,Intermediate,1,1,0,0,1,3,118.29,51.88,58.5,2536,4835,253,190,84,63,35,300,1000,5,Obese
256,40,Male,151,121,53.07,Obese,5.0,60.0,Weight Loss,4,60,Intermediate,1,1,0,0,1,4,117.79,51.66,57.9,2486,4722,248,186,82,62,34,300,1000,5,Obese
256,40,Male,151,121,53.07,Obese,5.0,60.0,Weight Loss,4,60,Intermediate,1,1,0,0,1,5,117.24,51.42,57.5,2486,4722,248,186,82,62,34,300,1000,5,Obese
256,40,Male,151,121,53.07,Obese,5.0,60.0,Weight Loss,4,60,Intermediate,1,1,0,0,1,6,115.9,50.83,56.7,2486,4722,248,186,82,62,34,300,1000,5,Obese
256,40,Male,151,121,53.07,Obese,5.0,60.0,Weight Loss,4,60,Intermediate,1,1,0,0,1,7,114.95,50.41,56.4,2486,4722,248,186,82,62,34,300,1000,5,Obese
256,40,Male,151,121,53.07,Obese,5.0,60.0,Weight Loss,4,60,Intermediate,1,1,0,0,1,8,113.58,49.81,55.7,2421,4575,242,181,80,60,33,300,1000,5,Obese
256,40,Male,151,121,53.07,Obese,5.0,60.0,Weight Loss,4,60,Intermediate,1,1,0,0,1,9,113.05,49.58,55.2,2421,4575,242,181,80,60,33,300,1000,5,Obese
256,40,Male,151,121,53.07,Obese,5.0,60.0,Weight Loss,4,60,Intermediate,1,1,0,0,1,10,112.44,49.32,54.5,2421,4575,242,181,80,60,33,300,1000,5,Obese
256,40,Male,151,121,53.07,Obese,5.0,60.0,Weight Loss,4,60,Intermediate,1,1,0,0,1,11,111.45,48.88,53.9,2421,4575,242,181,80,60,33,300,1000,5,Obese
256,40,Male,151,121,53.07,Obese,5.0,60.0,Weight Loss,4,60,Intermediate,1,1,0,0,1,12,110.46,48.44,53.5,2372,4465,237,177,79,59,33,300,1000,5,Obese
257,48,Female,194,73,19.4,Normal,3.0,22.9,Muscle Gain,4,45,Advanced,0,0,1,0,0,0,73.0,19.4,22.9,2689,3005,201,336,59,67,37,300,1000,5,Normal
257,48,Female,194,73,19.4,Normal,3.0,22.9,Muscle Gain,4,45,Advanced,0,0,1,0,0,1,72.97,19.39,22.6,2689,3005,201,336,59,67,37,300,1000,5,Normal
257,48,Female,194,73,19.4,Normal,3.0,22.9,Muscle Gain,4,45,Advanced,0,0,1,0,0,2,73.08,19.42,22.4,2689,3005,201,336,59,67,37,300,1000,5,Normal
257,48,Female,194,73,19.4,Normal,3.0,22.9,Muscle Gain,4,45,Advanced,0,0,1,0,0,3,73.22,19.45,22.3,2689,3005,201,336,59,67,37,300,1000,5,Normal
257,48,Female,194,73,19.4,Normal,3.0,22.9,Muscle Gain,4,45,Advanced,0,0,1,0,0,4,73.28,19.47,22.2,2693,3014,201,336,59,67,37,300,1000,5,Normal
257,48,Female,194,73,19.4,Normal,3.0,22.9,Muscle Gain,4,45,Advanced,0,0,1,0,0,5,73.45,19.52,22.1,2693,3014,201,336,59,67,37,300,1000,5,Normal
257,48,Female,194,73,19.4,Normal,3.0,22.9,Muscle Gain,4,45,Advanced,0,0,1,0,0,6,73.45,19.52,21.9,2693,3014,201,336,59,67,37,300,1000,5,Normal
257,48,Female,194,73,19.4,Normal,3.0,22.9,Muscle Gain,4,45,Advanced,0,0,1,0,0,7,73.61,19.56,21.7,2693,3014,201,336,59,67,37,300,1000,5,Normal
257,48,Female,194,73,19.4,Normal,3.0,22.9,Muscle Gain,4,45,Advanced,0,0,1,0,0,8,73.62,19.56,21.6,2698,3026,202,337,59,67,37,300,1000,5,Normal
257,48,Female,194,73,19.4,Normal,3.0,22.9,Muscle Gain,4,45,Advanced,0,0,1,0,0,9,73.62,19.56,21.6,2698,3026,202,337,59,67,37,300,1000,5,Normal
257,48,Female,194,73,19.4,Normal,3.0,22.9,Muscle Gain,4,45,Advanced,0,0,1,0,0,10,73.67,19.57,21.6,2698,3026,202,337,59,67,37,300,1000,5,Normal
257,48,Female,194,73,19.4,Normal,3.0,22.9,Muscle Gain,4,45,Advanced,0,0,1,0,0,11,73.75,19.6,21.6,2698,3026,202,337,59,67,37,300,1000,5,Normal
257,48,Female,194,73,19.4,Normal,3.0,22.9,Muscle Gain,4,45,Advanced,0,0,1,0,0,12,73.81,19.61,21.4,2701,3033,202,337,60,67,37,300,1000,5,Normal
258,38,Female,175,56,18.29,Underweight,4.0,24.9,Muscle Gain,4,45,Beginner,1,0,0,1,0,0,56.0,18.29,24.9,2319,2410,173,289,51,57,32,300,1000,5,Underweight
258,38,Female,175,56,18.29,Underweight,4.0,24.9,Muscle Gain,4,45,Beginner,1,0,0,1,0,1,56.25,18.37,24.7,2319,2410,173,289,51,57,32,300,1000,5,Underweight
258,38,Female,175,56,18.29,Underweight,4.0,24.9,Muscle Gain,4,45,Beginner,1,0,0,1,0,2,56.32,18.39,24.5,2319,2410,173,289,51,57,32,300,1000,5,Underweight
258,38,Female,175,56,18.29,Underweight,4.0,24.9,Muscle Gain,4,45,Beginner,1,0,0,1,0,3,56.41,18.42,24.3,2319,2410,173,289,51,57,32,300,1000,5,Underweight
258,38,Female,175,56,18.29,Underweight,4.0,24.9,Muscle Gain,4,45,Beginner,1,0,0,1,0,4,56.56,18.47,24.3,2328,2429,174,291,51,58,32,300,1000,5,Underweight
258,38,Female,175,56,18.29,Underweight,4.0,24.9,Muscle Gain,4,45,Beginner,1,0,0,1,0,5,56.71,18.52,24.3,2328,2429,174,291,51,58,32,300,1000,5,Normal
258,38,Female,175,56,18.29,Underweight,4.0,24.9,Muscle Gain,4,45,Beginner,1,0,0,1,0,6,56.89,18.57,24.1,2328,2429,174,291,51,58,32,300,1000,5,Normal
258,38,Female,175,56,18.29,Underweight,4.0,24.9,Muscle Gain,4,45,Beginner,1,0,0,1,0,7,57.15,18.66,24.0,2328,2429,174,291,51,58,32,300,1000,5,Normal
258,38,Female,175,56,18.29,Underweight,4.0,24.9,Muscle Gain,4,45,Beginner,1,0,0,1,0,8,57.34,18.72,23.9,2340,2457,175,292,52,58,32,300,1000,5,Normal
258,38,Female,175,56,18.29,Underweight,4.0,24.9,Muscle Gain,4,45,Beginner,1,0,0,1,0,9,57.58,18.8,23.8,2340,2457,175,292,52,58,32,300,1000,5,Normal
258,38,Female,175,56,18.29,Underweight,4.0,24.9,Muscle Gain,4,45,Beginner,1,0,0,1,0,10,57.83,18.88,23.8,2340,2457,175,292,52,58,32,300,1000,5,Normal
258,38,Female,175,56,18.29,Underweight,4.0,24.9,Muscle Gain,4,45,Beginner,1,0,0,1,0,11,58.05,18.96,23.8,2340,2457,175,292,52,58,32,300,1000,5,Normal
258,38,Female,175,56,18.29,Underweight,4.0,24.9,Muscle Gain,4,45,Beginner,1,0,0,1,0,12,58.2,19.01,23.6,2353,2487,176,294,52,58,32,300,1000,5,Normal
259,39,Male,163,82,30.86,Obese,5.0,32.0,Weight Loss,3,60,Intermediate,1,1,0,0,0,0,82.0,30.86,32.0,1767,3470,176,132,58,44,24,300,1000,4,Obese
259,39,Male,163,82,30.86,Obese,5.0,32.0,Weight Loss,3,60,Intermediate,1,1,0,0,0,1,81.5,30.68,31.3,1767,3470,176,132,58,44,24,300,1000,4,Obese
259,39,Male,163,82,30.86,Obese,5.0,32.0,Weight Loss,3,60,Intermediate,1,1,0,0,0,2,80.42,30.27,30.9,1767,3470,176,132,58,44,24,300,1000,4,Obese
259,39,Male,163,82,30.86,Obese,5.0,32.0,Weight Loss,3,60,Intermediate,1,1,0,0,0,3,79.66,29.98,30.1,1767,3470,176,132,58,44,24,300,1000,4,Overweight
259,39,Male,163,82,30.86,Obese,5.0,32.0,Weight Loss,3,60,Intermediate,1,1,0,0,0,4,79.36,29.87,29.6,1730,3377,173,129,57,43,24,300,1000,4,Overweight
259,39,Male,163,82,30.86,Obese,5.0,32.0,Weight Loss,3,60,Intermediate,1,1,0,0,0,5,78.53,29.56,28.9,1730,3377,173,129,57,43,24,300,1000,4,Overweight
259,39,Male,163,82,30.86,Obese,5.0,32.0,Weight Loss,3,60,Intermediate,1,1,0,0,0,6,78.05,29.38,28.1,1730,3377,173,129,57,43,24,300,1000,4,Overweight
259,39,Male,163,82,30.86,Obese,5.0,32.0,Weight Loss,3,60,Intermediate,1,1,0,0,0,7,77.03,28.99,27.7,1730,3377,173,129,57,43,24,300,1000,4,Overweight
259,39,Male,163,82,30.86,Obese,5.0,32.0,Weight Loss,3,60,Intermediate,1,1,0,0,0,8,76.49,28.79,27.4,1691,3277,169,126,56,42,23,300,1000,4,Overweight
259,39,Male,163,82,30.86,Obese,5.0,32.0,Weight Loss,3,60,Intermediate,1,1,0,0,0,9,76.13,28.65,26.9,1691,3277,169,126,56,42,23,300,1000,4,Overweight
259,39,Male,163,82,30.86,Obese,5.0,32.0,Weight Loss,3,60,Intermediate,1,1,0,0,0,10,75.35,28.36,26.3,1691,3277,169,126,56,42,23,300,1000,4,Overweight
259,39,Male,163,82,30.86,Obese,5.0,32.0,Weight Loss,3,60,Intermediate,1,1,0,0,0,11,74.41,28.01,25.6,1691,3277,169,126,56,42,23,300,1000,4,Overweight
259,39,Male,163,82,30.86,Obese,5.0,32.0,Weight Loss,3,60,Intermediate,1,1,0,0,0,12,73.59,27.7,25.1,1651,3175,165,123,55,41,23,300,1000,4,Overweight
260,18,Female,156,98,40.27,Obese,5.0,49.6,Weight Loss,2,30,Beginner,1,0,0,0,1,0,98.0,40.27,49.6,1843,3730,184,138,61,46,25,300,1000,4,Obese
260,18,Female,156,98,40.27,Obese,5.0,49.6,Weight Loss,2,30,Beginner,1,0,0,0,1,1,97.31,39.98,49.1,1843,3730,184,138,61,46,25,300,1000,4,Obese
260,18,Female,156,98,40.27,Obese,5.0,49.6,Weight Loss,2,30,Beginner,1,0,0,0,1,2,96.52,39.66,48.4,1843,3730,184,138,61,46,25,300,1000,4,Obese
260,18,Female,156,98,40.27,Obese,5.0,49.6,Weight Loss,2,30,Beginner,1,0,0,0,1,3,95.36,39.18,47.7,1843,3730,184,138,61,46,25,300,1000,4,Obese
260,18,Female,156,98,40.27,Obese,5.0,49.6,Weight Loss,2,30,Beginner,1,0,0,0,1,4,94.2,38.71,47.1,1790,3596,179,134,59,44,25,300,1000,4,Obese
260,18,Female,156,98,40.27,Obese,5.0,49.6,Weight Loss,2,30,Beginner,1,0,0,0,1,5,93.35,38.36,46.3,1790,3596,179,134,59,44,25,300,1000,4,Obese
260,18,Female,156,98,40.27,Obese,5.0,49.6,Weight Loss,2,30,Beginner,1,0,0,0,1,6,93.02,38.22,46.0,1790,3596,179,134,59,44,25,300,1000,4,Obese
260,18,Female,156,98,40.27,Obese,5.0,49.6,Weight Loss,2,30,Beginner,1,0,0,0,1,7,92.75,38.11,45.3,1790,3596,179,134,59,44,25,300,1000,4,Obese
260,18,Female,156,98,40.27,Obese,5.0,49.6,Weight Loss,2,30,Beginner,1,0,0,0,1,8,91.79,37.72,44.8,1757,3512,175,131,58,43,24,300,1000,4,Obese
260,18,Female,156,98,40.27,Obese,5.0,49.6,Weight Loss,2,30,Beginner,1,0,0,0,1,9,91.25,37.5,44.4,1757,3512,175,131,58,43,24,300,1000,4,Obese
260,18,Female,156,98,40.27,Obese,5.0,49.6,Weight Loss,2,30,Beginner,1,0,0,0,1,10,90.67,37.26,44.0,1757,3512,175,131,58,43,24,300,1000,4,Obese
260,18,Female,156,98,40.27,Obese,5.0,49.6,Weight Loss,2,30,Beginner,1,0,0,0,1,11,89.94,36.96,43.6,1757,3512,175,131,58,43,24,300,1000,4,Obese
260,18,Female,156,98,40.27,Obese,5.0,49.6,Weight Loss,2,30,Beginner,1,0,0,0,1,12,88.9,36.53,43.0,1717,3411,171,128,57,42,24,300,1000,4,Obese
261,43,Male,152,90,38.95,Obese,5.0,41.0,Weight Loss,4,60,Beginner,0,1,0,0,0,0,90.0,38.95,41.0,2042,3750,204,153,68,51,28,300,1000,4,Obese
261,43,Male,152,90,38.95,Obese,5.0,41.0,Weight Loss,4,60,Beginner,0,1,0,0,0,1,89.26,38.63,40.3,2042,3750,204,153,68,51,28,300,1000,4,Obese
261,43,Male,152,90,38.95,Obese,5.0,41.0,Weight Loss,4,60,Beginner,0,1,0,0,0,2,88.66,38.38,39.7,2042,3750,204,153,68,51,28,300,1000,4,Obese
261,43,Male,152,90,38.95,Obese,5.0,41.0,Weight Loss,4,60,Beginner,0,1,0,0,0,3,88.31,38.22,39.0,2042,3750,204,153,68,51,28,300,1000,4,Obese
261,43,Male,152,90,38.95,Obese,5.0,41.0,Weight Loss,4,60,Beginner,0,1,0,0,0,4,87.81,38.0,38.6,2007,3673,200,150,66,50,28,300,1000,4,Obese
261,43,Male,152,90,38.95,Obese,5.0,41.0,Weight Loss,4,60,Beginner,0,1,0,0,0,5,87.83,38.02,38.0,2007,3673,200,150,66,50,28,300,1000,4,Obese
261,43,Male,152,90,38.95,Obese,5.0,41.0,Weight Loss,4,60,Beginner,0,1,0,0,0,6,87.03,37.67,37.3,2007,3673,200,150,66,50,28,300,1000,4,Obese
261,43,Male,152,90,38.95,Obese,5.0,41.0,Weight Loss,4,60,Beginner,0,1,0,0,0,7,86.71,37.53,36.7,2007,3673,200,150,66,50,28,300,1000,4,Obese
261,43,Male,152,90,38.95,Obese,5.0,41.0,Weight Loss,4,60,Beginner,0,1,0,0,0,8,86.18,37.3,36.2,1982,3616,198,148,66,49,27,300,1000,4,Obese
261,43,Male,152,90,38.95,Obese,5.0,41.0,Weight Loss,4,60,Beginner,0,1,0,0,0,9,85.4,36.96,35.6,1982,3616,198,148,66,49,27,300,1000,4,Obese
261,43,Male,152,90,38.95,Obese,5.0,41.0,Weight Loss,4,60,Beginner,0,1,0,0,0,10,85.14,36.85,34.9,1982,3616,198,148,66,49,27,300,1000,4,Obese
261,43,Male,152,90,38.95,Obese,5.0,41.0,Weight Loss,4,60,Beginner,0,1,0,0,0,11,84.69,36.66,34.2,1982,3616,198,148,66,49,27,300,1000,4,Obese
261,43,Male,152,90,38.95,Obese,5.0,41.0,Weight Loss,4,60,Beginner,0,1,0,0,0,12,84.11,36.41,33.7,1950,3543,195,146,65,48,27,300,1000,4,Obese
262,18,Female,196,93,24.21,Normal,4.0,26.2,Maintain,5,45,Intermediate,1,0,1,0,0,0,93.0,24.21,26.2,2951,3705,221,295,98,73,41,300,1000,5,Normal
262,18,Female,196,93,24.21,Normal,4.0,26.2,Maintain,5,45,Intermediate,1,0,1,0,0,1,92.79,24.15,26.2,2951,3705,221,295,98,73,41,300,1000,5,Normal
262,18,Female,196,93,24.21,Normal,4.0,26.2,Maintain,5,45,Intermediate,1,0,1,0,0,2,92.59,24.1,26.1,2951,3705,221,295,98,73,41,300,1000,5,Normal
262,18,Female,196,93,24.21,Normal,4.0,26.2,Maintain,5,45,Intermediate,1,0,1,0,0,3,92.09,23.97,25.9,2951,3705,221,295,98,73,41,300,1000,5,Normal
262,18,Female,196,93,24.21,Normal,4.0,26.2,Maintain,5,45,Intermediate,1,0,1,0,0,4,92.38,24.05,26.1,2941,3683,220,294,98,73,41,300,1000,5,Normal
262,18,Female,196,93,24.21,Normal,4.0,26.2,Maintain,5,45,Intermediate,1,0,1,0,0,5,92.31,24.03,26.1,2941,3683,220,294,98,73,41,300,1000,5,Normal
262,18,Female,196,93,24.21,Normal,4.0,26.2,Maintain,5,45,Intermediate,1,0,1,0,0,6,91.95,23.94,26.1,2941,3683,220,294,98,73,41,300,1000,5,Normal
262,18,Female,196,93,24.21,Normal,4.0,26.2,Maintain,5,45,Intermediate,1,0,1,0,0,7,91.6,23.84,26.2,2941,3683,220,294,98,73,41,300,1000,5,Normal
262,18,Female,196,93,24.21,Normal,4.0,26.2,Maintain,5,45,Intermediate,1,0,1,0,0,8,92.03,23.96,26.0,2936,3671,220,293,97,73,41,300,1000,5,Normal
262,18,Female,196,93,24.21,Normal,4.0,26.2,Maintain,5,45,Intermediate,1,0,1,0,0,9,92.3,24.03,25.8,2936,3671,220,293,97,73,41,300,1000,5,Normal
262,18,Female,196,93,24.21,Normal,4.0,26.2,Maintain,5,45,Intermediate,1,0,1,0,0,10,92.17,23.99,25.7,2936,3671,220,293,97,73,41,300,1000,5,Normal
262,18,Female,196,93,24.21,Normal,4.0,26.2,Maintain,5,45,Intermediate,1,0,1,0,0,11,92.02,23.95,25.6,2936,3671,220,293,97,73,41,300,1000,5,Normal
262,18,Female,196,93,24.21,Normal,4.0,26.2,Maintain,5,45,Intermediate,1,0,1,0,0,12,91.9,23.92,25.5,2934,3666,220,293,97,73,41,300,1000,5,Normal
263,42,Female,172,63,21.3,Normal,4.0,27.2,Maintain,2,60,Beginner,1,1,1,0,0,0,63.0,21.3,27.2,1834,2805,137,183,61,45,25,300,1000,4,Normal
263,42,Female,172,63,21.3,Normal,4.0,27.2,Maintain,2,60,Beginner,1,1,1,0,0,1,62.8,21.23,27.3,1834,2805,137,183,61,45,25,300,1000,4,Normal
263,42,Female,172,63,21.3,Normal,4.0,27.2,Maintain,2,60,Beginner,1,1,1,0,0,2,63.22,21.37,27.2,1834,2805,137,183,61,45,25,300,1000,4,Normal
263,42,Female,172,63,21.3,Normal,4.0,27.2,Maintain,2,60,Beginner,1,1,1,0,0,3,62.91,21.27,27.1,1834,2805,137,183,61,45,25,300,1000,4,Normal
263,42,Female,172,63,21.3,Normal,4.0,27.2,Maintain,2,60,Beginner,1,1,1,0,0,4,63.27,21.39,27.2,1837,2814,137,183,61,45,25,300,1000,4,Normal
263,42,Female,172,63,21.3,Normal,4.0,27.2,Maintain,2,60,Beginner,1,1,1,0,0,5,63.22,21.37,27.0,1837,2814,137,183,61,45,25,300,1000,4,Normal
263,42,Female,172,63,21.3,Normal,4.0,27.2,Maintain,2,60,Beginner,1,1,1,0,0,6,63.17,21.35,26.9,1837,2814,137,183,61,45,25,300,1000,4,Normal
263,42,Female,172,63,21.3,Normal,4.0,27.2,Maintain,2,60,Beginner,1,1,1,0,0,7,63.61,21.5,27.1,1837,2814,137,183,61,45,25,300,1000,4,Normal
263,42,Female,172,63,21.3,Normal,4.0,27.2,Maintain,2,60,Beginner,1,1,1,0,0,8,63.2,21.36,27.1,1836,2811,137,183,61,45,25,300,1000,4,Normal
263,42,Female,172,63,21.3,Normal,4.0,27.2,Maintain,2,60,Beginner,1,1,1,0,0,9,62.92,21.27,27.1,1836,2811,137,183,61,45,25,300,1000,4,Normal
263,42,Female,172,63,21.3,Normal,4.0,27.2,Maintain,2,60,Beginner,1,1,1,0,0,10,63.3,21.4,27.1,1836,2811,137,183,61,45,25,300,1000,4,Normal
263,42,Female,172,63,21.3,Normal,4.0,27.2,Maintain,2,60,Beginner,1,1,1,0,0,11,63.13,21.34,26.9,1836,2811,137,183,61,45,25,300,1000,4,Normal
263,42,Female,172,63,21.3,Normal,4.0,27.2,Maintain,2,60,Beginner,1,1,1,0,0,12,63.43,21.44,27.0,1840,2820,138,184,61,46,25,300,1000,4,Normal
264,33,Male,195,64,16.83,Underweight,1.0,6.6,Muscle Gain,4,30,Intermediate,1,1,0,0,1,0,64.0,16.83,6.6,2933,2540,219,366,65,73,41,300,1000,5,Underweight
264,33,Male,195,64,16.83,Underweight,1.0,6.6,Muscle Gain,4,30,Intermediate,1,1,0,0,1,1,64.06,16.85,6.4,2933,2540,219,366,65,73,41,300,1000,5,Underweight
264,33,Male,195,64,16.83,Underweight,1.0,6.6,Muscle Gain,4,30,Intermediate,1,1,0,0,1,2,64.22,16.89,6.3,2933,2540,219,366,65,73,41,300,1000,5,Underweight
264,33,Male,195,64,16.83,Underweight,1.0,6.6,Muscle Gain,4,30,Intermediate,1,1,0,0,1,3,64.4,16.94,6.1,2933,2540,219,366,65,73,41,300,1000,5,Underweight
264,33,Male,195,64,16.83,Underweight,1.0,6.6,Muscle Gain,4,30,Intermediate,1,1,0,0,1,4,64.51,16.96,6.1,2940,2557,220,367,65,73,41,300,1000,5,Underweight
264,33,Male,195,64,16.83,Underweight,1.0,6.6,Muscle Gain,4,30,Intermediate,1,1,0,0,1,5,64.72,17.02,5.9,2940,2557,220,367,65,73,41,300,1000,5,Underweight
264,33,Male,195,64,16.83,Underweight,1.0,6.6,Muscle Gain,4,30,Intermediate,1,1,0,0,1,6,64.89,17.07,5.8,2940,2557,220,367,65,73,41,300,1000,5,Underweight
264,33,Male,195,64,16.83,Underweight,1.0,6.6,Muscle Gain,4,30,Intermediate,1,1,0,0,1,7,65.06,17.11,5.7,2940,2557,220,367,65,73,41,300,1000,5,Underweight
264,33,Male,195,64,16.83,Underweight,1.0,6.6,Muscle Gain,4,30,Intermediate,1,1,0,0,1,8,65.21,17.15,5.8,2951,2582,221,368,65,73,41,300,1000,5,Underweight
264,33,Male,195,64,16.83,Underweight,1.0,6.6,Muscle Gain,4,30,Intermediate,1,1,0,0,1,9,65.33,17.18,5.5,2951,2582,221,368,65,73,41,300,1000,5,Underweight
264,33,Male,195,64,16.83,Underweight,1.0,6.6,Muscle Gain,4,30,Intermediate,1,1,0,0,1,10,65.38,17.19,5.3,2951,2582,221,368,65,73,41,300,1000,5,Underweight
264,33,Male,195,64,16.83,Underweight,1.0,6.6,Muscle Gain,4,30,Intermediate,1,1,0,0,1,11,65.6,17.25,5.3,2951,2582,221,368,65,73,41,300,1000,5,Underweight
264,33,Male,195,64,16.83,Underweight,1.0,6.6,Muscle Gain,4,30,Intermediate,1,1,0,0,1,12,65.65,17.27,5.4,2958,2597,221,369,65,73,41,300,1000,5,Underweight
265,49,Male,192,110,29.84,Overweight,5.0,32.1,Weight Loss,3,60,Intermediate,1,1,0,0,0,0,110.0,29.84,32.1,2332,4450,233,174,77,58,32,300,1000,5,Overweight
265,49,Male,192,110,29.84,Overweight,5.0,32.1,Weight Loss,3,60,Intermediate,1,1,0,0,0,1,108.85,29.53,31.5,2332,4450,233,174,77,58,32,300,1000,5,Overweight
265,49,Male,192,110,29.84,Overweight,5.0,32.1,Weight Loss,3,60,Intermediate,1,1,0,0,0,2,108.22,29.36,30.8,2332,4450,233,174,77,58,32,300,1000,5,Overweight
265,49,Male,192,110,29.84,Overweight,5.0,32.1,Weight Loss,3,60,Intermediate,1,1,0,0,0,3,106.97,29.02,30.0,2332,4450,233,174,77,58,32,300,1000,5,Overweight
265,49,Male,192,110,29.84,Overweight,5.0,32.1,Weight Loss,3,60,Intermediate,1,1,0,0,0,4,106.34,28.85,29.5,2282,4322,228,171,76,57,31,300,1000,5,Overweight
265,49,Male,192,110,29.84,Overweight,5.0,32.1,Weight Loss,3,60,Intermediate,1,1,0,0,0,5,105.82,28.71,29.1,2282,4322,228,171,76,57,31,300,1000,5,Overweight
265,49,Male,192,110,29.84,Overweight,5.0,32.1,Weight Loss,3,60,Intermediate,1,1,0,0,0,6,104.87,28.45,28.7,2282,4322,228,171,76,57,31,300,1000,5,Overweight
265,49,Male,192,110,29.84,Overweight,5.0,32.1,Weight Loss,3,60,Intermediate,1,1,0,0,0,7,103.44,28.06,28.4,2282,4322,228,171,76,57,31,300,1000,5,Overweight
265,49,Male,192,110,29.84,Overweight,5.0,32.1,Weight Loss,3,60,Intermediate,1,1,0,0,0,8,102.55,27.82,27.9,2230,4189,223,167,74,55,31,300,1000,5,Overweight
265,49,Male,192,110,29.84,Overweight,5.0,32.1,Weight Loss,3,60,Intermediate,1,1,0,0,0,9,102.02,27.67,27.5,2230,4189,223,167,74,55,31,300,1000,5,Overweight
265,49,Male,192,110,29.84,Overweight,5.0,32.1,Weight Loss,3,60,Intermediate,1,1,0,0,0,10,101.33,27.49,27.2,2230,4189,223,167,74,55,31,300,1000,5,Overweight
265,49,Male,192,110,29.84,Overweight,5.0,32.1,Weight Loss,3,60,Intermediate,1,1,0,0,0,11,100.46,27.25,26.6,2230,4189,223,167,74,55,31,300,1000,5,Overweight
265,49,Male,192,110,29.84,Overweight,5.0,32.1,Weight Loss,3,60,Intermediate,1,1,0,0,0,12,99.83,27.08,26.2,2192,4094,219,164,73,54,30,300,1000,4,Overweight
266,25,Male,196,91,23.69,Normal,2.0,14.8,Muscle Gain,4,45,Intermediate,1,0,0,1,0,0,91.0,23.69,14.8,3423,3635,256,427,76,85,47,300,1000,5,Normal
266,25,Male,196,91,23.69,Normal,2.0,14.8,Muscle Gain,4,45,Intermediate,1,0,0,1,0,1,91.23,23.75,14.7,3423,3635,256,427,76,85,47,300,1000,5,Normal
266,25,Male,196,91,23.69,Normal,2.0,14.8,Muscle Gain,4,45,Intermediate,1,0,0,1,0,2,91.41,23.79,14.7,3423,3635,256,427,76,85,47,300,1000,5,Normal
266,25,Male,196,91,23.69,Normal,2.0,14.8,Muscle Gain,4,45,Intermediate,1,0,0,1,0,3,91.49,23.82,14.5,3423,3635,256,427,76,85,47,300,1000,5,Normal
266,25,Male,196,91,23.69,Normal,2.0,14.8,Muscle Gain,4,45,Intermediate,1,0,0,1,0,4,91.59,23.84,14.4,3432,3655,257,429,76,85,48,300,1000,5,Normal
266,25,Male,196,91,23.69,Normal,2.0,14.8,Muscle Gain,4,45,Intermediate,1,0,0,1,0,5,91.76,23.89,14.2,3432,3655,257,429,76,85,48,300,1000,5,Normal
266,25,Male,196,91,23.69,Normal,2.0,14.8,Muscle Gain,4,45,Intermediate,1,0,0,1,0,6,91.91,23.93,14.0,3432,3655,257,429,76,85,48,300,1000,5,Normal
266,25,Male,196,91,23.69,Normal,2.0,14.8,Muscle Gain,4,45,Intermediate,1,0,0,1,0,7,92.04,23.96,13.9,3432,3655,257,429,76,85,48,300,1000,5,Normal
266,25,Male,196,91,23.69,Normal,2.0,14.8,Muscle Gain,4,45,Intermediate,1,0,0,1,0,8,92.28,24.02,13.7,3443,3679,258,430,76,86,48,300,1000,5,Normal
266,25,Male,196,91,23.69,Normal,2.0,14.8,Muscle Gain,4,45,Intermediate,1,0,0,1,0,9,92.48,24.07,13.8,3443,3679,258,430,76,86,48,300,1000,5,Normal
266,25,Male,196,91,23.69,Normal,2.0,14.8,Muscle Gain,4,45,Intermediate,1,0,0,1,0,10,92.67,24.12,13.9,3443,3679,258,430,76,86,48,300,1000,5,Normal
266,25,Male,196,91,23.69,Normal,2.0,14.8,Muscle Gain,4,45,Intermediate,1,0,0,1,0,11,92.69,24.13,13.9,3443,3679,258,430,76,86,48,300,1000,5,Normal
266,25,Male,196,91,23.69,Normal,2.0,14.8,Muscle Gain,4,45,Intermediate,1,0,0,1,0,12,92.73,24.14,13.7,3450,3695,258,431,76,86,48,300,1000,5,Normal
267,45,Female,194,109,28.96,Overweight,5.0,37.4,Weight Loss,2,60,Beginner,1,0,0,0,0,0,109.0,28.96,37.4,2135,4415,213,160,71,53,29,300,1000,4,Overweight
267,45,Female,194,109,28.96,Overweight,5.0,37.4,Weight Loss,2,60,Beginner,1,0,0,0,0,1,108.45,28.82,36.9,2135,4415,213,160,71,53,29,300,1000,4,Overweight
267,45,Female,194,109,28.96,Overweight,5.0,37.4,Weight Loss,2,60,Beginner,1,0,0,0,0,2,107.79,28.64,36.6,2135,4415,213,160,71,53,29,300,1000,4,Overweight
267,45,Female,194,109,28.96,Overweight,5.0,37.4,Weight Loss,2,60,Beginner,1,0,0,0,0,3,106.63,28.33,36.3,2135,4415,213,160,71,53,29,300,1000,4,Overweight
267,45,Female,194,109,28.96,Overweight,5.0,37.4,Weight Loss,2,60,Beginner,1,0,0,0,0,4,105.28,27.97,35.5,2084,4284,208,156,69,52,29,300,1000,4,Overweight
267,45,Female,194,109,28.96,Overweight,5.0,37.4,Weight Loss,2,60,Beginner,1,0,0,0,0,5,104.89,27.87,34.8,2084,4284,208,156,69,52,29,300,1000,4,Overweight
267,45,Female,194,109,28.96,Overweight,5.0,37.4,Weight Loss,2,60,Beginner,1,0,0,0,0,6,103.7,27.55,34.4,2084,4284,208,156,69,52,29,300,1000,4,Overweight
267,45,Female,194,109,28.96,Overweight,5.0,37.4,Weight Loss,2,60,Beginner,1,0,0,0,0,7,103.41,27.48,34.1,2084,4284,208,156,69,52,29,300,1000,4,Overweight
267,45,Female,194,109,28.96,Overweight,5.0,37.4,Weight Loss,2,60,Beginner,1,0,0,0,0,8,102.85,27.33,33.3,2050,4199,205,153,68,51,28,300,1000,4,Overweight
267,45,Female,194,109,28.96,Overweight,5.0,37.4,Weight Loss,2,60,Beginner,1,0,0,0,0,9,101.89,27.07,32.6,2050,4199,205,153,68,51,28,300,1000,4,Overweight
267,45,Female,194,109,28.96,Overweight,5.0,37.4,Weight Loss,2,60,Beginner,1,0,0,0,0,10,101.21,26.89,32.2,2050,4199,205,153,68,51,28,300,1000,4,Overweight
267,45,Female,194,109,28.96,Overweight,5.0,37.4,Weight Loss,2,60,Beginner,1,0,0,0,0,11,100.72,26.76,31.6,2050,4199,205,153,68,51,28,300,1000,4,Overweight
267,45,Female,194,109,28.96,Overweight,5.0,37.4,Weight Loss,2,60,Beginner,1,0,0,0,0,12,100.67,26.75,30.8,2020,4123,202,151,67,50,28,300,1000,4,Overweight
268,42,Male,167,127,45.54,Obese,5.0,53.3,Weight Loss,3,30,Intermediate,1,1,0,0,0,0,127.0,45.54,53.3,2399,4745,239,179,79,59,33,300,1000,5,Obese
268,42,Male,167,127,45.54,Obese,5.0,53.3,Weight Loss,3,30,Intermediate,1,1,0,0,0,1,125.63,45.05,52.5,2399,4745,239,179,79,59,33,300,1000,5,Obese
268,42,Male,167,127,45.54,Obese,5.0,53.3,Weight Loss,3,30,Intermediate,1,1,0,0,0,2,125.05,44.84,52.2,2399,4745,239,179,79,59,33,300,1000,5,Obese
268,42,Male,167,127,45.54,Obese,5.0,53.3,Weight Loss,3,30,Intermediate,1,1,0,0,0,3,124.01,44.46,51.7,2399,4745,239,179,79,59,33,300,1000,5,Obese
268,42,Male,167,127,45.54,Obese,5.0,53.3,Weight Loss,3,30,Intermediate,1,1,0,0,0,4,123.23,44.19,51.0,2347,4613,234,176,78,58,32,300,1000,5,Obese
268,42,Male,167,127,45.54,Obese,5.0,53.3,Weight Loss,3,30,Intermediate,1,1,0,0,0,5,122.16,43.8,50.6,2347,4613,234,176,78,58,32,300,1000,5,Obese
268,42,Male,167,127,45.54,Obese,5.0,53.3,Weight Loss,3,30,Intermediate,1,1,0,0,0,6,121.14,43.44,50.3,2347,4613,234,176,78,58,32,300,1000,5,Obese
268,42,Male,167,127,45.54,Obese,5.0,53.3,Weight Loss,3,30,Intermediate,1,1,0,0,0,7,120.54,43.22,49.9,2347,4613,234,176,78,58,32,300,1000,5,Obese
268,42,Male,167,127,45.54,Obese,5.0,53.3,Weight Loss,3,30,Intermediate,1,1,0,0,0,8,119.58,42.88,49.2,2297,4485,229,172,76,57,32,300,1000,5,Obese
268,42,Male,167,127,45.54,Obese,5.0,53.3,Weight Loss,3,30,Intermediate,1,1,0,0,0,9,118.66,42.55,48.4,2297,4485,229,172,76,57,32,300,1000,5,Obese
268,42,Male,167,127,45.54,Obese,5.0,53.3,Weight Loss,3,30,Intermediate,1,1,0,0,0,10,117.72,42.21,47.8,2297,4485,229,172,76,57,32,300,1000,5,Obese
268,42,Male,167,127,45.54,Obese,5.0,53.3,Weight Loss,3,30,Intermediate,1,1,0,0,0,11,116.49,41.77,47.0,2297,4485,229,172,76,57,32,300,1000,5,Obese
268,42,Male,167,127,45.54,Obese,5.0,53.3,Weight Loss,3,30,Intermediate,1,1,0,0,0,12,115.55,41.43,46.5,2242,4344,224,168,74,56,31,300,1000,5,Obese
269,41,Female,187,72,20.59,Normal,4.0,27.6,Muscle Gain,4,60,Intermediate,0,0,0,0,1,0,72.0,20.59,27.6,2660,3120,199,332,59,66,37,300,1000,5,Normal
269,41,Female,187,72,20.59,Normal,4.0,27.6,Muscle Gain,4,60,Intermediate,0,0,0,0,1,1,72.21,20.65,27.5,2660,3120,199,332,59,66,37,300,1000,5,Normal
269,41,Female,187,72,20.59,Normal,4.0,27.6,Muscle Gain,4,60,Intermediate,0,0,0,0,1,2,72.45,20.72,27.5,2660,3120,199,332,59,66,37,300,1000,5,Normal
269,41,Female,187,72,20.59,Normal,4.0,27.6,Muscle Gain,4,60,Intermediate,0,0,0,0,1,3,72.6,20.76,27.3,2660,3120,199,332,59,66,37,300,1000,5,Normal
269,41,Female,187,72,20.59,Normal,4.0,27.6,Muscle Gain,4,60,Intermediate,0,0,0,0,1,4,72.84,20.83,27.2,2673,3149,200,334,59,66,37,300,1000,5,Normal
269,41,Female,187,72,20.59,Normal,4.0,27.6,Muscle Gain,4,60,Intermediate,0,0,0,0,1,5,73.0,20.88,27.3,2673,3149,200,334,59,66,37,300,1000,5,Normal
269,41,Female,187,72,20.59,Normal,4.0,27.6,Muscle Gain,4,60,Intermediate,0,0,0,0,1,6,73.05,20.89,27.2,2673,3149,200,334,59,66,37,300,1000,5,Normal
269,41,Female,187,72,20.59,Normal,4.0,27.6,Muscle Gain,4,60,Intermediate,0,0,0,0,1,7,73.07,20.9,27.2,2673,3149,200,334,59,66,37,300,1000,5,Normal
269,41,Female,187,72,20.59,Normal,4.0,27.6,Muscle Gain,4,60,Intermediate,0,0,0,0,1,8,73.24,20.94,27.1,2679,3163,200,334,59,66,37,300,1000,5,Normal
269,41,Female,187,72,20.59,Normal,4.0,27.6,Muscle Gain,4,60,Intermediate,0,0,0,0,1,9,73.44,21.0,26.9,2679,3163,200,334,59,66,37,300,1000,5,Normal
269,41,Female,187,72,20.59,Normal,4.0,27.6,Muscle Gain,4,60,Intermediate,0,0,0,0,1,10,73.61,21.05,26.8,2679,3163,200,334,59,66,37,300,1000,5,Normal
269,41,Female,187,72,20.59,Normal,4.0,27.6,Muscle Gain,4,60,Intermediate,0,0,0,0,1,11,73.82,21.11,26.7,2679,3163,200,334,59,66,37,300,1000,5,Normal
269,41,Female,187,72,20.59,Normal,4.0,27.6,Muscle Gain,4,60,Intermediate,0,0,0,0,1,12,73.93,21.14,26.6,2690,3187,201,336,59,67,37,300,1000,5,Normal
270,40,Female,184,88,25.99,Overweight,5.0,32.2,Maintain,3,60,Beginner,1,1,1,0,0,0,88.0,25.99,32.2,2294,3680,172,229,76,57,32,300,1000,5,Overweight
270,40,Female,184,88,25.99,Overweight,5.0,32.2,Maintain,3,60,Beginner,1,1,1,0,0,1,88.45,26.13,32.3,2294,3680,172,229,76,57,32,300,1000,5,Overweight
270,40,Female,184,88,25.99,Overweight,5.0,32.2,Maintain,3,60,Beginner,1,1,1,0,0,2,88.77,26.22,32.3,2294,3680,172,229,76,57,32,300,1000,5,Overweight
270,40,Female,184,88,25.99,Overweight,5.0,32.2,Maintain,3,60,Beginner,1,1,1,0,0,3,89.11,26.32,32.5,2294,3680,172,229,76,57,32,300,1000,5,Overweight
270,40,Female,184,88,25.99,Overweight,5.0,32.2,Maintain,3,60,Beginner,1,1,1,0,0,4,88.88,26.25,32.4,2306,3710,172,230,76,57,32,300,1000,5,Overweight
270,40,Female,184,88,25.99,Overweight,5.0,32.2,Maintain,3,60,Beginner,1,1,1,0,0,5,88.86,26.25,32.4,2306,3710,172,230,76,57,32,300,1000,5,Overweight
270,40,Female,184,88,25.99,Overweight,5.0,32.2,Maintain,3,60,Beginner,1,1,1,0,0,6,88.59,26.17,32.2,2306,3710,172,230,76,57,32,300,1000,5,Overweight
270,40,Female,184,88,25.99,Overweight,5.0,32.2,Maintain,3,60,Beginner,1,1,1,0,0,7,88.43,26.12,32.4,2306,3710,172,230,76,57,32,300,1000,5,Overweight
270,40,Female,184,88,25.99,Overweight,5.0,32.2,Maintain,3,60,Beginner,1,1,1,0,0,8,88.63,26.18,32.4,2303,3702,172,230,76,57,32,300,1000,5,Overweight
270,40,Female,184,88,25.99,Overweight,5.0,32.2,Maintain,3,60,Beginner,1,1,1,0,0,9,88.32,26.09,32.3,2303,3702,172,230,76,57,32,300,1000,5,Overweight
270,40,Female,184,88,25.99,Overweight,5.0,32.2,Maintain,3,60,Beginner,1,1,1,0,0,10,87.99,25.99,32.2,2303,3702,172,230,76,57,32,300,1000,5,Overweight
270,40,Female,184,88,25.99,Overweight,5.0,32.2,Maintain,3,60,Beginner,1,1,1,0,0,11,88.4,26.11,32.4,2303,3702,172,230,76,57,32,300,1000,5,Overweight
270,40,Female,184,88,25.99,Overweight,5.0,32.2,Maintain,3,60,Beginner,1,1,1,0,0,12,88.06,26.01,32.2,2295,3682,172,229,76,57,32,300,1000,5,Overweight
271,29,Male,164,68,25.28,Overweight,3.0,19.0,Maintain,4,60,Advanced,1,1,0,0,0,0,68.0,25.28,19.0,2425,2980,181,242,80,60,33,300,1000,5,Overweight
271,29,Male,164,68,25.28,Overweight,3.0,19.0,Maintain,4,60,Advanced,1,1,0,0,0,1,67.83,25.22,19.0,2425,2980,181,242,80,60,33,300,1000,5,Overweight
271,29,Male,164,68,25.28,Overweight,3.0,19.0,Maintain,4,60,Advanced,1,1,0,0,0,2,67.53,25.11,18.9,2425,2980,181,242,80,60,33,300,1000,5,Overweight
271,29,Male,164,68,25.28,Overweight,3.0,19.0,Maintain,4,60,Advanced,1,1,0,0,0,3,67.24,25.0,19.0,2425,2980,181,242,80,60,33,300,1000,5,Overweight
271,29,Male,164,68,25.28,Overweight,3.0,19.0,Maintain,4,60,Advanced,1,1,0,0,0,4,67.45,25.08,19.1,2417,2960,181,241,80,60,33,300,1000,5,Overweight
271,29,Male,164,68,25.28,Overweight,3.0,19.0,Maintain,4,60,Advanced,1,1,0,0,0,5,67.34,25.04,19.2,2417,2960,181,241,80,60,33,300,1000,5,Overweight
271,29,Male,164,68,25.28,Overweight,3.0,19.0,Maintain,4,60,Advanced,1,1,0,0,0,6,67.8,25.21,19.1,2417,2960,181,241,80,60,33,300,1000,5,Overweight
271,29,Male,164,68,25.28,Overweight,3.0,19.0,Maintain,4,60,Advanced,1,1,0,0,0,7,67.53,25.11,19.1,2417,2960,181,241,80,60,33,300,1000,5,Overweight
271,29,Male,164,68,25.28,Overweight,3.0,19.0,Maintain,4,60,Advanced,1,1,0,0,0,8,67.12,24.96,19.1,2412,2949,180,241,80,60,33,300,1000,5,Normal
271,29,Male,164,68,25.28,Overweight,3.0,19.0,Maintain,4,60,Advanced,1,1,0,0,0,9,67.2,24.99,19.1,2412,2949,180,241,80,60,33,300,1000,5,Normal
271,29,Male,164,68,25.28,Overweight,3.0,19.0,Maintain,4,60,Advanced,1,1,0,0,0,10,67.03,24.92,19.1,2412,2949,180,241,80,60,33,300,1000,5,Normal
271,29,Male,164,68,25.28,Overweight,3.0,19.0,Maintain,4,60,Advanced,1,1,0,0,0,11,67.49,25.09,19.0,2412,2949,180,241,80,60,33,300,1000,5,Overweight
271,29,Male,164,68,25.28,Overweight,3.0,19.0,Maintain,4,60,Advanced,1,1,0,0,0,12,67.65,25.15,18.8,2420,2967,181,242,80,60,33,300,1000,5,Overweight
272,23,Male,174,102,33.69,Obese,4.0,28.2,Weight Loss,4,60,Advanced,1,1,0,0,0,0,102.0,33.69,28.2,2596,4170,259,194,86,64,36,300,1000,5,Obese
272,23,Male,174,102,33.69,Obese,4.0,28.2,Weight Loss,4,60,Advanced,1,1,0,0,0,1,101.51,33.53,27.5,2596,4170,259,194,86,64,36,300,1000,5,Obese
272,23,Male,174,102,33.69,Obese,4.0,28.2,Weight Loss,4,60,Advanced,1,1,0,0,0,2,100.66,33.25,26.9,2596,4170,259,194,86,64,36,300,1000,5,Obese
272,23,Male,174,102,33.69,Obese,4.0,28.2,Weight Loss,4,60,Advanced,1,1,0,0,0,3,99.51,32.87,26.5,2596,4170,259,194,86,64,36,300,1000,5,Obese
272,23,Male,174,102,33.69,Obese,4.0,28.2,Weight Loss,4,60,Advanced,1,1,0,0,0,4,99.03,32.71,25.9,2550,4066,255,191,85,63,35,300,1000,5,Obese
272,23,Male,174,102,33.69,Obese,4.0,28.2,Weight Loss,4,60,Advanced,1,1,0,0,0,5,98.71,32.6,25.5,2550,4066,255,191,85,63,35,300,1000,5,Obese
272,23,Male,174,102,33.69,Obese,4.0,28.2,Weight Loss,4,60,Advanced,1,1,0,0,0,6,98.6,32.57,24.8,2550,4066,255,191,85,63,35,300,1000,5,Obese
272,23,Male,174,102,33.69,Obese,4.0,28.2,Weight Loss,4,60,Advanced,1,1,0,0,0,7,97.42,32.18,24.2,2550,4066,255,191,85,63,35,300,1000,5,Obese
272,23,Male,174,102,33.69,Obese,4.0,28.2,Weight Loss,4,60,Advanced,1,1,0,0,0,8,96.5,31.87,23.7,2510,3977,251,188,83,62,35,300,1000,5,Obese
272,23,Male,174,102,33.69,Obese,4.0,28.2,Weight Loss,4,60,Advanced,1,1,0,0,0,9,95.67,31.6,23.3,2510,3977,251,188,83,62,35,300,1000,5,Obese
272,23,Male,174,102,33.69,Obese,4.0,28.2,Weight Loss,4,60,Advanced,1,1,0,0,0,10,94.59,31.24,22.5,2510,3977,251,188,83,62,35,300,1000,5,Obese
272,23,Male,174,102,33.69,Obese,4.0,28.2,Weight Loss,4,60,Advanced,1,1,0,0,0,11,93.97,31.04,21.8,2510,3977,251,188,83,62,35,300,1000,5,Obese
272,23,Male,174,102,33.69,Obese,4.0,28.2,Weight Loss,4,60,Advanced,1,1,0,0,0,12,93.15,30.77,21.1,2458,3860,245,184,81,61,34,300,1000,5,Obese
273,36,Female,186,61,17.63,Underweight,3.0,22.4,Muscle Gain,5,60,Advanced,1,0,0,0,0,0,61.0,17.63,22.4,2518,2735,188,314,55,62,35,300,1000,5,Underweight
273,36,Female,186,61,17.63,Underweight,3.0,22.4,Muscle Gain,5,60,Advanced,1,0,0,0,0,1,61.0,17.63,22.3,2518,2735,188,314,55,62,35,300,1000,5,Underweight
273,36,Female,186,61,17.63,Underweight,3.0,22.4,Muscle Gain,5,60,Advanced,1,0,0,0,0,2,61.07,17.65,22.1,2518,2735,188,314,55,62,35,300,1000,5,Underweight
273,36,Female,186,61,17.63,Underweight,3.0,22.4,Muscle Gain,5,60,Advanced,1,0,0,0,0,3,61.02,17.64,21.9,2518,2735,188,314,55,62,35,300,1000,5,Underweight
273,36,Female,186,61,17.63,Underweight,3.0,22.4,Muscle Gain,5,60,Advanced,1,0,0,0,0,4,61.08,17.66,21.9,2520,2737,189,315,56,63,35,300,1000,5,Underweight
273,36,Female,186,61,17.63,Underweight,3.0,22.4,Muscle Gain,5,60,Advanced,1,0,0,0,0,5,61.12,17.67,21.7,2520,2737,189,315,56,63,35,300,1000,5,Underweight
273,36,Female,186,61,17.63,Underweight,3.0,22.4,Muscle Gain,5,60,Advanced,1,0,0,0,0,6,61.13,17.67,21.7,2520,2737,189,315,56,63,35,300,1000,5,Underweight
273,36,Female,186,61,17.63,Underweight,3.0,22.4,Muscle Gain,5,60,Advanced,1,0,0,0,0,7,61.18,17.68,21.6,2520,2737,189,315,56,63,35,300,1000,5,Underweight
273,36,Female,186,61,17.63,Underweight,3.0,22.4,Muscle Gain,5,60,Advanced,1,0,0,0,0,8,61.15,17.68,21.3,2521,2740,189,315,56,63,35,300,1000,5,Underweight
273,36,Female,186,61,17.63,Underweight,3.0,22.4,Muscle Gain,5,60,Advanced,1,0,0,0,0,9,61.13,17.67,21.2,2521,2740,189,315,56,63,35,300,1000,5,Underweight
273,36,Female,186,61,17.63,Underweight,3.0,22.4,Muscle Gain,5,60,Advanced,1,0,0,0,0,10,61.15,17.67,21.3,2521,2740,189,315,56,63,35,300,1000,5,Underweight
273,36,Female,186,61,17.63,Underweight,3.0,22.4,Muscle Gain,5,60,Advanced,1,0,0,0,0,11,61.31,17.72,21.3,2521,2740,189,315,56,63,35,300,1000,5,Underweight
273,36,Female,186,61,17.63,Underweight,3.0,22.4,Muscle Gain,5,60,Advanced,1,0,0,0,0,12,61.28,17.71,21.2,2523,2744,189,315,56,63,35,300,1000,5,Underweight
274,17,Female,177,65,20.75,Normal,3.0,19.9,Muscle Gain,3,90,Intermediate,1,0,0,1,0,0,65.0,20.75,19.9,2376,3175,178,297,52,59,33,300,1000,5,Normal
274,17,Female,177,65,20.75,Normal,3.0,19.9,Muscle Gain,3,90,Intermediate,1,0,0,1,0,1,65.2,20.81,20.0,2376,3175,178,297,52,59,33,300,1000,5,Normal
274,17,Female,177,65,20.75,Normal,3.0,19.9,Muscle Gain,3,90,Intermediate,1,0,0,1,0,2,65.29,20.84,19.8,2376,3175,178,297,52,59,33,300,1000,5,Normal
274,17,Female,177,65,20.75,Normal,3.0,19.9,Muscle Gain,3,90,Intermediate,1,0,0,1,0,3,65.37,20.86,19.7,2376,3175,178,297,52,59,33,300,1000,5,Normal
274,17,Female,177,65,20.75,Normal,3.0,19.9,Muscle Gain,3,90,Intermediate,1,0,0,1,0,4,65.52,20.91,19.8,2383,3193,178,297,52,59,33,300,1000,5,Normal
274,17,Female,177,65,20.75,Normal,3.0,19.9,Muscle Gain,3,90,Intermediate,1,0,0,1,0,5,65.72,20.98,19.5,2383,3193,178,297,52,59,33,300,1000,5,Normal
274,17,Female,177,65,20.75,Normal,3.0,19.9,Muscle Gain,3,90,Intermediate,1,0,0,1,0,6,65.9,21.04,19.3,2383,3193,178,297,52,59,33,300,1000,5,Normal
274,17,Female,177,65,20.75,Normal,3.0,19.9,Muscle Gain,3,90,Intermediate,1,0,0,1,0,7,66.08,21.09,19.0,2383,3193,178,297,52,59,33,300,1000,5,Normal
274,17,Female,177,65,20.75,Normal,3.0,19.9,Muscle Gain,3,90,Intermediate,1,0,0,1,0,8,66.17,21.12,19.0,2392,3215,179,299,53,59,33,300,1000,5,Normal
274,17,Female,177,65,20.75,Normal,3.0,19.9,Muscle Gain,3,90,Intermediate,1,0,0,1,0,9,66.29,21.16,18.8,2392,3215,179,299,53,59,33,300,1000,5,Normal
274,17,Female,177,65,20.75,Normal,3.0,19.9,Muscle Gain,3,90,Intermediate,1,0,0,1,0,10,66.51,21.23,18.9,2392,3215,179,299,53,59,33,300,1000,5,Normal
274,17,Female,177,65,20.75,Normal,3.0,19.9,Muscle Gain,3,90,Intermediate,1,0,0,1,0,11,66.57,21.25,18.8,2392,3215,179,299,53,59,33,300,1000,5,Normal
274,17,Female,177,65,20.75,Normal,3.0,19.9,Muscle Gain,3,90,Intermediate,1,0,0,1,0,12,66.64,21.27,18.6,2399,3232,179,299,53,59,33,300,1000,5,Normal
275,24,Male,159,67,26.5,Overweight,3.0,21.5,Muscle Gain,3,45,Advanced,1,1,0,0,1,0,67.0,26.5,21.5,2429,2795,182,303,53,60,34,300,1000,5,Overweight
275,24,Male,159,67,26.5,Overweight,3.0,21.5,Muscle Gain,3,45,Advanced,1,1,0,0,1,1,67.03,26.51,21.5,2429,2795,182,303,53,60,34,300,1000,5,Overweight
275,24,Male,159,67,26.5,Overweight,3.0,21.5,Muscle Gain,3,45,Advanced,1,1,0,0,1,2,67.1,26.54,21.6,2429,2795,182,303,53,60,34,300,1000,5,Overweight
275,24,Male,159,67,26.5,Overweight,3.0,21.5,Muscle Gain,3,45,Advanced,1,1,0,0,1,3,67.19,26.58,21.7,2429,2795,182,303,53,60,34,300,1000,5,Overweight
275,24,Male,159,67,26.5,Overweight,3.0,21.5,Muscle Gain,3,45,Advanced,1,1,0,0,1,4,67.22,26.59,21.4,2432,2802,182,304,54,60,34,300,1000,5,Overweight
275,24,Male,159,67,26.5,Overweight,3.0,21.5,Muscle Gain,3,45,Advanced,1,1,0,0,1,5,67.31,26.62,21.4,2432,2802,182,304,54,60,34,300,1000,5,Overweight
275,24,Male,159,67,26.5,Overweight,3.0,21.5,Muscle Gain,3,45,Advanced,1,1,0,0,1,6,67.34,26.64,21.2,2432,2802,182,304,54,60,34,300,1000,5,Overweight
275,24,Male,159,67,26.5,Overweight,3.0,21.5,Muscle Gain,3,45,Advanced,1,1,0,0,1,7,67.4,26.66,21.2,2432,2802,182,304,54,60,34,300,1000,5,Overweight
275,24,Male,159,67,26.5,Overweight,3.0,21.5,Muscle Gain,3,45,Advanced,1,1,0,0,1,8,67.43,26.67,21.0,2435,2809,182,304,54,60,34,300,1000,5,Overweight
275,24,Male,159,67,26.5,Overweight,3.0,21.5,Muscle Gain,3,45,Advanced,1,1,0,0,1,9,67.43,26.67,20.7,2435,2809,182,304,54,60,34,300,1000,5,Overweight
275,24,Male,159,67,26.5,Overweight,3.0,21.5,Muscle Gain,3,45,Advanced,1,1,0,0,1,10,67.39,26.66,20.5,2435,2809,182,304,54,60,34,300,1000,5,Overweight
275,24,Male,159,67,26.5,Overweight,3.0,21.5,Muscle Gain,3,45,Advanced,1,1,0,0,1,11,67.43,26.67,20.5,2435,2809,182,304,54,60,34,300,1000,5,Overweight
275,24,Male,159,67,26.5,Overweight,3.0,21.5,Muscle Gain,3,45,Advanced,1,1,0,0,1,12,67.51,26.71,20.6,2436,2812,182,304,54,60,34,300,1000,5,Overweight
276,32,Male,188,124,35.08,Obese,5.0,37.3,Weight Loss,2,90,Beginner,0,0,0,0,1,0,124.0,35.08,37.3,2607,5240,260,195,86,65,36,300,1000,5,Obese
276,32,Male,188,124,35.08,Obese,5.0,37.3,Weight Loss,2,90,Beginner,0,0,0,0,1,1,123.61,34.97,37.0,2607,5240,260,195,86,65,36,300,1000,5,Obese
276,32,Male,188,124,35.08,Obese,5.0,37.3,Weight Loss,2,90,Beginner,0,0,0,0,1,2,122.12,34.55,36.3,2607,5240,260,195,86,65,36,300,1000,5,Obese
276,32,Male,188,124,35.08,Obese,5.0,37.3,Weight Loss,2,90,Beginner,0,0,0,0,1,3,121.51,34.38,35.9,2607,5240,260,195,86,65,36,300,1000,5,Obese
276,32,Male,188,124,35.08,Obese,5.0,37.3,Weight Loss,2,90,Beginner,0,0,0,0,1,4,120.75,34.16,35.4,2562,5126,256,192,85,64,35,300,1000,5,Obese
276,32,Male,188,124,35.08,Obese,5.0,37.3,Weight Loss,2,90,Beginner,0,0,0,0,1,5,120.24,34.02,35.0,2562,5126,256,192,85,64,35,300,1000,5,Obese
276,32,Male,188,124,35.08,Obese,5.0,37.3,Weight Loss,2,90,Beginner,0,0,0,0,1,6,119.72,33.87,34.3,2562,5126,256,192,85,64,35,300,1000,5,Obese
276,32,Male,188,124,35.08,Obese,5.0,37.3,Weight Loss,2,90,Beginner,0,0,0,0,1,7,119.25,33.74,34.0,2562,5126,256,192,85,64,35,300,1000,5,Obese
276,32,Male,188,124,35.08,Obese,5.0,37.3,Weight Loss,2,90,Beginner,0,0,0,0,1,8,118.2,33.44,33.3,2527,5037,252,189,84,63,35,300,1000,5,Obese
276,32,Male,188,124,35.08,Obese,5.0,37.3,Weight Loss,2,90,Beginner,0,0,0,0,1,9,116.91,33.08,32.8,2527,5037,252,189,84,63,35,300,1000,5,Obese
276,32,Male,188,124,35.08,Obese,5.0,37.3,Weight Loss,2,90,Beginner,0,0,0,0,1,10,116.15,32.86,32.1,2527,5037,252,189,84,63,35,300,1000,5,Obese
276,32,Male,188,124,35.08,Obese,5.0,37.3,Weight Loss,2,90,Beginner,0,0,0,0,1,11,115.23,32.6,31.5,2527,5037,252,189,84,63,35,300,1000,5,Obese
276,32,Male,188,124,35.08,Obese,5.0,37.3,Weight Loss,2,90,Beginner,0,0,0,0,1,12,114.62,32.43,30.8,2478,4911,247,185,82,61,34,300,1000,5,Obese
277,30,Male,166,88,31.93,Obese,4.0,27.5,Weight Loss,5,45,Beginner,1,1,1,0,0,0,88.0,31.93,27.5,2247,3530,224,168,74,56,31,300,1000,5,Obese
277,30,Male,166,88,31.93,Obese,4.0,27.5,Weight Loss,5,45,Beginner,1,1,1,0,0,1,87.66,31.81,27.0,2247,3530,224,168,74,56,31,300,1000,5,Obese
277,30,Male,166,88,31.93,Obese,4.0,27.5,Weight Loss,5,45,Beginner,1,1,1,0,0,2,86.98,31.57,26.7,2247,3530,224,168,74,56,31,300,1000,5,Obese
277,30,Male,166,88,31.93,Obese,4.0,27.5,Weight Loss,5,45,Beginner,1,1,1,0,0,3,86.16,31.27,26.0,2247,3530,224,168,74,56,31,300,1000,5,Obese
277,30,Male,166,88,31.93,Obese,4.0,27.5,Weight Loss,5,45,Beginner,1,1,1,0,0,4,85.21,30.92,25.5,2204,3432,220,165,73,55,30,300,1000,5,Obese
277,30,Male,166,88,31.93,Obese,4.0,27.5,Weight Loss,5,45,Beginner,1,1,1,0,0,5,84.18,30.55,24.8,2204,3432,220,165,73,55,30,300,1000,5,Obese
277,30,Male,166,88,31.93,Obese,4.0,27.5,Weight Loss,5,45,Beginner,1,1,1,0,0,6,83.94,30.46,24.3,2204,3432,220,165,73,55,30,300,1000,5,Obese
277,30,Male,166,88,31.93,Obese,4.0,27.5,Weight Loss,5,45,Beginner,1,1,1,0,0,7,83.08,30.15,23.8,2204,3432,220,165,73,55,30,300,1000,5,Obese
277,30,Male,166,88,31.93,Obese,4.0,27.5,Weight Loss,5,45,Beginner,1,1,1,0,0,8,82.63,29.99,23.0,2164,3342,216,162,72,54,30,300,1000,4,Overweight
277,30,Male,166,88,31.93,Obese,4.0,27.5,Weight Loss,5,45,Beginner,1,1,1,0,0,9,81.81,29.69,22.4,2164,3342,216,162,72,54,30,300,1000,4,Overweight
277,30,Male,166,88,31.93,Obese,4.0,27.5,Weight Loss,5,45,Beginner,1,1,1,0,0,10,80.69,29.28,21.8,2164,3342,216,162,72,54,30,300,1000,4,Overweight
277,30,Male,166,88,31.93,Obese,4.0,27.5,Weight Loss,5,45,Beginner,1,1,1,0,0,11,80.45,29.19,21.2,2164,3342,216,162,72,54,30,300,1000,4,Overweight
277,30,Male,166,88,31.93,Obese,4.0,27.5,Weight Loss,5,45,Beginner,1,1,1,0,0,12,80.1,29.07,20.5,2124,3253,212,159,70,53,29,300,1000,4,Overweight
278,28,Male,188,110,31.12,Obese,5.0,30.8,Weight Loss,5,30,Intermediate,1,1,1,1,0,0,110.0,31.12,30.8,2817,4150,281,211,93,70,39,300,1000,5,Obese
278,28,Male,188,110,31.12,Obese,5.0,30.8,Weight Loss,5,30,Intermediate,1,1,1,1,0,1,109.09,30.87,30.4,2817,4150,281,211,93,70,39,300,1000,5,Obese
278,28,Male,188,110,31.12,Obese,5.0,30.8,Weight Loss,5,30,Intermediate,1,1,1,1,0,2,108.33,30.65,30.0,2817,4150,281,211,93,70,39,300,1000,5,Obese
278,28,Male,188,110,31.12,Obese,5.0,30.8,Weight Loss,5,30,Intermediate,1,1,1,1,0,3,107.42,30.39,29.4,2817,4150,281,211,93,70,39,300,1000,5,Obese
278,28,Male,188,110,31.12,Obese,5.0,30.8,Weight Loss,5,30,Intermediate,1,1,1,1,0,4,106.71,30.19,28.9,2765,4034,276,207,92,69,38,300,1000,5,Obese
278,28,Male,188,110,31.12,Obese,5.0,30.8,Weight Loss,5,30,Intermediate,1,1,1,1,0,5,105.45,29.84,28.5,2765,4034,276,207,92,69,38,300,1000,5,Overweight
278,28,Male,188,110,31.12,Obese,5.0,30.8,Weight Loss,5,30,Intermediate,1,1,1,1,0,6,104.11,29.45,28.1,2765,4034,276,207,92,69,38,300,1000,5,Overweight
278,28,Male,188,110,31.12,Obese,5.0,30.8,Weight Loss,5,30,Intermediate,1,1,1,1,0,7,104.06,29.44,27.7,2765,4034,276,207,92,69,38,300,1000,5,Overweight
278,28,Male,188,110,31.12,Obese,5.0,30.8,Weight Loss,5,30,Intermediate,1,1,1,1,0,8,103.15,29.18,27.1,2710,3910,271,203,90,67,37,300,1000,5,Overweight
278,28,Male,188,110,31.12,Obese,5.0,30.8,Weight Loss,5,30,Intermediate,1,1,1,1,0,9,102.32,28.95,26.5,2710,3910,271,203,90,67,37,300,1000,5,Overweight
278,28,Male,188,110,31.12,Obese,5.0,30.8,Weight Loss,5,30,Intermediate,1,1,1,1,0,10,101.15,28.62,26.1,2710,3910,271,203,90,67,37,300,1000,5,Overweight
278,28,Male,188,110,31.12,Obese,5.0,30.8,Weight Loss,5,30,Intermediate,1,1,1,1,0,11,100.21,28.35,25.7,2710,3910,271,203,90,67,37,300,1000,5,Overweight
278,28,Male,188,110,31.12,Obese,5.0,30.8,Weight Loss,5,30,Intermediate,1,1,1,1,0,12,99.11,28.04,25.2,2648,3768,264,198,88,66,37,300,1000,5,Overweight
279,39,Male,171,120,41.04,Obese,5.0,46.9,Weight Loss,4,30,Intermediate,1,0,0,0,0,0,120.0,41.04,46.9,2722,4500,272,204,90,68,38,300,1000,5,Obese
279,39,Male,171,120,41.04,Obese,5.0,46.9,Weight Loss,4,30,Intermediate,1,0,0,0,0,1,119.19,40.76,46.5,2722,4500,272,204,90,68,38,300,1000,5,Obese
279,39,Male,171,120,41.04,Obese,5.0,46.9,Weight Loss,4,30,Intermediate,1,0,0,0,0,2,118.15,40.41,46.1,2722,4500,272,204,90,68,38,300,1000,5,Obese
279,39,Male,171,120,41.04,Obese,5.0,46.9,Weight Loss,4,30,Intermediate,1,0,0,0,0,3,117.17,40.07,45.7,2722,4500,272,204,90,68,38,300,1000,5,Obese
279,39,Male,171,120,41.04,Obese,5.0,46.9,Weight Loss,4,30,Intermediate,1,0,0,0,0,4,116.28,39.77,45.1,2664,4369,266,199,88,66,37,300,1000,5,Obese
279,39,Male,171,120,41.04,Obese,5.0,46.9,Weight Loss,4,30,Intermediate,1,0,0,0,0,5,115.03,39.34,44.6,2664,4369,266,199,88,66,37,300,1000,5,Obese
279,39,Male,171,120,41.04,Obese,5.0,46.9,Weight Loss,4,30,Intermediate,1,0,0,0,0,6,113.92,38.96,43.9,2664,4369,266,199,88,66,37,300,1000,5,Obese
279,39,Male,171,120,41.04,Obese,5.0,46.9,Weight Loss,4,30,Intermediate,1,0,0,0,0,7,113.61,38.85,43.2,2664,4369,266,199,88,66,37,300,1000,5,Obese
279,39,Male,171,120,41.04,Obese,5.0,46.9,Weight Loss,4,30,Intermediate,1,0,0,0,0,8,112.99,38.64,42.6,2613,4254,261,195,87,65,36,300,1000,5,Obese
279,39,Male,171,120,41.04,Obese,5.0,46.9,Weight Loss,4,30,Intermediate,1,0,0,0,0,9,111.9,38.27,42.3,2613,4254,261,195,87,65,36,300,1000,5,Obese
279,39,Male,171,120,41.04,Obese,5.0,46.9,Weight Loss,4,30,Intermediate,1,0,0,0,0,10,110.84,37.91,41.7,2613,4254,261,195,87,65,36,300,1000,5,Obese
279,39,Male,171,120,41.04,Obese,5.0,46.9,Weight Loss,4,30,Intermediate,1,0,0,0,0,11,109.98,37.61,41.3,2613,4254,261,195,87,65,36,300,1000,5,Obese
279,39,Male,171,120,41.04,Obese,5.0,46.9,Weight Loss,4,30,Intermediate,1,0,0,0,0,12,108.63,37.15,40.9,2545,4102,254,190,84,63,35,300,1000,5,Obese
280,31,Female,175,123,40.16,Obese,5.0,49.2,Weight Loss,5,45,Beginner,1,0,1,0,0,0,123.0,40.16,49.2,2612,4755,261,195,87,65,36,300,1000,5,Obese
280,31,Female,175,123,40.16,Obese,5.0,49.2,Weight Loss,5,45,Beginner,1,0,1,0,0,1,122.03,39.84,48.4,2612,4755,261,195,87,65,36,300,1000,5,Obese
280,31,Female,175,123,40.16,Obese,5.0,49.2,Weight Loss,5,45,Beginner,1,0,1,0,0,2,121.75,39.75,47.8,2612,4755,261,195,87,65,36,300,1000,5,Obese
280,31,Female,175,123,40.16,Obese,5.0,49.2,Weight Loss,5,45,Beginner,1,0,1,0,0,3,121.55,39.69,47.5,2612,4755,261,195,87,65,36,300,1000,5,Obese
280,31,Female,175,123,40.16,Obese,5.0,49.2,Weight Loss,5,45,Beginner,1,0,1,0,0,4,120.92,39.48,46.8,2579,4682,257,193,85,64,36,300,1000,5,Obese
280,31,Female,175,123,40.16,Obese,5.0,49.2,Weight Loss,5,45,Beginner,1,0,1,0,0,5,120.0,39.18,46.4,2579,4682,257,193,85,64,36,300,1000,5,Obese
280,31,Female,175,123,40.16,Obese,5.0,49.2,Weight Loss,5,45,Beginner,1,0,1,0,0,6,118.77,38.78,46.0,2579,4682,257,193,85,64,36,300,1000,5,Obese
280,31,Female,175,123,40.16,Obese,5.0,49.2,Weight Loss,5,45,Beginner,1,0,1,0,0,7,117.84,38.48,45.3,2579,4682,257,193,85,64,36,300,1000,5,Obese
280,31,Female,175,123,40.16,Obese,5.0,49.2,Weight Loss,5,45,Beginner,1,0,1,0,0,8,116.5,38.04,44.7,2511,4527,251,188,83,62,35,300,1000,5,Obese
280,31,Female,175,123,40.16,Obese,5.0,49.2,Weight Loss,5,45,Beginner,1,0,1,0,0,9,116.14,37.92,44.1,2511,4527,251,188,83,62,35,300,1000,5,Obese
280,31,Female,175,123,40.16,Obese,5.0,49.2,Weight Loss,5,45,Beginner,1,0,1,0,0,10,115.47,37.7,43.5,2511,4527,251,188,83,62,35,300,1000,5,Obese
280,31,Female,175,123,40.16,Obese,5.0,49.2,Weight Loss,5,45,Beginner,1,0,1,0,0,11,114.92,37.52,43.2,2511,4527,251,188,83,62,35,300,1000,5,Obese
280,31,Female,175,123,40.16,Obese,5.0,49.2,Weight Loss,5,45,Beginner,1,0,1,0,0,12,113.64,37.11,42.8,2466,4427,246,184,82,61,34,300,1000,5,Obese
281,44,Female,193,88,23.62,Normal,5.0,33.2,Muscle Gain,4,60,Intermediate,0,0,0,0,1,0,88.0,23.62,33.2,2943,3680,220,367,65,73,41,300,1000,5,Normal
281,44,Female,193,88,23.62,Normal,5.0,33.2,Muscle Gain,4,60,Intermediate,0,0,0,0,1,1,88.17,23.67,33.2,2943,3680,220,367,65,73,41,300,1000,5,Normal
281,44,Female,193,88,23.62,Normal,5.0,33.2,Muscle Gain,4,60,Intermediate,0,0,0,0,1,2,88.35,23.72,33.2,2943,3680,220,367,65,73,41,300,1000,5,Normal
281,44,Female,193,88,23.62,Normal,5.0,33.2,Muscle Gain,4,60,Intermediate,0,0,0,0,1,3,88.49,23.76,33.0,2943,3680,220,367,65,73,41,300,1000,5,Normal
281,44,Female,193,88,23.62,Normal,5.0,33.2,Muscle Gain,4,60,Intermediate,0,0,0,0,1,4,88.6,23.79,32.8,2952,3700,221,369,65,73,41,300,1000,5,Normal
281,44,Female,193,88,23.62,Normal,5.0,33.2,Muscle Gain,4,60,Intermediate,0,0,0,0,1,5,88.77,23.83,32.9,2952,3700,221,369,65,73,41,300,1000,5,Normal
281,44,Female,193,88,23.62,Normal,5.0,33.2,Muscle Gain,4,60,Intermediate,0,0,0,0,1,6,88.87,23.86,32.9,2952,3700,221,369,65,73,41,300,1000,5,Normal
281,44,Female,193,88,23.62,Normal,5.0,33.2,Muscle Gain,4,60,Intermediate,0,0,0,0,1,7,89.07,23.91,32.8,2952,3700,221,369,65,73,41,300,1000,5,Normal
281,44,Female,193,88,23.62,Normal,5.0,33.2,Muscle Gain,4,60,Intermediate,0,0,0,0,1,8,89.23,23.95,32.7,2962,3722,222,370,65,74,41,300,1000,5,Normal
281,44,Female,193,88,23.62,Normal,5.0,33.2,Muscle Gain,4,60,Intermediate,0,0,0,0,1,9,89.37,23.99,32.5,2962,3722,222,370,65,74,41,300,1000,5,Normal
281,44,Female,193,88,23.62,Normal,5.0,33.2,Muscle Gain,4,60,Intermediate,0,0,0,0,1,10,89.51,24.03,32.2,2962,3722,222,370,65,74,41,300,1000,5,Normal
281,44,Female,193,88,23.62,Normal,5.0,33.2,Muscle Gain,4,60,Intermediate,0,0,0,0,1,11,89.66,24.07,32.0,2962,3722,222,370,65,74,41,300,1000,5,Normal
281,44,Female,193,88,23.62,Normal,5.0,33.2,Muscle Gain,4,60,Intermediate,0,0,0,0,1,12,89.91,24.14,31.8,2972,3746,222,371,66,74,41,300,1000,5,Normal
282,18,Female,174,59,19.49,Normal,3.0,21.1,Muscle Gain,4,60,Advanced,0,0,0,0,0,0,59.0,19.49,21.1,2511,2665,188,313,55,62,35,300,1000,5,Normal
282,18,Female,174,59,19.49,Normal,3.0,21.1,Muscle Gain,4,60,Advanced,0,0,0,0,0,1,58.98,19.48,21.1,2511,2665,188,313,55,62,35,300,1000,5,Normal
282,18,Female,174,59,19.49,Normal,3.0,21.1,Muscle Gain,4,60,Advanced,0,0,0,0,0,2,59.05,19.5,21.1,2511,2665,188,313,55,62,35,300,1000,5,Normal
282,18,Female,174,59,19.49,Normal,3.0,21.1,Muscle Gain,4,60,Advanced,0,0,0,0,0,3,59.08,19.52,21.1,2511,2665,188,313,55,62,35,300,1000,5,Normal
282,18,Female,174,59,19.49,Normal,3.0,21.1,Muscle Gain,4,60,Advanced,0,0,0,0,0,4,59.08,19.51,21.0,2512,2667,188,314,55,62,35,300,1000,5,Normal
282,18,Female,174,59,19.49,Normal,3.0,21.1,Muscle Gain,4,60,Advanced,0,0,0,0,0,5,59.11,19.53,21.1,2512,2667,188,314,55,62,35,300,1000,5,Normal
282,18,Female,174,59,19.49,Normal,3.0,21.1,Muscle Gain,4,60,Advanced,0,0,0,0,0,6,59.13,19.53,21.1,2512,2667,188,314,55,62,35,300,1000,5,Normal
282,18,Female,174,59,19.49,Normal,3.0,21.1,Muscle Gain,4,60,Advanced,0,0,0,0,0,7,59.2,19.55,20.8,2512,2667,188,314,55,62,35,300,1000,5,Normal
282,18,Female,174,59,19.49,Normal,3.0,21.1,Muscle Gain,4,60,Advanced,0,0,0,0,0,8,59.16,19.54,20.9,2513,2670,188,314,55,62,35,300,1000,5,Normal
282,18,Female,174,59,19.49,Normal,3.0,21.1,Muscle Gain,4,60,Advanced,0,0,0,0,0,9,59.28,19.58,20.7,2513,2670,188,314,55,62,35,300,1000,5,Normal
282,18,Female,174,59,19.49,Normal,3.0,21.1,Muscle Gain,4,60,Advanced,0,0,0,0,0,10,59.33,19.6,20.8,2513,2670,188,314,55,62,35,300,1000,5,Normal
282,18,Female,174,59,19.49,Normal,3.0,21.1,Muscle Gain,4,60,Advanced,0,0,0,0,0,11,59.44,19.63,20.5,2513,2670,188,314,55,62,35,300,1000,5,Normal
282,18,Female,174,59,19.49,Normal,3.0,21.1,Muscle Gain,4,60,Advanced,0,0,0,0,0,12,59.49,19.65,20.6,2518,2682,188,314,55,62,35,300,1000,5,Normal
283,48,Female,166,125,45.36,Obese,5.0,60.0,Weight Loss,2,60,Advanced,1,0,0,0,0,0,125.0,45.36,60.0,2093,4975,209,156,69,52,29,300,1000,4,Obese
283,48,Female,166,125,45.36,Obese,5.0,60.0,Weight Loss,2,60,Advanced,1,0,0,0,0,1,123.98,44.99,59.4,2093,4975,209,156,69,52,29,300,1000,4,Obese
283,48,Female,166,125,45.36,Obese,5.0,60.0,Weight Loss,2,60,Advanced,1,0,0,0,0,2,122.84,44.58,59.0,2093,4975,209,156,69,52,29,300,1000,4,Obese
283,48,Female,166,125,45.36,Obese,5.0,60.0,Weight Loss,2,60,Advanced,1,0,0,0,0,3,122.25,44.36,58.6,2093,4975,209,156,69,52,29,300,1000,4,Obese
283,48,Female,166,125,45.36,Obese,5.0,60.0,Weight Loss,2,60,Advanced,1,0,0,0,0,4,121.51,44.1,57.9,2045,4852,204,153,68,51,28,300,1000,4,Obese
283,48,Female,166,125,45.36,Obese,5.0,60.0,Weight Loss,2,60,Advanced,1,0,0,0,0,5,120.25,43.64,57.3,2045,4852,204,153,68,51,28,300,1000,4,Obese
283,48,Female,166,125,45.36,Obese,5.0,60.0,Weight Loss,2,60,Advanced,1,0,0,0,0,6,119.43,43.34,56.6,2045,4852,204,153,68,51,28,300,1000,4,Obese
283,48,Female,166,125,45.36,Obese,5.0,60.0,Weight Loss,2,60,Advanced,1,0,0,0,0,7,118.91,43.15,56.2,2045,4852,204,153,68,51,28,300,1000,4,Obese
283,48,Female,166,125,45.36,Obese,5.0,60.0,Weight Loss,2,60,Advanced,1,0,0,0,0,8,118.1,42.86,55.9,1999,4733,199,149,66,49,27,300,1000,4,Obese
283,48,Female,166,125,45.36,Obese,5.0,60.0,Weight Loss,2,60,Advanced,1,0,0,0,0,9,117.87,42.77,55.2,1999,4733,199,149,66,49,27,300,1000,4,Obese
283,48,Female,166,125,45.36,Obese,5.0,60.0,Weight Loss,2,60,Advanced,1,0,0,0,0,10,116.96,42.45,54.7,1999,4733,199,149,66,49,27,300,1000,4,Obese
283,48,Female,166,125,45.36,Obese,5.0,60.0,Weight Loss,2,60,Advanced,1,0,0,0,0,11,115.48,41.91,54.0,1999,4733,199,149,66,49,27,300,1000,4,Obese
283,48,Female,166,125,45.36,Obese,5.0,60.0,Weight Loss,2,60,Advanced,1,0,0,0,0,12,114.9,41.7,53.3,1955,4621,195,146,65,48,27,300,1000,4,Obese
284,39,Male,162,102,38.87,Obese,5.0,41.4,Weight Loss,4,60,Intermediate,1,1,0,1,0,0,102.0,38.87,41.4,2355,4170,235,176,78,58,32,300,1000,5,Obese
284,39,Male,162,102,38.87,Obese,5.0,41.4,Weight Loss,4,60,Intermediate,1,1,0,1,0,1,100.98,38.48,40.7,2355,4170,235,176,78,58,32,300,1000,5,Obese
284,39,Male,162,102,38.87,Obese,5.0,41.4,Weight Loss,4,60,Intermediate,1,1,0,1,0,2,99.68,37.98,40.2,2355,4170,235,176,78,58,32,300,1000,5,Obese
284,39,Male,162,102,38.87,Obese,5.0,41.4,Weight Loss,4,60,Intermediate,1,1,0,1,0,3,99.01,37.73,39.7,2355,4170,235,176,78,58,32,300,1000,5,Obese
284,39,Male,162,102,38.87,Obese,5.0,41.4,Weight Loss,4,60,Intermediate,1,1,0,1,0,4,98.14,37.4,39.1,2296,4035,229,172,76,57,32,300,1000,5,Obese
284,39,Male,162,102,38.87,Obese,5.0,41.4,Weight Loss,4,60,Intermediate,1,1,0,1,0,5,97.5,37.15,38.7,2296,4035,229,172,76,57,32,300,1000,5,Obese
284,39,Male,162,102,38.87,Obese,5.0,41.4,Weight Loss,4,60,Intermediate,1,1,0,1,0,6,96.24,36.67,38.0,2296,4035,229,172,76,57,32,300,1000,5,Obese
284,39,Male,162,102,38.87,Obese,5.0,41.4,Weight Loss,4,60,Intermediate,1,1,0,1,0,7,95.34,36.33,37.4,2296,4035,229,172,76,57,32,300,1000,5,Obese
284,39,Male,162,102,38.87,Obese,5.0,41.4,Weight Loss,4,60,Intermediate,1,1,0,1,0,8,94.3,35.93,36.9,2236,3900,223,167,74,55,31,300,1000,5,Obese
284,39,Male,162,102,38.87,Obese,5.0,41.4,Weight Loss,4,60,Intermediate,1,1,0,1,0,9,93.55,35.64,36.1,2236,3900,223,167,74,55,31,300,1000,5,Obese
284,39,Male,162,102,38.87,Obese,5.0,41.4,Weight Loss,4,60,Intermediate,1,1,0,1,0,10,92.72,35.33,35.7,2236,3900,223,167,74,55,31,300,1000,5,Obese
284,39,Male,162,102,38.87,Obese,5.0,41.4,Weight Loss,4,60,Intermediate,1,1,0,1,0,11,91.64,34.92,35.4,2236,3900,223,167,74,55,31,300,1000,5,Obese
284,39,Male,162,102,38.87,Obese,5.0,41.4,Weight Loss,4,60,Intermediate,1,1,0,1,0,12,90.62,34.53,34.7,2179,3771,217,163,72,54,30,300,1000,4,Obese
285,38,Male,169,100,35.01,Obese,5.0,36.4,Weight Loss,2,45,Beginner,1,0,0,0,1,0,100.0,35.01,36.4,2072,3950,207,155,69,51,29,300,1000,4,Obese
285,38,Male,169,100,35.01,Obese,5.0,36.4,Weight Loss,2,45,Beginner,1,0,0,0,1,1,99.3,34.77,36.1,2072,3950,207,155,69,51,29,300,1000,4,Obese
285,38,Male,169,100,35.01,Obese,5.0,36.4,Weight Loss,2,45,Beginner,1,0,0,0,1,2,98.33,34.43,35.5,2072,3950,207,155,69,51,29,300,1000,4,Obese
285,38,Male,169,100,35.01,Obese,5.0,36.4,Weight Loss,2,45,Beginner,1,0,0,0,1,3,97.31,34.07,34.7,2072,3950,207,155,69,51,29,300,1000,4,Obese
285,38,Male,169,100,35.01,Obese,5.0,36.4,Weight Loss,2,45,Beginner,1,0,0,0,1,4,96.05,33.63,34.0,2018,3811,201,151,67,50,28,300,1000,4,Obese
285,38,Male,169,100,35.01,Obese,5.0,36.4,Weight Loss,2,45,Beginner,1,0,0,0,1,5,95.33,33.38,33.2,2018,3811,201,151,67,50,28,300,1000,4,Obese
285,38,Male,169,100,35.01,Obese,5.0,36.4,Weight Loss,2,45,Beginner,1,0,0,0,1,6,94.67,33.15,32.7,2018,3811,201,151,67,50,28,300,1000,4,Obese
285,38,Male,169,100,35.01,Obese,5.0,36.4,Weight Loss,2,45,Beginner,1,0,0,0,1,7,94.01,32.91,32.2,2018,3811,201,151,67,50,28,300,1000,4,Obese
285,38,Male,169,100,35.01,Obese,5.0,36.4,Weight Loss,2,45,Beginner,1,0,0,0,1,8,92.95,32.54,31.5,1975,3703,197,148,65,49,27,300,1000,4,Obese
285,38,Male,169,100,35.01,Obese,5.0,36.4,Weight Loss,2,45,Beginner,1,0,0,0,1,9,92.5,32.39,30.7,1975,3703,197,148,65,49,27,300,1000,4,Obese
285,38,Male,169,100,35.01,Obese,5.0,36.4,Weight Loss,2,45,Beginner,1,0,0,0,1,10,91.36,31.99,30.0,1975,3703,197,148,65,49,27,300,1000,4,Obese
285,38,Male,169,100,35.01,Obese,5.0,36.4,Weight Loss,2,45,Beginner,1,0,0,0,1,11,90.48,31.68,29.6,1975,3703,197,148,65,49,27,300,1000,4,Obese
285,38,Male,169,100,35.01,Obese,5.0,36.4,Weight Loss,2,45,Beginner,1,0,0,0,1,12,89.71,31.41,29.0,1931,3589,193,144,64,48,27,300,1000,4,Obese
286,41,Male,174,88,29.07,Overweight,4.0,27.9,Weight Loss,5,30,Advanced,1,0,0,1,0,0,88.0,29.07,27.9,2239,3380,223,167,74,55,31,300,1000,5,Overweight
286,41,Male,174,88,29.07,Overweight,4.0,27.9,Weight Loss,5,30,Advanced,1,0,0,1,0,1,86.88,28.7,27.5,2239,3380,223,167,74,55,31,300,1000,5,Overweight
286,41,Male,174,88,29.07,Overweight,4.0,27.9,Weight Loss,5,30,Advanced,1,0,0,1,0,2,85.7,28.3,26.8,2239,3380,223,167,74,55,31,300,1000,5,Overweight
286,41,Male,174,88,29.07,Overweight,4.0,27.9,Weight Loss,5,30,Advanced,1,0,0,1,0,3,85.37,28.2,26.3,2239,3380,223,167,74,55,31,300,1000,5,Overweight
286,41,Male,174,88,29.07,Overweight,4.0,27.9,Weight Loss,5,30,Advanced,1,0,0,1,0,4,84.83,28.02,25.8,2190,3269,219,164,73,54,30,300,1000,4,Overweight
286,41,Male,174,88,29.07,Overweight,4.0,27.9,Weight Loss,5,30,Advanced,1,0,0,1,0,5,84.33,27.85,25.2,2190,3269,219,164,73,54,30,300,1000,4,Overweight
286,41,Male,174,88,29.07,Overweight,4.0,27.9,Weight Loss,5,30,Advanced,1,0,0,1,0,6,83.86,27.7,24.7,2190,3269,219,164,73,54,30,300,1000,4,Overweight
286,41,Male,174,88,29.07,Overweight,4.0,27.9,Weight Loss,5,30,Advanced,1,0,0,1,0,7,83.28,27.51,24.3,2190,3269,219,164,73,54,30,300,1000,4,Overweight
286,41,Male,174,88,29.07,Overweight,4.0,27.9,Weight Loss,5,30,Advanced,1,0,0,1,0,8,82.62,27.29,23.8,2156,3191,215,161,71,53,30,300,1000,4,Overweight
286,41,Male,174,88,29.07,Overweight,4.0,27.9,Weight Loss,5,30,Advanced,1,0,0,1,0,9,81.76,27.0,23.0,2156,3191,215,161,71,53,30,300,1000,4,Overweight
286,41,Male,174,88,29.07,Overweight,4.0,27.9,Weight Loss,5,30,Advanced,1,0,0,1,0,10,81.21,26.82,22.7,2156,3191,215,161,71,53,30,300,1000,4,Overweight
286,41,Male,174,88,29.07,Overweight,4.0,27.9,Weight Loss,5,30,Advanced,1,0,0,1,0,11,80.55,26.61,22.0,2156,3191,215,161,71,53,30,300,1000,4,Overweight
286,41,Male,174,88,29.07,Overweight,4.0,27.9,Weight Loss,5,30,Advanced,1,0,0,1,0,12,80.39,26.55,21.3,2121,3113,212,159,70,53,29,300,1000,4,Overweight
287,38,Female,153,110,46.99,Obese,5.0,60.0,Weight Loss,4,45,Intermediate,1,0,0,0,1,0,110.0,46.99,60.0,2143,4300,214,160,71,53,30,300,1000,4,Obese
287,38,Female,153,110,46.99,Obese,5.0,60.0,Weight Loss,4,45,Intermediate,1,0,0,0,1,1,109.3,46.69,59.4,2143,4300,214,160,71,53,30,300,1000,4,Obese
287,38,Female,153,110,46.99,Obese,5.0,60.0,Weight Loss,4,45,Intermediate,1,0,0,0,1,2,108.22,46.23,58.8,2143,4300,214,160,71,53,30,300,1000,4,Obese
287,38,Female,153,110,46.99,Obese,5.0,60.0,Weight Loss,4,45,Intermediate,1,0,0,0,1,3,107.56,45.95,58.1,2143,4300,214,160,71,53,30,300,1000,4,Obese
287,38,Female,153,110,46.99,Obese,5.0,60.0,Weight Loss,4,45,Intermediate,1,0,0,0,1,4,106.6,45.54,57.4,2090,4180,209,156,69,52,29,300,1000,4,Obese
287,38,Female,153,110,46.99,Obese,5.0,60.0,Weight Loss,4,45,Intermediate,1,0,0,0,1,5,105.6,45.11,56.8,2090,4180,209,156,69,52,29,300,1000,4,Obese
287,38,Female,153,110,46.99,Obese,5.0,60.0,Weight Loss,4,45,Intermediate,1,0,0,0,1,6,104.56,44.67,56.1,2090,4180,209,156,69,52,29,300,1000,4,Obese
287,38,Female,153,110,46.99,Obese,5.0,60.0,Weight Loss,4,45,Intermediate,1,0,0,0,1,7,103.89,44.38,55.8,2090,4180,209,156,69,52,29,300,1000,4,Obese
287,38,Female,153,110,46.99,Obese,5.0,60.0,Weight Loss,4,45,Intermediate,1,0,0,0,1,8,103.4,44.17,55.1,2040,4068,204,153,68,51,28,300,1000,4,Obese
287,38,Female,153,110,46.99,Obese,5.0,60.0,Weight Loss,4,45,Intermediate,1,0,0,0,1,9,103.07,44.03,54.4,2040,4068,204,153,68,51,28,300,1000,4,Obese
287,38,Female,153,110,46.99,Obese,5.0,60.0,Weight Loss,4,45,Intermediate,1,0,0,0,1,10,102.13,43.63,53.6,2040,4068,204,153,68,51,28,300,1000,4,Obese
287,38,Female,153,110,46.99,Obese,5.0,60.0,Weight Loss,4,45,Intermediate,1,0,0,0,1,11,100.9,43.1,53.1,2040,4068,204,153,68,51,28,300,1000,4,Obese
287,38,Female,153,110,46.99,Obese,5.0,60.0,Weight Loss,4,45,Intermediate,1,0,0,0,1,12,100.8,43.06,52.5,2000,3978,200,150,66,50,28,300,1000,4,Obese
288,38,Female,159,40,15.82,Underweight,3.0,20.5,Muscle Gain,4,45,Beginner,1,1,0,0,1,0,40.0,15.82,20.5,1916,1850,143,239,42,47,26,300,1000,4,Underweight
288,38,Female,159,40,15.82,Underweight,3.0,20.5,Muscle Gain,4,45,Beginner,1,1,0,0,1,1,40.04,15.84,20.6,1916,1850,143,239,42,47,26,300,1000,4,Underweight
288,38,Female,159,40,15.82,Underweight,3.0,20.5,Muscle Gain,4,45,Beginner,1,1,0,0,1,2,40.22,15.91,20.5,1916,1850,143,239,42,47,26,300,1000,4,Underweight
288,38,Female,159,40,15.82,Underweight,3.0,20.5,Muscle Gain,4,45,Beginner,1,1,0,0,1,3,40.27,15.93,20.4,1916,1850,143,239,42,47,26,300,1000,4,Underweight
288,38,Female,159,40,15.82,Underweight,3.0,20.5,Muscle Gain,4,45,Beginner,1,1,0,0,1,4,40.48,16.01,20.4,1923,1866,144,240,42,48,26,300,1000,4,Underweight
288,38,Female,159,40,15.82,Underweight,3.0,20.5,Muscle Gain,4,45,Beginner,1,1,0,0,1,5,40.53,16.03,20.4,1923,1866,144,240,42,48,26,300,1000,4,Underweight
288,38,Female,159,40,15.82,Underweight,3.0,20.5,Muscle Gain,4,45,Beginner,1,1,0,0,1,6,40.58,16.05,20.2,1923,1866,144,240,42,48,26,300,1000,4,Underweight
288,38,Female,159,40,15.82,Underweight,3.0,20.5,Muscle Gain,4,45,Beginner,1,1,0,0,1,7,40.77,16.13,20.0,1923,1866,144,240,42,48,26,300,1000,4,Underweight
288,38,Female,159,40,15.82,Underweight,3.0,20.5,Muscle Gain,4,45,Beginner,1,1,0,0,1,8,40.87,16.16,20.0,1929,1880,144,241,42,48,27,300,1000,4,Underweight
288,38,Female,159,40,15.82,Underweight,3.0,20.5,Muscle Gain,4,45,Beginner,1,1,0,0,1,9,40.92,16.19,20.1,1929,1880,144,241,42,48,27,300,1000,4,Underweight
288,38,Female,159,40,15.82,Underweight,3.0,20.5,Muscle Gain,4,45,Beginner,1,1,0,0,1,10,41.17,16.29,20.1,1929,1880,144,241,42,48,27,300,1000,4,Underweight
288,38,Female,159,40,15.82,Underweight,3.0,20.5,Muscle Gain,4,45,Beginner,1,1,0,0,1,11,41.23,16.31,20.0,1929,1880,144,241,42,48,27,300,1000,4,Underweight
288,38,Female,159,40,15.82,Underweight,3.0,20.5,Muscle Gain,4,45,Beginner,1,1,0,0,1,12,41.44,16.39,20.0,1938,1900,145,242,43,48,27,300,1000,4,Underweight
289,22,Male,152,52,22.51,Normal,2.0,15.6,Muscle Gain,2,30,Beginner,1,1,1,1,1,0,52.0,22.51,15.6,2176,2120,163,272,48,54,30,300,1000,4,Normal
289,22,Male,152,52,22.51,Normal,2.0,15.6,Muscle Gain,2,30,Beginner,1,1,1,1,1,1,52.12,22.56,15.7,2176,2120,163,272,48,54,30,300,1000,4,Normal
289,22,Male,152,52,22.51,Normal,2.0,15.6,Muscle Gain,2,30,Beginner,1,1,1,1,1,2,52.24,22.61,15.7,2176,2120,163,272,48,54,30,300,1000,4,Normal
289,22,Male,152,52,22.51,Normal,2.0,15.6,Muscle Gain,2,30,Beginner,1,1,1,1,1,3,52.3,22.64,15.7,2176,2120,163,272,48,54,30,300,1000,4,Normal
289,22,Male,152,52,22.51,Normal,2.0,15.6,Muscle Gain,2,30,Beginner,1,1,1,1,1,4,52.39,22.68,15.5,2182,2133,163,272,48,54,30,300,1000,4,Normal
289,22,Male,152,52,22.51,Normal,2.0,15.6,Muscle Gain,2,30,Beginner,1,1,1,1,1,5,52.63,22.78,15.5,2182,2133,163,272,48,54,30,300,1000,4,Normal
289,22,Male,152,52,22.51,Normal,2.0,15.6,Muscle Gain,2,30,Beginner,1,1,1,1,1,6,52.69,22.81,15.3,2182,2133,163,272,48,54,30,300,1000,4,Normal
289,22,Male,152,52,22.51,Normal,2.0,15.6,Muscle Gain,2,30,Beginner,1,1,1,1,1,7,52.79,22.85,15.1,2182,2133,163,272,48,54,30,300,1000,4,Normal
289,22,Male,152,52,22.51,Normal,2.0,15.6,Muscle Gain,2,30,Beginner,1,1,1,1,1,8,52.92,22.91,15.1,2189,2152,164,273,48,54,30,300,1000,4,Normal
289,22,Male,152,52,22.51,Normal,2.0,15.6,Muscle Gain,2,30,Beginner,1,1,1,1,1,9,53.06,22.97,14.8,2189,2152,164,273,48,54,30,300,1000,4,Normal
289,22,Male,152,52,22.51,Normal,2.0,15.6,Muscle Gain,2,30,Beginner,1,1,1,1,1,10,53.14,23.0,14.9,2189,2152,164,273,48,54,30,300,1000,4,Normal
289,22,Male,152,52,22.51,Normal,2.0,15.6,Muscle Gain,2,30,Beginner,1,1,1,1,1,11,53.32,23.08,14.6,2189,2152,164,273,48,54,30,300,1000,4,Normal
289,22,Male,152,52,22.51,Normal,2.0,15.6,Muscle Gain,2,30,Beginner,1,1,1,1,1,12,53.55,23.18,14.4,2198,2174,164,274,48,54,30,300,1000,4,Normal
290,31,Male,190,126,34.9,Obese,5.0,36.3,Weight Loss,3,45,Advanced,1,0,1,0,1,0,126.0,34.9,36.3,2659,4860,265,199,88,66,37,300,1000,5,Obese
290,31,Male,190,126,34.9,Obese,5.0,36.3,Weight Loss,3,45,Advanced,1,0,1,0,1,1,125.33,34.72,35.9,2659,4860,265,199,88,66,37,300,1000,5,Obese
290,31,Male,190,126,34.9,Obese,5.0,36.3,Weight Loss,3,45,Advanced,1,0,1,0,1,2,124.58,34.51,35.6,2659,4860,265,199,88,66,37,300,1000,5,Obese
290,31,Male,190,126,34.9,Obese,5.0,36.3,Weight Loss,3,45,Advanced,1,0,1,0,1,3,123.77,34.29,35.1,2659,4860,265,199,88,66,37,300,1000,5,Obese
290,31,Male,190,126,34.9,Obese,5.0,36.3,Weight Loss,3,45,Advanced,1,0,1,0,1,4,123.21,34.13,34.4,2620,4762,262,196,87,65,36,300,1000,5,Obese
290,31,Male,190,126,34.9,Obese,5.0,36.3,Weight Loss,3,45,Advanced,1,0,1,0,1,5,122.16,33.84,33.7,2620,4762,262,196,87,65,36,300,1000,5,Obese
290,31,Male,190,126,34.9,Obese,5.0,36.3,Weight Loss,3,45,Advanced,1,0,1,0,1,6,121.62,33.69,32.9,2620,4762,262,196,87,65,36,300,1000,5,Obese
290,31,Male,190,126,34.9,Obese,5.0,36.3,Weight Loss,3,45,Advanced,1,0,1,0,1,7,120.76,33.45,32.3,2620,4762,262,196,87,65,36,300,1000,5,Obese
290,31,Male,190,126,34.9,Obese,5.0,36.3,Weight Loss,3,45,Advanced,1,0,1,0,1,8,120.13,33.28,31.8,2578,4654,257,193,85,64,36,300,1000,5,Obese
290,31,Male,190,126,34.9,Obese,5.0,36.3,Weight Loss,3,45,Advanced,1,0,1,0,1,9,119.35,33.06,31.5,2578,4654,257,193,85,64,36,300,1000,5,Obese
290,31,Male,190,126,34.9,Obese,5.0,36.3,Weight Loss,3,45,Advanced,1,0,1,0,1,10,118.82,32.91,31.1,2578,4654,257,193,85,64,36,300,1000,5,Obese
290,31,Male,190,126,34.9,Obese,5.0,36.3,Weight Loss,3,45,Advanced,1,0,1,0,1,11,117.21,32.47,30.8,2578,4654,257,193,85,64,36,300,1000,5,Obese
290,31,Male,190,126,34.9,Obese,5.0,36.3,Weight Loss,3,45,Advanced,1,0,1,0,1,12,116.64,32.31,30.1,2530,4532,253,189,84,63,35,300,1000,5,Obese
291,49,Female,194,90,23.91,Normal,5.0,30.5,Muscle Gain,3,60,Intermediate,1,0,1,0,0,0,90.0,23.91,30.5,2646,3750,198,330,58,66,37,300,1000,5,Normal
291,49,Female,194,90,23.91,Normal,5.0,30.5,Muscle Gain,3,60,Intermediate,1,0,1,0,0,1,90.11,23.94,30.3,2646,3750,198,330,58,66,37,300,1000,5,Normal
291,49,Female,194,90,23.91,Normal,5.0,30.5,Muscle Gain,3,60,Intermediate,1,0,1,0,0,2,90.29,23.99,30.0,2646,3750,198,330,58,66,37,300,1000,5,Normal
291,49,Female,194,90,23.91,Normal,5.0,30.5,Muscle Gain,3,60,Intermediate,1,0,1,0,0,3,90.37,24.01,30.0,2646,3750,198,330,58,66,37,300,1000,5,Normal
291,49,Female,194,90,23.91,Normal,5.0,30.5,Muscle Gain,3,60,Intermediate,1,0,1,0,0,4,90.46,24.04,29.9,2652,3766,198,331,58,66,37,300,1000,5,Normal
291,49,Female,194,90,23.91,Normal,5.0,30.5,Muscle Gain,3,60,Intermediate,1,0,1,0,0,5,90.57,24.07,29.6,2652,3766,198,331,58,66,37,300,1000,5,Normal
291,49,Female,194,90,23.91,Normal,5.0,30.5,Muscle Gain,3,60,Intermediate,1,0,1,0,0,6,90.8,24.13,29.5,2652,3766,198,331,58,66,37,300,1000,5,Normal
291,49,Female,194,90,23.91,Normal,5.0,30.5,Muscle Gain,3,60,Intermediate,1,0,1,0,0,7,90.93,24.16,29.4,2652,3766,198,331,58,66,37,300,1000,5,Normal
291,49,Female,194,90,23.91,Normal,5.0,30.5,Muscle Gain,3,60,Intermediate,1,0,1,0,0,8,90.96,24.17,29.3,2659,3783,199,332,59,66,37,300,1000,5,Normal
291,49,Female,194,90,23.91,Normal,5.0,30.5,Muscle Gain,3,60,Intermediate,1,0,1,0,0,9,91.04,24.19,29.2,2659,3783,199,332,59,66,37,300,1000,5,Normal
291,49,Female,194,90,23.91,Normal,5.0,30.5,Muscle Gain,3,60,Intermediate,1,0,1,0,0,10,91.25,24.24,29.2,2659,3783,199,332,59,66,37,300,1000,5,Normal
291,49,Female,194,90,23.91,Normal,5.0,30.5,Muscle Gain,3,60,Intermediate,1,0,1,0,0,11,91.54,24.32,29.1,2659,3783,199,332,59,66,37,300,1000,5,Normal
291,49,Female,194,90,23.91,Normal,5.0,30.5,Muscle Gain,3,60,Intermediate,1,0,1,0,0,12,91.66,24.35,29.0,2669,3808,200,333,59,66,37,300,1000,5,Normal
292,24,Female,167,95,34.06,Obese,5.0,40.1,Weight Loss,3,60,Intermediate,0,0,0,0,1,0,95.0,34.06,40.1,1855,3925,185,139,61,46,25,300,1000,4,Obese
292,24,Female,167,95,34.06,Obese,5.0,40.1,Weight Loss,3,60,Intermediate,0,0,0,0,1,1,94.05,33.72,39.5,1855,3925,185,139,61,46,25,300,1000,4,Obese
292,24,Female,167,95,34.06,Obese,5.0,40.1,Weight Loss,3,60,Intermediate,0,0,0,0,1,2,93.72,33.6,38.9,1855,3925,185,139,61,46,25,300,1000,4,Obese
292,24,Female,167,95,34.06,Obese,5.0,40.1,Weight Loss,3,60,Intermediate,0,0,0,0,1,3,92.65,33.22,38.2,1855,3925,185,139,61,46,25,300,1000,4,Obese
292,24,Female,167,95,34.06,Obese,5.0,40.1,Weight Loss,3,60,Intermediate,0,0,0,0,1,4,92.4,33.13,37.5,1819,3834,181,136,60,45,25,300,1000,4,Obese
292,24,Female,167,95,34.06,Obese,5.0,40.1,Weight Loss,3,60,Intermediate,0,0,0,0,1,5,92.18,33.05,36.7,1819,3834,181,136,60,45,25,300,1000,4,Obese
292,24,Female,167,95,34.06,Obese,5.0,40.1,Weight Loss,3,60,Intermediate,0,0,0,0,1,6,91.34,32.75,36.1,1819,3834,181,136,60,45,25,300,1000,4,Obese
292,24,Female,167,95,34.06,Obese,5.0,40.1,Weight Loss,3,60,Intermediate,0,0,0,0,1,7,90.54,32.46,35.5,1819,3834,181,136,60,45,25,300,1000,4,Obese
292,24,Female,167,95,34.06,Obese,5.0,40.1,Weight Loss,3,60,Intermediate,0,0,0,0,1,8,89.91,32.24,35.0,1784,3746,178,133,59,44,24,300,1000,4,Obese
292,24,Female,167,95,34.06,Obese,5.0,40.1,Weight Loss,3,60,Intermediate,0,0,0,0,1,9,88.85,31.86,34.5,1784,3746,178,133,59,44,24,300,1000,4,Obese
292,24,Female,167,95,34.06,Obese,5.0,40.1,Weight Loss,3,60,Intermediate,0,0,0,0,1,10,88.49,31.73,33.9,1784,3746,178,133,59,44,24,300,1000,4,Obese
292,24,Female,167,95,34.06,Obese,5.0,40.1,Weight Loss,3,60,Intermediate,0,0,0,0,1,11,88.14,31.61,33.3,1784,3746,178,133,59,44,24,300,1000,4,Obese
292,24,Female,167,95,34.06,Obese,5.0,40.1,Weight Loss,3,60,Intermediate,0,0,0,0,1,12,87.69,31.44,32.6,1754,3669,175,131,58,43,24,300,1000,4,Obese
293,21,Male,196,122,31.76,Obese,4.0,26.1,Weight Loss,2,90,Advanced,1,0,0,1,0,0,122.0,31.76,26.1,2724,5170,272,204,90,68,38,300,1000,5,Obese
293,21,Male,196,122,31.76,Obese,4.0,26.1,Weight Loss,2,90,Advanced,1,0,0,1,0,1,121.43,31.61,25.5,2724,5170,272,204,90,68,38,300,1000,5,Obese
293,21,Male,196,122,31.76,Obese,4.0,26.1,Weight Loss,2,90,Advanced,1,0,0,1,0,2,120.7,31.42,24.8,2724,5170,272,204,90,68,38,300,1000,5,Obese
293,21,Male,196,122,31.76,Obese,4.0,26.1,Weight Loss,2,90,Advanced,1,0,0,1,0,3,120.36,31.33,24.3,2724,5170,272,204,90,68,38,300,1000,5,Obese
293,21,Male,196,122,31.76,Obese,4.0,26.1,Weight Loss,2,90,Advanced,1,0,0,1,0,4,119.45,31.09,23.9,2689,5080,268,201,89,67,37,300,1000,5,Obese
293,21,Male,196,122,31.76,Obese,4.0,26.1,Weight Loss,2,90,Advanced,1,0,0,1,0,5,118.74,30.91,23.2,2689,5080,268,201,89,67,37,300,1000,5,Obese
293,21,Male,196,122,31.76,Obese,4.0,26.1,Weight Loss,2,90,Advanced,1,0,0,1,0,6,117.65,30.62,22.8,2689,5080,268,201,89,67,37,300,1000,5,Obese
293,21,Male,196,122,31.76,Obese,4.0,26.1,Weight Loss,2,90,Advanced,1,0,0,1,0,7,116.33,30.28,22.4,2689,5080,268,201,89,67,37,300,1000,5,Obese
293,21,Male,196,122,31.76,Obese,4.0,26.1,Weight Loss,2,90,Advanced,1,0,0,1,0,8,115.43,30.05,22.1,2634,4940,263,197,87,65,36,300,1000,5,Obese
293,21,Male,196,122,31.76,Obese,4.0,26.1,Weight Loss,2,90,Advanced,1,0,0,1,0,9,114.83,29.89,21.5,2634,4940,263,197,87,65,36,300,1000,5,Overweight
293,21,Male,196,122,31.76,Obese,4.0,26.1,Weight Loss,2,90,Advanced,1,0,0,1,0,10,114.47,29.8,20.7,2634,4940,263,197,87,65,36,300,1000,5,Overweight
293,21,Male,196,122,31.76,Obese,4.0,26.1,Weight Loss,2,90,Advanced,1,0,0,1,0,11,113.13,29.45,20.4,2634,4940,263,197,87,65,36,300,1000,5,Overweight
293,21,Male,196,122,31.76,Obese,4.0,26.1,Weight Loss,2,90,Advanced,1,0,0,1,0,12,112.57,29.3,20.0,2594,4839,259,194,86,64,36,300,1000,5,Overweight
294,20,Male,185,101,29.51,Overweight,3.0,23.9,Weight Loss,5,90,Advanced,0,0,0,0,1,0,101.0,29.51,23.9,2710,4435,271,203,90,67,37,300,1000,5,Overweight
294,20,Male,185,101,29.51,Overweight,3.0,23.9,Weight Loss,5,90,Advanced,0,0,0,0,1,1,100.5,29.37,23.5,2710,4435,271,203,90,67,37,300,1000,5,Overweight
294,20,Male,185,101,29.51,Overweight,3.0,23.9,Weight Loss,5,90,Advanced,0,0,0,0,1,2,100.06,29.23,22.9,2710,4435,271,203,90,67,37,300,1000,5,Overweight
294,20,Male,185,101,29.51,Overweight,3.0,23.9,Weight Loss,5,90,Advanced,0,0,0,0,1,3,99.02,28.93,22.2,2710,4435,271,203,90,67,37,300,1000,5,Overweight
294,20,Male,185,101,29.51,Overweight,3.0,23.9,Weight Loss,5,90,Advanced,0,0,0,0,1,4,98.51,28.78,21.5,2671,4347,267,200,89,66,37,300,1000,5,Overweight
294,20,Male,185,101,29.51,Overweight,3.0,23.9,Weight Loss,5,90,Advanced,0,0,0,0,1,5,97.53,28.5,21.2,2671,4347,267,200,89,66,37,300,1000,5,Overweight
294,20,Male,185,101,29.51,Overweight,3.0,23.9,Weight Loss,5,90,Advanced,0,0,0,0,1,6,96.61,28.23,20.8,2671,4347,267,200,89,66,37,300,1000,5,Overweight
294,20,Male,185,101,29.51,Overweight,3.0,23.9,Weight Loss,5,90,Advanced,0,0,0,0,1,7,96.58,28.22,20.3,2671,4347,267,200,89,66,37,300,1000,5,Overweight
294,20,Male,185,101,29.51,Overweight,3.0,23.9,Weight Loss,5,90,Advanced,0,0,0,0,1,8,96.19,28.1,19.9,2635,4266,263,197,87,65,36,300,1000,5,Overweight
294,20,Male,185,101,29.51,Overweight,3.0,23.9,Weight Loss,5,90,Advanced,0,0,0,0,1,9,95.86,28.01,19.2,2635,4266,263,197,87,65,36,300,1000,5,Overweight
294,20,Male,185,101,29.51,Overweight,3.0,23.9,Weight Loss,5,90,Advanced,0,0,0,0,1,10,94.84,27.71,18.5,2635,4266,263,197,87,65,36,300,1000,5,Overweight
294,20,Male,185,101,29.51,Overweight,3.0,23.9,Weight Loss,5,90,Advanced,0,0,0,0,1,11,94.67,27.66,17.7,2635,4266,263,197,87,65,36,300,1000,5,Overweight
294,20,Male,185,101,29.51,Overweight,3.0,23.9,Weight Loss,5,90,Advanced,0,0,0,0,1,12,94.03,27.47,17.4,2602,4190,260,195,86,65,36,300,1000,5,Overweight
295,22,Female,196,71,18.48,Underweight,3.0,18.6,Muscle Gain,4,60,Intermediate,1,0,0,0,1,0,71.0,18.48,18.6,2879,3085,215,359,63,71,40,300,1000,5,Underweight
295,22,Female,196,71,18.48,Underweight,3.0,18.6,Muscle Gain,4,60,Intermediate,1,0,0,0,1,1,71.23,18.54,18.7,2879,3085,215,359,63,71,40,300,1000,5,Normal
295,22,Female,196,71,18.48,Underweight,3.0,18.6,Muscle Gain,4,60,Intermediate,1,0,0,0,1,2,71.48,18.61,18.7,2879,3085,215,359,63,71,40,300,1000,5,Normal
295,22,Female,196,71,18.48,Underweight,3.0,18.6,Muscle Gain,4,60,Intermediate,1,0,0,0,1,3,71.55,18.63,18.6,2879,3085,215,359,63,71,40,300,1000,5,Normal
295,22,Female,196,71,18.48,Underweight,3.0,18.6,Muscle Gain,4,60,Intermediate,1,0,0,0,1,4,71.63,18.64,18.6,2888,3106,216,361,64,72,40,300,1000,5,Normal
295,22,Female,196,71,18.48,Underweight,3.0,18.6,Muscle Gain,4,60,Intermediate,1,0,0,0,1,5,71.71,18.67,18.6,2888,3106,216,361,64,72,40,300,1000,5,Normal
295,22,Female,196,71,18.48,Underweight,3.0,18.6,Muscle Gain,4,60,Intermediate,1,0,0,0,1,6,71.95,18.73,18.6,2888,3106,216,361,64,72,40,300,1000,5,Normal
295,22,Female,196,71,18.48,Underweight,3.0,18.6,Muscle Gain,4,60,Intermediate,1,0,0,0,1,7,72.11,18.77,18.4,2888,3106,216,361,64,72,40,300,1000,5,Normal
295,22,Female,196,71,18.48,Underweight,3.0,18.6,Muscle Gain,4,60,Intermediate,1,0,0,0,1,8,72.3,18.82,18.5,2899,3130,217,362,64,72,40,300,1000,5,Normal
295,22,Female,196,71,18.48,Underweight,3.0,18.6,Muscle Gain,4,60,Intermediate,1,0,0,0,1,9,72.4,18.85,18.4,2899,3130,217,362,64,72,40,300,1000,5,Normal
295,22,Female,196,71,18.48,Underweight,3.0,18.6,Muscle Gain,4,60,Intermediate,1,0,0,0,1,10,72.42,18.85,18.2,2899,3130,217,362,64,72,40,300,1000,5,Normal
295,22,Female,196,71,18.48,Underweight,3.0,18.6,Muscle Gain,4,60,Intermediate,1,0,0,0,1,11,72.59,18.9,18.0,2899,3130,217,362,64,72,40,300,1000,5,Normal
295,22,Female,196,71,18.48,Underweight,3.0,18.6,Muscle Gain,4,60,Intermediate,1,0,0,0,1,12,72.8,18.95,17.9,2907,3147,218,363,64,72,40,300,1000,5,Normal
296,48,Male,171,69,23.6,Normal,3.0,23.7,Maintain,3,45,Intermediate,1,1,0,1,1,0,69.0,23.6,23.7,2095,2865,157,209,69,52,29,300,1000,4,Normal
296,48,Male,171,69,23.6,Normal,3.0,23.7,Maintain,3,45,Intermediate,1,1,0,1,1,1,68.51,23.43,23.6,2095,2865,157,209,69,52,29,300,1000,4,Normal
296,48,Male,171,69,23.6,Normal,3.0,23.7,Maintain,3,45,Intermediate,1,1,0,1,1,2,68.13,23.3,23.5,2095,2865,157,209,69,52,29,300,1000,4,Normal
296,48,Male,171,69,23.6,Normal,3.0,23.7,Maintain,3,45,Intermediate,1,1,0,1,1,3,67.71,23.15,23.5,2095,2865,157,209,69,52,29,300,1000,4,Normal
296,48,Male,171,69,23.6,Normal,3.0,23.7,Maintain,3,45,Intermediate,1,1,0,1,1,4,67.4,23.05,23.4,2073,2808,155,207,69,51,29,300,1000,4,Normal
296,48,Male,171,69,23.6,Normal,3.0,23.7,Maintain,3,45,Intermediate,1,1,0,1,1,5,67.76,23.17,23.4,2073,2808,155,207,69,51,29,300,1000,4,Normal
296,48,Male,171,69,23.6,Normal,3.0,23.7,Maintain,3,45,Intermediate,1,1,0,1,1,6,68.17,23.31,23.4,2073,2808,155,207,69,51,29,300,1000,4,Normal
296,48,Male,171,69,23.6,Normal,3.0,23.7,Maintain,3,45,Intermediate,1,1,0,1,1,7,68.07,23.28,23.5,2073,2808,155,207,69,51,29,300,1000,4,Normal
296,48,Male,171,69,23.6,Normal,3.0,23.7,Maintain,3,45,Intermediate,1,1,0,1,1,8,67.65,23.13,23.3,2076,2817,155,207,69,51,29,300,1000,4,Normal
296,48,Male,171,69,23.6,Normal,3.0,23.7,Maintain,3,45,Intermediate,1,1,0,1,1,9,67.8,23.19,23.3,2076,2817,155,207,69,51,29,300,1000,4,Normal
296,48,Male,171,69,23.6,Normal,3.0,23.7,Maintain,3,45,Intermediate,1,1,0,1,1,10,68.09,23.29,23.5,2076,2817,155,207,69,51,29,300,1000,4,Normal
296,48,Male,171,69,23.6,Normal,3.0,23.7,Maintain,3,45,Intermediate,1,1,0,1,1,11,67.98,23.25,23.5,2076,2817,155,207,69,51,29,300,1000,4,Normal
296,48,Male,171,69,23.6,Normal,3.0,23.7,Maintain,3,45,Intermediate,1,1,0,1,1,12,67.98,23.25,23.7,2081,2829,156,208,69,52,29,300,1000,4,Normal
297,46,Male,183,68,20.31,Normal,2.0,13.9,Muscle Gain,3,60,Intermediate,1,0,0,0,1,0,68.0,20.31,13.9,2498,2980,187,312,55,62,34,300,1000,5,Normal
297,46,Male,183,68,20.31,Normal,2.0,13.9,Muscle Gain,3,60,Intermediate,1,0,0,0,1,1,68.24,20.38,13.7,2498,2980,187,312,55,62,34,300,1000,5,Normal
297,46,Male,183,68,20.31,Normal,2.0,13.9,Muscle Gain,3,60,Intermediate,1,0,0,0,1,2,68.34,20.41,13.5,2498,2980,187,312,55,62,34,300,1000,5,Normal
297,46,Male,183,68,20.31,Normal,2.0,13.9,Muscle Gain,3,60,Intermediate,1,0,0,0,1,3,68.41,20.43,13.6,2498,2980,187,312,55,62,34,300,1000,5,Normal
297,46,Male,183,68,20.31,Normal,2.0,13.9,Muscle Gain,3,60,Intermediate,1,0,0,0,1,4,68.57,20.48,13.4,2506,2999,187,313,55,62,35,300,1000,5,Normal
297,46,Male,183,68,20.31,Normal,2.0,13.9,Muscle Gain,3,60,Intermediate,1,0,0,0,1,5,68.63,20.49,13.3,2506,2999,187,313,55,62,35,300,1000,5,Normal
297,46,Male,183,68,20.31,Normal,2.0,13.9,Muscle Gain,3,60,Intermediate,1,0,0,0,1,6,68.77,20.54,13.0,2506,2999,187,313,55,62,35,300,1000,5,Normal
297,46,Male,183,68,20.31,Normal,2.0,13.9,Muscle Gain,3,60,Intermediate,1,0,0,0,1,7,68.78,20.54,12.9,2506,2999,187,313,55,62,35,300,1000,5,Normal
297,46,Male,183,68,20.31,Normal,2.0,13.9,Muscle Gain,3,60,Intermediate,1,0,0,0,1,8,69.01,20.61,12.7,2512,3015,188,314,55,62,35,300,1000,5,Normal
297,46,Male,183,68,20.31,Normal,2.0,13.9,Muscle Gain,3,60,Intermediate,1,0,0,0,1,9,69.2,20.66,12.5,2512,3015,188,314,55,62,35,300,1000,5,Normal
297,46,Male,183,68,20.31,Normal,2.0,13.9,Muscle Gain,3,60,Intermediate,1,0,0,0,1,10,69.33,20.7,12.3,2512,3015,188,314,55,62,35,300,1000,5,Normal
297,46,Male,183,68,20.31,Normal,2.0,13.9,Muscle Gain,3,60,Intermediate,1,0,0,0,1,11,69.34,20.71,12.2,2512,3015,188,314,55,62,35,300,1000,5,Normal
297,46,Male,183,68,20.31,Normal,2.0,13.9,Muscle Gain,3,60,Intermediate,1,0,0,0,1,12,69.37,20.71,12.0,2517,3027,188,314,55,62,35,300,1000,5,Normal
298,32,Male,196,88,22.91,Normal,3.0,18.8,Muscle Gain,3,60,Intermediate,1,1,1,1,1,0,88.0,22.91,18.8,2981,3680,223,372,66,74,41,300,1000,5,Normal
298,32,Male,196,88,22.91,Normal,3.0,18.8,Muscle Gain,3,60,Intermediate,1,1,1,1,1,1,88.05,22.92,18.9,2981,3680,223,372,66,74,41,300,1000,5,Normal
298,32,Male,196,88,22.91,Normal,3.0,18.8,Muscle Gain,3,60,Intermediate,1,1,1,1,1,2,88.19,22.96,18.7,2981,3680,223,372,66,74,41,300,1000,5,Normal
298,32,Male,196,88,22.91,Normal,3.0,18.8,Muscle Gain,3,60,Intermediate,1,1,1,1,1,3,88.39,23.01,18.5,2981,3680,223,372,66,74,41,300,1000,5,Normal
298,32,Male,196,88,22.91,Normal,3.0,18.8,Muscle Gain,3,60,Intermediate,1,1,1,1,1,4,88.59,23.06,18.5,2989,3700,224,373,66,74,41,300,1000,5,Normal
298,32,Male,196,88,22.91,Normal,3.0,18.8,Muscle Gain,3,60,Intermediate,1,1,1,1,1,5,88.84,23.13,18.5,2989,3700,224,373,66,74,41,300,1000,5,Normal
298,32,Male,196,88,22.91,Normal,3.0,18.8,Muscle Gain,3,60,Intermediate,1,1,1,1,1,6,89.06,23.18,18.4,2989,3700,224,373,66,74,41,300,1000,5,Normal
298,32,Male,196,88,22.91,Normal,3.0,18.8,Muscle Gain,3,60,Intermediate,1,1,1,1,1,7,89.34,23.25,18.5,2989,3700,224,373,66,74,41,300,1000,5,Normal
298,32,Male,196,88,22.91,Normal,3.0,18.8,Muscle Gain,3,60,Intermediate,1,1,1,1,1,8,89.54,23.31,18.3,3002,3733,225,375,66,75,42,300,1000,5,Normal
298,32,Male,196,88,22.91,Normal,3.0,18.8,Muscle Gain,3,60,Intermediate,1,1,1,1,1,9,89.65,23.34,18.1,3002,3733,225,375,66,75,42,300,1000,5,Normal
298,32,Male,196,88,22.91,Normal,3.0,18.8,Muscle Gain,3,60,Intermediate,1,1,1,1,1,10,89.79,23.37,18.1,3002,3733,225,375,66,75,42,300,1000,5,Normal
298,32,Male,196,88,22.91,Normal,3.0,18.8,Muscle Gain,3,60,Intermediate,1,1,1,1,1,11,89.89,23.4,17.9,3002,3733,225,375,66,75,42,300,1000,5,Normal
298,32,Male,196,88,22.91,Normal,3.0,18.8,Muscle Gain,3,60,Intermediate,1,1,1,1,1,12,90.0,23.43,17.9,3008,3750,225,376,66,75,42,300,1000,5,Normal
299,29,Female,157,84,34.08,Obese,5.0,41.1,Weight Loss,4,30,Intermediate,1,0,0,0,0,0,84.0,34.08,41.1,1848,3240,184,138,61,46,25,300,1000,4,Obese
299,29,Female,157,84,34.08,Obese,5.0,41.1,Weight Loss,4,30,Intermediate,1,0,0,0,0,1,82.89,33.63,40.4,1848,3240,184,138,61,46,25,300,1000,4,Obese
299,29,Female,157,84,34.08,Obese,5.0,41.1,Weight Loss,4,30,Intermediate,1,0,0,0,0,2,82.53,33.48,39.7,1848,3240,184,138,61,46,25,300,1000,4,Obese
299,29,Female,157,84,34.08,Obese,5.0,41.1,Weight Loss,4,30,Intermediate,1,0,0,0,0,3,82.15,33.33,39.4,1848,3240,184,138,61,46,25,300,1000,4,Obese
299,29,Female,157,84,34.08,Obese,5.0,41.1,Weight Loss,4,30,Intermediate,1,0,0,0,0,4,81.5,33.06,39.1,1809,3152,180,135,60,45,25,300,1000,4,Obese
299,29,Female,157,84,34.08,Obese,5.0,41.1,Weight Loss,4,30,Intermediate,1,0,0,0,0,5,81.03,32.87,38.6,1809,3152,180,135,60,45,25,300,1000,4,Obese
299,29,Female,157,84,34.08,Obese,5.0,41.1,Weight Loss,4,30,Intermediate,1,0,0,0,0,6,80.42,32.63,38.2,1809,3152,180,135,60,45,25,300,1000,4,Obese
299,29,Female,157,84,34.08,Obese,5.0,41.1,Weight Loss,4,30,Intermediate,1,0,0,0,0,7,79.97,32.44,37.6,1809,3152,180,135,60,45,25,300,1000,4,Obese
299,29,Female,157,84,34.08,Obese,5.0,41.1,Weight Loss,4,30,Intermediate,1,0,0,0,0,8,79.73,32.35,36.9,1782,3090,178,133,59,44,24,300,1000,4,Obese
299,29,Female,157,84,34.08,Obese,5.0,41.1,Weight Loss,4,30,Intermediate,1,0,0,0,0,9,78.86,31.99,36.5,1782,3090,178,133,59,44,24,300,1000,4,Obese
299,29,Female,157,84,34.08,Obese,5.0,41.1,Weight Loss,4,30,Intermediate,1,0,0,0,0,10,78.75,31.95,36.0,1782,3090,178,133,59,44,24,300,1000,4,Obese
299,29,Female,157,84,34.08,Obese,5.0,41.1,Weight Loss,4,30,Intermediate,1,0,0,0,0,11,78.32,31.78,35.4,1782,3090,178,133,59,44,24,300,1000,4,Obese
299,29,Female,157,84,34.08,Obese,5.0,41.1,Weight Loss,4,30,Intermediate,1,0,0,0,0,12,77.66,31.51,34.6,1750,3018,175,131,58,43,24,300,1000,4,Obese
300,46,Female,189,69,19.32,Normal,4.0,27.5,Maintain,4,45,Intermediate,1,0,1,0,1,0,69.0,19.32,27.5,2294,2865,172,229,76,57,32,300,1000,5,Normal
300,46,Female,189,69,19.32,Normal,4.0,27.5,Maintain,4,45,Intermediate,1,0,1,0,1,1,69.49,19.45,27.3,2294,2865,172,229,76,57,32,300,1000,5,Normal
300,46,Female,189,69,19.32,Normal,4.0,27.5,Maintain,4,45,Intermediate,1,0,1,0,1,2,69.65,19.5,27.3,2294,2865,172,229,76,57,32,300,1000,5,Normal
300,46,Female,189,69,19.32,Normal,4.0,27.5,Maintain,4,45,Intermediate,1,0,1,0,1,3,69.79,19.54,27.2,2294,2865,172,229,76,57,32,300,1000,5,Normal
300,46,Female,189,69,19.32,Normal,4.0,27.5,Maintain,4,45,Intermediate,1,0,1,0,1,4,69.97,19.59,27.3,2309,2898,173,230,76,57,32,300,1000,5,Normal
300,46,Female,189,69,19.32,Normal,4.0,27.5,Maintain,4,45,Intermediate,1,0,1,0,1,5,70.16,19.64,27.1,2309,2898,173,230,76,57,32,300,1000,5,Normal
300,46,Female,189,69,19.32,Normal,4.0,27.5,Maintain,4,45,Intermediate,1,0,1,0,1,6,70.32,19.68,27.1,2309,2898,173,230,76,57,32,300,1000,5,Normal
300,46,Female,189,69,19.32,Normal,4.0,27.5,Maintain,4,45,Intermediate,1,0,1,0,1,7,69.84,19.55,27.0,2309,2898,173,230,76,57,32,300,1000,5,Normal
300,46,Female,189,69,19.32,Normal,4.0,27.5,Maintain,4,45,Intermediate,1,0,1,0,1,8,69.78,19.53,27.0,2306,2892,172,230,76,57,32,300,1000,5,Normal
300,46,Female,189,69,19.32,Normal,4.0,27.5,Maintain,4,45,Intermediate,1,0,1,0,1,9,69.98,19.59,26.9,2306,2892,172,230,76,57,32,300,1000,5,Normal
300,46,Female,189,69,19.32,Normal,4.0,27.5,Maintain,4,45,Intermediate,1,0,1,0,1,10,69.8,19.54,26.8,2306,2892,172,230,76,57,32,300,1000,5,Normal
300,46,Female,189,69,19.32,Normal,4.0,27.5,Maintain,4,45,Intermediate,1,0,1,0,1,11,69.98,19.59,26.8,2306,2892,172,230,76,57,32,300,1000,5,Normal
300,46,Female,189,69,19.32,Normal,4.0,27.5,Maintain,4,45,Intermediate,1,0,1,0,1,12,69.83,19.55,26.9,2307,2894,173,230,76,57,32,300,1000,5,Normal
